rank;time_s;freq_from_hz;freq_to_hz;energy
1;4.100;150;200;2.60850171e+04
2;4.000;150;200;2.05022769e+04
3;14.100;100;150;1.25375186e+04
4;5.000;350;400;1.11520154e+04
5;4.200;150;200;1.10120404e+04
6;14.200;100;150;1.08867335e+04
7;14.100;300;350;8.40304725e+03
8;14.300;100;150;7.91844096e+03
9;13.100;300;350;6.55548885e+03
10;14.200;300;350;6.50218926e+03
11;14.300;150;200;6.07310317e+03
12;5.100;350;400;5.71420584e+03
13;14.000;300;350;5.65880216e+03
14;4.300;150;200;5.56575334e+03
15;14.100;50;100;5.49415305e+03
16;5.000;400;450;5.22961101e+03
17;14.000;100;150;5.16169114e+03
18;14.400;150;200;4.84358815e+03
19;13.200;300;350;4.68168408e+03
20;14.400;100;150;4.15196008e+03
21;14.000;50;100;4.11819694e+03
22;14.200;50;100;4.11004066e+03
23;13.000;300;350;4.09027580e+03
24;14.300;300;350;4.07880579e+03
25;12.600;150;200;4.00610069e+03
26;12.500;150;200;3.80915573e+03
27;12.300;100;150;3.55873476e+03
28;5.200;350;400;3.33660215e+03
29;9.000;250;300;3.33310916e+03
30;14.300;50;100;3.26840041e+03
31;4.400;150;200;3.12289641e+03
32;14.100;400;450;3.06040360e+03
33;8.100;50;100;2.93941551e+03
34;9.000;300;350;2.93465746e+03
35;9.100;300;350;2.77582697e+03
36;5.100;400;450;2.71454521e+03
37;14.200;400;450;2.68941406e+03
38;8.200;100;150;2.67713580e+03
39;12.200;100;150;2.67418041e+03
40;8.500;150;200;2.66930138e+03
41;4.800;300;350;2.61562270e+03
42;12.400;100;150;2.58129450e+03
43;14.400;300;350;2.56084769e+03
44;13.300;300;350;2.33086575e+03
45;15.000;100;150;2.31773529e+03
46;8.300;400;450;2.30032629e+03
47;8.600;150;200;2.24380333e+03
48;14.500;150;200;2.22521984e+03
49;12.700;150;200;2.17154420e+03
50;13.100;250;300;2.11642572e+03
51;14.500;100;150;2.08531401e+03
52;14.500;300;350;2.02860449e+03
53;4.900;300;350;2.02430106e+03
54;8.400;400;450;2.01714193e+03
55;14.300;400;450;1.95388816e+03
56;12.300;150;200;1.86413494e+03
57;13.000;250;300;1.81298083e+03
58;5.300;350;400;1.78137223e+03
59;14.400;50;100;1.70476383e+03
60;4.500;150;200;1.67975639e+03
61;1.000;350;400;1.67689666e+03
62;9.100;250;300;1.66472765e+03
63;12.200;150;200;1.66048073e+03
64;8.200;150;200;1.65095549e+03
65;5.000;300;350;1.62142753e+03
66;12.500;100;150;1.58879111e+03
67;14.500;400;450;1.57922066e+03
68;9.200;300;350;1.55315493e+03
69;8.000;50;100;1.54121605e+03
70;4.700;300;350;1.50756989e+03
71;4.000;300;350;1.50253476e+03
72;14.700;100;150;1.49121636e+03
73;14.600;100;150;1.47679928e+03
74;15.100;100;150;1.46679224e+03
75;4.000;700;750;1.45683633e+03
76;4.100;650;700;1.41924919e+03
77;4.000;50;100;1.40501119e+03
78;14.600;300;350;1.40161327e+03
79;14.400;400;450;1.39852875e+03
80;5.000;1550;1600;1.39760873e+03
81;12.100;50;100;1.35117644e+03
82;14.800;100;150;1.33793018e+03
83;14.600;400;450;1.32918564e+03
84;5.200;400;450;1.32423212e+03
85;8.200;50;100;1.32123334e+03
86;4.100;700;750;1.30776962e+03
87;8.500;400;450;1.30206349e+03
88;4.100;500;550;1.29861336e+03
89;4.000;650;700;1.28521463e+03
90;5.100;1550;1600;1.28483363e+03
91;14.200;150;200;1.28078943e+03
92;8.200;400;450;1.27240357e+03
93;14.000;400;450;1.25457101e+03
94;5.000;50;100;1.25396282e+03
95;12.400;150;200;1.23546639e+03
96;13.400;300;350;1.18601362e+03
97;8.300;50;100;1.16494795e+03
98;14.600;150;200;1.16116953e+03
99;8.300;100;150;1.15914850e+03
100;12.800;150;200;1.15583759e+03
101;14.900;100;150;1.15434816e+03
102;4.100;300;350;1.12081520e+03
103;5.400;350;400;1.11697687e+03
104;14.700;400;450;1.10823638e+03
105;12.600;100;150;1.05928852e+03
106;14.800;250;300;1.05054378e+03
107;8.000;250;300;1.01132387e+03
108;4.200;300;350;1.00749715e+03
109;8.400;150;200;9.99788034e+02
110;5.000;100;150;9.67186941e+02
111;4.000;100;150;9.60921244e+02
112;9.200;250;300;9.57898973e+02
113;13.200;250;300;9.34639341e+02
114;4.600;150;200;9.28092936e+02
115;8.700;150;200;9.26037129e+02
116;14.700;300;350;9.06290705e+02
117;4.200;500;550;9.04119555e+02
118;14.800;400;450;9.01018834e+02
119;15.200;100;150;9.00253452e+02
120;12.000;50;100;8.93670485e+02
121;4.200;650;700;8.92597106e+02
122;15.000;150;200;8.81072727e+02
123;9.300;300;350;8.78934306e+02
124;14.700;150;200;8.54811906e+02
125;14.500;50;100;8.45795072e+02
126;12.700;100;150;7.96061209e+02
127;12.900;150;200;7.93181495e+02
128;8.600;400;450;7.92684470e+02
129;4.200;700;750;7.88775724e+02
130;1.100;350;400;7.70642819e+02
131;1.000;400;450;7.68902367e+02
132;5.100;300;350;7.68793909e+02
133;8.000;100;150;7.62718482e+02
134;12.300;50;100;7.52821979e+02
135;4.000;350;400;7.47861687e+02
136;5.500;350;400;7.34397252e+02
137;12.200;50;100;7.33241442e+02
138;8.400;50;100;7.14550338e+02
139;14.900;400;450;7.12630243e+02
140;14.700;250;300;7.10313320e+02
141;4.100;350;400;7.07626223e+02
142;8.300;150;200;6.97068938e+02
143;4.300;300;350;6.93895905e+02
144;13.500;300;350;6.81324359e+02
145;5.300;400;450;6.80182329e+02
146;4.300;650;700;6.74124617e+02
147;4.000;500;550;6.71350475e+02
148;15.300;100;150;6.60515538e+02
149;4.000;850;900;6.59791899e+02
150;8.400;100;150;6.47810876e+02
151;14.600;50;100;6.26070795e+02
152;12.800;100;150;6.22911967e+02
153;12.000;250;300;6.19793153e+02
154;13.000;150;200;6.16613922e+02
155;8.900;300;350;6.11813867e+02
156;8.800;150;200;6.10672938e+02
157;4.200;350;400;6.02954508e+02
158;14.700;50;100;5.98897036e+02
159;4.300;700;750;5.93912041e+02
160;5.200;1550;1600;5.83641952e+02
161;14.800;300;350;5.79340324e+02
162;13.000;100;150;5.71578777e+02
163;4.700;150;200;5.62624733e+02
164;14.400;500;550;5.57304879e+02
165;9.400;300;350;5.57122868e+02
166;14.800;50;100;5.50112764e+02
167;15.000;50;100;5.49061539e+02
168;4.300;500;550;5.45046963e+02
169;4.400;300;350;5.32696227e+02
170;4.400;650;700;5.15838930e+02
171;4.500;250;300;5.15631418e+02
172;15.100;150;200;5.11011141e+02
173;13.300;250;300;4.82565415e+02
174;8.100;100;150;4.82329305e+02
175;12.900;100;150;4.81934624e+02
176;8.000;150;200;4.77388886e+02
177;8.900;150;200;4.76738052e+02
178;9.000;200;250;4.75939341e+02
179;12.400;400;450;4.75465443e+02
180;5.600;350;400;4.67979165e+02
181;14.900;250;300;4.63413864e+02
182;14.800;150;200;4.60685357e+02
183;9.000;150;200;4.59277413e+02
184;4.400;700;750;4.52392235e+02
185;13.100;150;200;4.51173464e+02
186;14.900;300;350;4.44190831e+02
187;0.500;250;300;4.44149431e+02
188;15.400;100;150;4.33545622e+02
189;5.400;400;450;4.29074759e+02
190;15.000;300;350;4.27403494e+02
191;4.300;350;400;4.26887632e+02
192;12.500;400;450;4.24015711e+02
193;14.100;250;300;4.20572519e+02
194;8.100;250;300;4.16593080e+02
195;9.300;250;300;4.16530779e+02
196;14.900;50;100;4.14705574e+02
197;12.000;100;150;4.12571902e+02
198;12.400;50;100;4.12195202e+02
199;13.600;300;350;3.95398485e+02
200;9.000;1050;1100;3.93828028e+02
201;12.600;400;450;3.90845216e+02
202;8.900;250;300;3.89376168e+02
203;1.200;350;400;3.89365062e+02
204;4.600;250;300;3.84779550e+02
205;5.200;300;350;3.82217158e+02
206;14.300;700;750;3.81961108e+02
207;4.100;50;100;3.78127398e+02
208;9.100;1050;1100;3.65760867e+02
209;12.200;400;450;3.65756977e+02
210;13.100;100;150;3.65221024e+02
211;12.300;400;450;3.61860511e+02
212;9.500;300;350;3.57370311e+02
213;4.500;300;350;3.55456314e+02
214;8.700;400;450;3.52970724e+02
215;15.500;100;150;3.39748688e+02
216;4.800;150;200;3.39287757e+02
217;13.000;400;450;3.35511284e+02
218;15.000;400;450;3.35437643e+02
219;14.300;350;400;3.33043746e+02
220;1.100;400;450;3.29491613e+02
221;14.300;650;700;3.29280874e+02
222;9.400;250;300;3.22736326e+02
223;4.400;350;400;3.20848575e+02
224;15.200;150;200;3.20205171e+02
225;8.500;100;150;3.19098051e+02
226;4.400;500;550;3.17602627e+02
227;8.500;50;100;3.17349875e+02
228;8.000;300;350;3.10641995e+02
229;15.000;250;300;3.10511297e+02
230;13.000;200;250;3.09967666e+02
231;5.700;350;400;3.01955723e+02
232;12.100;250;300;3.01009537e+02
233;12.100;100;150;3.00984214e+02
234;8.200;250;300;2.99461128e+02
235;12.500;50;100;2.99418991e+02
236;14.200;250;300;2.97707555e+02
237;12.500;300;350;2.91217535e+02
238;5.500;400;450;2.91172827e+02
239;13.200;150;200;2.90961426e+02
240;8.100;400;450;2.90789376e+02
241;14.900;150;200;2.86280253e+02
242;12.300;250;300;2.82918211e+02
243;15.100;50;100;2.81439599e+02
244;8.100;150;200;2.81360242e+02
245;14.000;250;300;2.80354703e+02
246;4.500;650;700;2.79788441e+02
247;9.000;1000;1050;2.79255453e+02
248;4.700;250;300;2.78153668e+02
249;15.400;400;450;2.74511095e+02
250;14.400;700;750;2.73610219e+02
251;15.300;400;450;2.72132557e+02
252;13.100;400;450;2.69791490e+02
253;14.100;500;550;2.65223060e+02
254;5.300;1550;1600;2.65075133e+02
255;12.900;400;450;2.63865119e+02
256;5.100;750;800;2.62533732e+02
257;15.600;100;150;2.62382064e+02
258;14.300;500;550;2.60314966e+02
259;8.900;100;150;2.58991029e+02
260;9.600;300;350;2.58230182e+02
261;14.400;350;400;2.57625154e+02
262;9.200;1050;1100;2.55543506e+02
263;1.300;350;400;2.55238667e+02
264;13.400;250;300;2.54047078e+02
265;9.100;1000;1050;2.53862266e+02
266;5.100;50;100;2.52788521e+02
267;15.500;400;450;2.52681529e+02
268;14.500;350;400;2.52097218e+02
269;5.000;1150;1200;2.51852119e+02
270;9.000;100;150;2.51242058e+02
271;12.500;250;300;2.50597112e+02
272;14.200;350;400;2.49845772e+02
273;4.600;300;350;2.48281373e+02
274;4.500;700;750;2.47559068e+02
275;13.100;1050;1100;2.45620657e+02
276;9.100;150;200;2.44315128e+02
277;14.600;500;550;2.41068768e+02
278;15.700;100;150;2.40688386e+02
279;4.800;250;300;2.40047394e+02
280;14.000;150;200;2.37710154e+02
281;13.700;300;350;2.35793988e+02
282;13.200;400;450;2.32553240e+02
283;12.600;300;350;2.30571122e+02
284;12.400;250;300;2.29583630e+02
285;14.400;650;700;2.25616112e+02
286;12.800;400;450;2.22949238e+02
287;4.500;350;400;2.22536378e+02
288;12.600;250;300;2.21700620e+02
289;15.600;400;450;2.21429579e+02
290;14.100;350;400;2.21379790e+02
291;15.200;400;450;2.18067515e+02
292;1.000;50;100;2.18064673e+02
293;8.700;100;150;2.15863639e+02
294;5.800;350;400;2.12085636e+02
295;0.300;400;450;2.09643726e+02
296;13.200;100;150;2.09404243e+02
297;4.600;650;700;2.08218328e+02
298;0.400;400;450;2.05152409e+02
299;12.000;150;200;2.04655990e+02
300;12.700;250;300;2.04588148e+02
301;8.600;50;100;2.03323058e+02
302;8.600;100;150;2.02253288e+02
303;15.300;150;200;2.01796420e+02
304;9.000;500;550;2.00615963e+02
305;8.100;0;50;1.99976195e+02
306;13.100;200;250;1.99539855e+02
307;4.600;700;750;1.98689615e+02
308;0.600;250;300;1.98614446e+02
309;4.500;500;550;1.96230693e+02
310;15.100;300;350;1.94913690e+02
311;12.200;250;300;1.90884253e+02
312;0.900;400;450;1.90777771e+02
313;15.200;50;100;1.89983927e+02
314;13.300;150;200;1.88228565e+02
315;9.100;200;250;1.87719319e+02
316;4.700;650;700;1.86114719e+02
317;9.000;50;100;1.84115137e+02
318;8.300;350;400;1.82690785e+02
319;5.000;150;200;1.82547560e+02
320;5.600;400;450;1.82541848e+02
321;12.100;400;450;1.82006403e+02
322;14.600;350;400;1.81189883e+02
323;8.700;200;250;1.80698410e+02
324;8.700;300;350;1.79566421e+02
325;9.100;100;150;1.78590560e+02
326;4.000;1050;1100;1.77842905e+02
327;14.500;700;750;1.77842187e+02
328;9.200;1000;1050;1.77830489e+02
329;13.300;400;450;1.77789007e+02
330;15.700;400;450;1.77423005e+02
331;8.700;50;100;1.77100089e+02
332;9.700;300;350;1.77052164e+02
333;9.200;150;200;1.77037776e+02
334;14.000;350;400;1.74749006e+02
335;7.900;100;150;1.74693794e+02
336;15.800;100;150;1.74655642e+02
337;9.100;500;550;1.73663893e+02
338;13.200;1050;1100;1.73050389e+02
339;8.800;50;100;1.72149110e+02
340;5.300;300;350;1.71366810e+02
341;9.600;250;300;1.71139847e+02
342;13.100;1000;1050;1.71017409e+02
343;13.000;50;100;1.71007693e+02
344;1.000;100;150;1.70867502e+02
345;8.400;350;400;1.70722116e+02
346;4.700;700;750;1.70371893e+02
347;12.000;300;350;1.69515212e+02
348;13.100;500;550;1.69515021e+02
349;14.200;500;550;1.69091024e+02
350;12.500;650;700;1.68915895e+02
351;9.500;250;300;1.68731182e+02
352;9.300;1050;1100;1.68153174e+02
353;4.900;250;300;1.68028775e+02
354;8.800;100;150;1.67898052e+02
355;1.200;400;450;1.64284683e+02
356;13.100;50;100;1.63711590e+02
357;4.100;1050;1100;1.63662549e+02
358;15.200;300;350;1.63511823e+02
359;13.000;1050;1100;1.60420039e+02
360;14.000;500;550;1.58407164e+02
361;9.200;100;150;1.58356403e+02
362;14.700;200;250;1.58221799e+02
363;14.300;250;300;1.57423444e+02
364;12.700;200;250;1.54778907e+02
365;12.600;500;550;1.54608377e+02
366;8.000;400;450;1.54093863e+02
367;14.500;650;700;1.53561025e+02
368;12.500;700;750;1.53179175e+02
369;4.600;350;400;1.52908241e+02
370;8.900;200;250;1.52742935e+02
371;5.100;1950;2000;1.52652875e+02
372;5.900;350;400;1.52113999e+02
373;8.500;350;400;1.50891145e+02
374;1.400;350;400;1.50378149e+02
375;15.100;250;300;1.50281753e+02
376;13.800;300;350;1.49773299e+02
377;13.300;100;150;1.49249041e+02
378;8.800;250;300;1.49032940e+02
379;13.500;250;300;1.47918386e+02
380;15.400;150;200;1.47615157e+02
381;12.700;400;450;1.44280563e+02
382;14.500;500;550;1.44066050e+02
383;13.200;500;550;1.42759741e+02
384;9.000;400;450;1.42603679e+02
385;4.900;150;200;1.41984181e+02
386;12.100;150;200;1.41948870e+02
387;4.800;650;700;1.41017307e+02
388;0.500;400;450;1.40737487e+02
389;12.600;50;100;1.38883118e+02
390;14.700;350;400;1.38687933e+02
391;8.700;250;300;1.38107994e+02
392;4.100;100;150;1.36758058e+02
393;14.900;500;550;1.36179344e+02
394;13.400;150;200;1.35874208e+02
395;8.600;250;300;1.35490090e+02
396;14.000;200;250;1.35138870e+02
397;5.000;750;800;1.34403066e+02
398;14.800;200;250;1.33778854e+02
399;8.000;200;250;1.33140583e+02
400;15.300;300;350;1.32758348e+02
401;12.600;350;400;1.32094992e+02
402;15.900;100;150;1.31477285e+02
403;15.300;50;100;1.31024589e+02
404;5.100;1150;1200;1.30691507e+02
405;8.000;450;500;1.30350768e+02
406;9.300;150;200;1.30304580e+02
407;5.100;100;150;1.27512700e+02
408;12.900;250;300;1.26759827e+02
409;8.400;300;350;1.26482635e+02
410;15.800;400;450;1.26155700e+02
411;12.800;250;300;1.26110325e+02
412;9.100;400;450;1.25736801e+02
413;8.900;400;450;1.25356619e+02
414;12.500;350;400;1.25064689e+02
415;4.700;350;400;1.24532718e+02
416;9.300;400;450;1.23921433e+02
417;5.200;750;800;1.23548454e+02
418;8.900;50;100;1.23144244e+02
419;9.300;100;150;1.23039645e+02
420;9.800;300;350;1.22876683e+02
421;12.700;500;550;1.22494986e+02
422;15.100;400;450;1.22161087e+02
423;4.800;700;750;1.21763970e+02
424;9.200;400;450;1.21493216e+02
425;14.600;700;750;1.20689563e+02
426;13.000;1000;1050;1.19688792e+02
427;13.200;1000;1050;1.19319628e+02
428;13.400;400;450;1.18911353e+02
429;14.500;200;250;1.18577549e+02
430;8.100;300;350;1.18116956e+02
431;9.400;400;450;1.17860270e+02
432;5.700;400;450;1.17341575e+02
433;13.300;1050;1100;1.17078070e+02
434;8.200;450;500;1.16987761e+02
435;8.700;350;400;1.16180399e+02
436;0.200;150;200;1.15735927e+02
437;8.100;450;500;1.14447848e+02
438;9.300;1000;1050;1.14264398e+02
439;8.000;0;50;1.14208582e+02
440;9.400;1050;1100;1.13922836e+02
441;1.300;400;450;1.13279991e+02
442;13.300;500;550;1.13213198e+02
443;5.000;250;300;1.12947348e+02
444;5.400;1550;1600;1.11976035e+02
445;0.800;300;350;1.11854777e+02
446;5.000;450;500;1.11304748e+02
447;5.400;300;350;1.11280305e+02
448;12.700;300;350;1.10160946e+02
449;8.500;300;350;1.09965914e+02
450;9.400;150;200;1.09810902e+02
451;14.800;350;400;1.08841889e+02
452;9.500;400;450;1.08616117e+02
453;15.400;50;100;1.08083212e+02
454;9.400;100;150;1.07885201e+02
455;0.700;250;300;1.07521934e+02
456;8.200;350;400;1.07399745e+02
457;9.000;750;800;1.06829461e+02
458;0.200;400;450;1.06781767e+02
459;0.900;300;350;1.06594813e+02
460;12.900;300;350;1.06507166e+02
461;14.600;650;700;1.05798782e+02
462;9.900;300;350;1.04316959e+02
463;14.700;500;550;1.03375431e+02
464;9.200;500;550;1.03225038e+02
465;12.700;650;700;1.02066174e+02
466;13.400;100;150;1.01095192e+02
467;6.000;350;400;1.01017757e+02
468;5.100;150;200;1.00768349e+02
469;14.700;700;750;1.00671629e+02
470;0.600;400;450;9.98426270e+01
471;12.500;500;550;9.96175085e+01
472;9.500;100;150;9.93535682e+01
473;4.000;1000;1050;9.88277685e+01
474;8.200;300;350;9.80981593e+01
475;9.600;400;450;9.71920910e+01
476;15.500;150;200;9.70184934e+01
477;1.500;350;400;9.64996412e+01
478;7.900;250;300;9.63499755e+01
479;12.100;0;50;9.61042834e+01
480;12.000;400;450;9.47734060e+01
481;9.200;200;250;9.47462005e+01
482;4.500;200;250;9.43651053e+01
483;13.900;300;350;9.40445220e+01
484;4.200;1050;1100;9.39527726e+01
485;8.000;350;400;9.37091776e+01
486;15.200;250;300;9.35519109e+01
487;13.200;200;250;9.29958168e+01
488;4.800;350;400;9.26555982e+01
489;12.600;650;700;9.19792422e+01
490;14.400;250;300;9.18185789e+01
491;8.600;350;400;9.13491984e+01
492;4.900;650;700;9.13095434e+01
493;12.600;700;750;9.08780648e+01
494;12.800;300;350;9.02923759e+01
495;8.500;250;300;8.97176688e+01
496;4.100;1000;1050;8.94905390e+01
497;4.600;500;550;8.93683366e+01
498;15.400;300;350;8.91243343e+01
499;5.000;1600;1650;8.91084363e+01
500;9.700;250;300;8.81599511e+01
501;15.000;500;550;8.81310691e+01
502;9.600;100;150;8.79669097e+01
503;12.200;300;350;8.79131676e+01
504;13.600;250;300;8.77175257e+01
505;8.800;300;350;8.75953471e+01
506;8.600;500;550;8.72818986e+01
507;13.000;600;650;8.67402401e+01
508;5.800;400;450;8.62092155e+01
509;0.900;350;400;8.60015560e+01
510;4.900;700;750;8.59373900e+01
511;15.500;50;100;8.57345744e+01
512;13.500;150;200;8.52974712e+01
513;0.200;200;250;8.45933144e+01
514;8.500;650;700;8.40572446e+01
515;14.000;700;750;8.38953045e+01
516;9.800;250;300;8.37350778e+01
517;14.100;700;750;8.35510918e+01
518;9.500;150;200;8.35054304e+01
519;4.100;850;900;8.34612935e+01
520;9.700;100;150;8.32273605e+01
521;10.000;300;350;8.30090697e+01
522;5.500;300;350;8.26956960e+01
523;8.200;0;50;8.19507491e+01
524;0.400;250;300;8.18415236e+01
525;13.000;1200;1250;8.18003541e+01
526;9.700;400;450;8.16087280e+01
527;13.100;600;650;8.15610363e+01
528;14.500;250;300;8.07509120e+01
529;12.700;50;100;8.07140578e+01
530;13.300;1000;1050;8.06075460e+01
531;15.600;50;100;8.05921495e+01
532;4.400;400;450;8.00844043e+01
533;12.000;200;250;7.99261226e+01
534;1.000;1550;1600;7.95799301e+01
535;13.000;500;550;7.91799737e+01
536;9.400;1000;1050;7.87160809e+01
537;14.900;350;400;7.81737737e+01
538;8.500;500;550;7.81316545e+01
539;8.300;450;500;7.79782887e+01
540;12.700;700;750;7.79408951e+01
541;8.600;650;700;7.78249596e+01
542;5.600;300;350;7.76639570e+01
543;9.600;150;200;7.72949846e+01
544;8.600;300;350;7.72312879e+01
545;9.300;500;550;7.70266074e+01
546;14.300;850;900;7.69235313e+01
547;15.900;400;450;7.67956255e+01
548;14.200;700;750;7.65651938e+01
549;8.500;700;750;7.55848151e+01
550;12.800;500;550;7.54337485e+01
551;7.900;50;100;7.51819945e+01
552;4.000;450;500;7.50721303e+01
553;14.700;650;700;7.49866450e+01
554;15.300;250;300;7.49034780e+01
555;13.000;350;400;7.45059294e+01
556;15.600;150;200;7.44572536e+01
557;6.100;350;400;7.42686698e+01
558;13.400;1050;1100;7.40206818e+01
559;13.400;500;550;7.26997452e+01
560;12.100;300;350;7.26681333e+01
561;9.800;400;450;7.26191770e+01
562;9.500;1050;1100;7.22953484e+01
563;15.700;50;100;7.21404000e+01
564;4.200;50;100;7.19651980e+01
565;12.900;350;400;7.16496287e+01
566;13.500;400;450;7.13105553e+01
567;7.900;300;350;7.05384310e+01
568;4.300;50;100;6.99050444e+01
569;12.800;650;700;6.94612332e+01
570;5.000;1950;2000;6.89571686e+01
571;9.700;150;200;6.89240172e+01
572;14.100;150;200;6.87481672e+01
573;0.700;400;450;6.87077391e+01
574;4.500;400;450;6.85766996e+01
575;4.300;1050;1100;6.78645629e+01
576;13.500;100;150;6.78285885e+01
577;9.100;750;800;6.72656401e+01
578;4.100;1200;1250;6.71272363e+01
579;12.700;350;400;6.70923757e+01
580;13.200;600;650;6.70152946e+01
581;8.800;650;700;6.65767147e+01
582;8.300;0;50;6.61511092e+01
583;13.100;1200;1250;6.59836624e+01
584;5.200;1950;2000;6.51831428e+01
585;13.600;150;200;6.46479860e+01
586;14.900;200;250;6.45290644e+01
587;4.000;1350;1400;6.43996345e+01
588;13.100;350;400;6.39024826e+01
589;12.200;450;500;6.38677516e+01
590;1.600;350;400;6.35158216e+01
591;5.100;250;300;6.35063781e+01
592;9.800;100;150;6.34291196e+01
593;4.200;850;900;6.28627471e+01
594;5.700;300;350;6.25395014e+01
595;12.000;0;50;6.17631586e+01
596;0.800;250;300;6.16924733e+01
597;15.200;500;550;6.16677928e+01
598;4.300;400;450;6.12253434e+01
599;1.400;400;450;6.09963209e+01
600;12.800;350;400;6.08080576e+01
601;5.900;400;450;6.06287450e+01
602;14.800;500;550;6.03417160e+01
603;7.900;400;450;5.90622440e+01
604;4.300;850;900;5.84123265e+01
605;13.700;150;200;5.82237685e+01
606;0.500;200;250;5.76523087e+01
607;8.600;700;750;5.74352854e+01
608;12.200;350;400;5.74295700e+01
609;15.000;350;400;5.73650865e+01
610;12.100;450;500;5.71607097e+01
611;9.100;50;100;5.67412485e+01
612;14.800;700;750;5.67009560e+01
613;14.000;450;500;5.66384643e+01
614;13.100;750;800;5.66116947e+01
615;9.400;500;550;5.62238258e+01
616;4.900;350;400;5.54076104e+01
617;5.300;750;800;5.52727037e+01
618;5.200;1150;1200;5.51997463e+01
619;9.900;400;450;5.49543392e+01
620;4.700;1050;1100;5.45722970e+01
621;15.800;50;100;5.41562497e+01
622;4.200;1200;1250;5.36851799e+01
623;4.200;1000;1050;5.36463394e+01
624;12.900;500;550;5.36164802e+01
625;8.900;1050;1100;5.33820193e+01
626;4.100;1350;1400;5.33235846e+01
627;9.800;150;200;5.32715715e+01
628;0.700;300;350;5.30938449e+01
629;6.200;350;400;5.28738494e+01
630;8.100;350;400;5.28028173e+01
631;14.600;250;300;5.27951068e+01
632;12.800;700;750;5.25789475e+01
633;4.600;200;250;5.25315049e+01
634;10.100;300;350;5.25264457e+01
635;8.700;500;550;5.22786790e+01
636;8.400;450;500;5.15577654e+01
637;8.800;200;250;5.13757194e+01
638;15.700;150;200;5.07811568e+01
639;4.000;250;300;5.06479204e+01
640;13.400;1000;1050;5.05483386e+01
641;12.000;450;500;5.03535909e+01
642;13.000;750;800;5.02746071e+01
643;9.300;200;250;4.99599619e+01
644;4.000;1400;1450;4.96811483e+01
645;9.500;1000;1050;4.96733345e+01
646;4.100;450;500;4.95853533e+01
647;4.600;1050;1100;4.94979239e+01
648;8.800;350;400;4.93638134e+01
649;9.000;350;400;4.92227265e+01
650;12.000;350;400;4.91613209e+01
651;9.900;100;150;4.89547172e+01
652;10.200;300;350;4.87955788e+01
653;4.000;400;450;4.78656618e+01
654;13.500;1050;1100;4.75021580e+01
655;12.300;0;50;4.73081911e+01
656;0.800;400;450;4.70460203e+01
657;4.400;1050;1100;4.69645200e+01
658;15.500;300;350;4.69631615e+01
659;1.100;1550;1600;4.68192382e+01
660;5.500;1550;1600;4.68169762e+01
661;5.200;150;200;4.68123134e+01
662;4.000;1750;1800;4.66947441e+01
663;13.700;250;300;4.66017256e+01
664;9.600;1050;1100;4.64772963e+01
665;14.000;600;650;4.64247652e+01
666;4.600;400;450;4.60229934e+01
667;4.000;750;800;4.58929204e+01
668;1.000;300;350;4.57759438e+01
669;13.300;200;250;4.55781655e+01
670;8.000;900;950;4.54812137e+01
671;14.000;1200;1250;4.54795288e+01
672;13.800;150;200;4.54744952e+01
673;9.900;150;200;4.53809726e+01
674;4.400;850;900;4.53687478e+01
675;10.000;250;300;4.48327428e+01
676;4.000;600;650;4.47778504e+01
677;8.800;700;750;4.47606350e+01
678;14.100;1200;1250;4.45185152e+01
679;14.800;1050;1100;4.44632666e+01
680;13.600;100;150;4.43828997e+01
681;6.300;350;400;4.42895788e+01
682;8.100;900;950;4.41584066e+01
683;4.300;1000;1050;4.39539992e+01
684;12.300;350;400;4.35156636e+01
685;5.000;700;750;4.35072906e+01
686;12.300;300;350;4.34154781e+01
687;4.100;1750;1800;4.28642509e+01
688;5.000;650;700;4.27787278e+01
689;12.400;300;350;4.25371321e+01
690;5.800;300;350;4.25003370e+01
691;15.400;250;300;4.24042678e+01
692;8.500;450;500;4.24012309e+01
693;4.100;1400;1450;4.23870555e+01
694;0.500;500;550;4.23555073e+01
695;13.000;550;600;4.23329463e+01
696;4.000;900;950;4.22959373e+01
697;1.500;400;450;4.18799999e+01
698;10.000;100;150;4.15773006e+01
699;1.700;350;400;4.10426535e+01
700;4.200;100;150;4.09608647e+01
701;14.100;0;50;4.09213689e+01
702;6.000;400;450;4.05463277e+01
703;15.500;250;300;4.05034093e+01
704;12.800;200;250;4.02108206e+01
705;13.200;350;400;4.01322476e+01
706;0.900;250;300;4.00209454e+01
707;8.900;1000;1050;3.98527852e+01
708;10.000;400;450;3.97578208e+01
709;13.300;600;650;3.97508709e+01
710;5.000;1200;1250;3.97234777e+01
711;8.400;0;50;3.97233886e+01
712;6.400;350;400;3.97127387e+01
713;9.500;500;550;3.96469707e+01
714;12.500;850;900;3.96126944e+01
715;4.300;1200;1250;3.94243505e+01
716;4.700;50;100;3.93055226e+01
717;15.900;50;100;3.92837579e+01
718;12.200;0;50;3.91492826e+01
719;15.000;200;250;3.90936553e+01
720;14.900;700;750;3.88797881e+01
721;4.200;1350;1400;3.86875599e+01
722;4.800;1050;1100;3.85982629e+01
723;10.300;300;350;3.82020440e+01
724;13.200;1200;1250;3.81373320e+01
725;8.800;400;450;3.80048455e+01
726;9.200;750;800;3.78023596e+01
727;4.100;0;50;3.78006074e+01
728;12.100;900;950;3.77299150e+01
729;14.800;650;700;3.76447497e+01
730;0.500;1050;1100;3.74063549e+01
731;13.600;400;450;3.72560787e+01
732;15.800;150;200;3.68217606e+01
733;13.500;500;550;3.67817264e+01
734;5.000;550;600;3.66386299e+01
735;15.100;500;550;3.65442494e+01
736;9.000;450;500;3.63136140e+01
737;4.700;1000;1050;3.60070126e+01
738;8.300;300;350;3.59949934e+01
739;10.000;150;200;3.57281432e+01
740;13.800;250;300;3.57233800e+01
741;8.800;500;550;3.55200406e+01
742;12.900;650;700;3.55015547e+01
743;13.900;150;200;3.53402156e+01
744;14.400;450;500;3.53280112e+01
745;9.900;250;300;3.52281414e+01
746;4.000;200;250;3.51822065e+01
747;14.000;1350;1400;3.47869682e+01
748;5.200;250;300;3.47818178e+01
749;14.200;850;900;3.46924152e+01
750;4.700;200;250;3.45249491e+01
751;15.600;300;350;3.44861565e+01
752;8.200;900;950;3.44464761e+01
753;4.700;100;150;3.43458193e+01
754;14.100;450;500;3.42552355e+01
755;14.200;1200;1250;3.41113133e+01
756;8.400;250;300;3.40596053e+01
757;13.700;100;150;3.37602399e+01
758;5.900;300;350;3.36498779e+01
759;4.200;450;500;3.35681978e+01
760;10.400;300;350;3.35331686e+01
761;14.300;1200;1250;3.33888415e+01
762;0.600;500;550;3.32378792e+01
763;13.500;1000;1050;3.29662834e+01
764;4.600;1000;1050;3.29586589e+01
765;13.000;650;700;3.26715312e+01
766;4.100;2100;2150;3.25961081e+01
767;1.100;50;100;3.25836061e+01
768;7.900;450;500;3.25702542e+01
769;8.700;650;700;3.25071507e+01
770;15.100;700;750;3.21269497e+01
771;6.500;350;400;3.17790077e+01
772;9.600;1000;1050;3.17772385e+01
773;12.200;900;950;3.17686223e+01
774;4.800;50;100;3.17428729e+01
775;10.100;100;150;3.17340964e+01
776;8.700;450;500;3.16329999e+01
777;12.400;350;400;3.16173764e+01
778;12.300;450;500;3.14893078e+01
779;14.800;1000;1050;3.14466471e+01
780;0.200;50;100;3.14232346e+01
781;4.400;1200;1250;3.11286016e+01
782;10.100;150;200;3.11010500e+01
783;4.700;400;450;3.10084703e+01
784;9.400;200;250;3.09272246e+01
785;10.100;250;300;3.07794756e+01
786;13.100;900;950;3.07602945e+01
787;7.900;150;200;3.07580216e+01
788;1.000;150;200;3.07228009e+01
789;13.200;750;800;3.06877449e+01
790;6.100;400;450;3.06530560e+01
791;0.400;200;250;3.05495005e+01
792;6.000;300;350;3.04410158e+01
793;8.300;550;600;3.03413830e+01
794;15.900;150;200;3.02454048e+01
795;8.600;450;500;3.02025864e+01
796;10.500;300;350;2.99694143e+01
797;12.100;350;400;2.98936338e+01
798;9.700;1050;1100;2.97996801e+01
799;0.600;1050;1100;2.96573497e+01
800;3.900;50;100;2.96177915e+01
801;12.900;700;750;2.95508401e+01
802;1.800;350;400;2.94344875e+01
803;4.200;1400;1450;2.94101788e+01
804;9.100;350;400;2.91848243e+01
805;14.200;450;500;2.91289055e+01
806;15.700;300;350;2.90930575e+01
807;1.600;400;450;2.90393284e+01
808;15.100;650;700;2.88483368e+01
809;9.000;650;700;2.87040190e+01
810;4.400;1000;1050;2.86524188e+01
811;13.000;1550;1600;2.85399305e+01
812;14.100;200;250;2.85285182e+01
813;15.000;700;750;2.84568725e+01
814;8.700;700;750;2.84493834e+01
815;12.000;900;950;2.84190129e+01
816;13.800;100;150;2.83833079e+01
817;10.600;300;350;2.83198555e+01
818;5.300;150;200;2.83089790e+01
819;8.400;550;600;2.82801793e+01
820;14.700;1050;1100;2.82735834e+01
821;12.500;450;500;2.82393176e+01
822;10.200;100;150;2.80320367e+01
823;4.000;1200;1250;2.79733501e+01
824;4.500;50;100;2.77658283e+01
825;10.200;150;200;2.76674485e+01
826;10.700;300;350;2.75806888e+01
827;10.400;250;300;2.75269909e+01
828;13.000;1250;1300;2.75237804e+01
829;12.300;550;600;2.75014860e+01
830;5.200;50;100;2.73950072e+01
831;0.600;200;250;2.71578679e+01
832;6.600;350;400;2.70679521e+01
833;13.100;1850;1900;2.70341849e+01
834;14.900;1050;1100;2.69592933e+01
835;5.300;1150;1200;2.67806814e+01
836;8.300;200;250;2.67760104e+01
837;14.300;1050;1100;2.64329622e+01
838;4.300;1350;1400;2.64116861e+01
839;9.600;500;550;2.61697545e+01
840;6.100;300;350;2.60992796e+01
841;8.900;600;650;2.59339890e+01
842;5.100;650;700;2.58296160e+01
843;0.200;100;150;2.57825892e+01
844;12.400;550;600;2.57767709e+01
845;14.300;200;250;2.57346181e+01
846;10.200;250;300;2.55352569e+01
847;14.300;450;500;2.51190785e+01
848;4.800;1000;1050;2.50725057e+01
849;10.100;400;450;2.49947324e+01
850;4.700;600;650;2.49281318e+01
851;1.100;750;800;2.48526359e+01
852;5.400;750;800;2.48138033e+01
853;1.200;1550;1600;2.46632454e+01
854;5.200;650;700;2.46016831e+01
855;15.100;350;400;2.45422497e+01
856;0.500;1000;1050;2.44323359e+01
857;4.000;2100;2150;2.44045896e+01
858;13.600;1050;1100;2.43374579e+01
859;4.200;400;450;2.42863522e+01
860;14.500;1200;1250;2.42722791e+01
861;8.900;350;400;2.42676782e+01
862;0.300;200;250;2.42515157e+01
863;13.400;200;250;2.40559754e+01
864;15.300;350;400;2.39675599e+01
865;5.100;700;750;2.38825390e+01
866;15.700;250;300;2.38081488e+01
867;14.400;1200;1250;2.36617249e+01
868;12.300;900;950;2.35411971e+01
869;4.800;400;450;2.33970315e+01
870;6.700;350;400;2.33664937e+01
871;8.200;550;600;2.32364134e+01
872;13.000;900;950;2.31693261e+01
873;15.800;300;350;2.29998797e+01
874;13.000;700;750;2.29946254e+01
875;14.100;1250;1300;2.28716402e+01
876;14.000;0;50;2.28603899e+01
877;5.300;1950;2000;2.28378694e+01
878;9.300;350;400;2.28278302e+01
879;14.600;200;250;2.27989242e+01
880;5.200;700;750;2.27968952e+01
881;13.900;250;300;2.27832870e+01
882;13.400;600;650;2.27063631e+01
883;13.000;450;500;2.26713973e+01
884;8.400;650;700;2.26317848e+01
885;15.200;350;400;2.24951812e+01
886;14.500;1000;1050;2.24833260e+01
887;1.900;350;400;2.23101576e+01
888;9.000;700;750;2.22841951e+01
889;10.300;100;150;2.22638124e+01
890;13.200;50;100;2.22453522e+01
891;6.800;350;400;2.21530465e+01
892;8.900;450;500;2.21220512e+01
893;15.600;250;300;2.20668307e+01
894;0.400;150;200;2.19201497e+01
895;15.400;350;400;2.17911052e+01
896;14.000;1250;1300;2.17225836e+01
897;12.400;450;500;2.16827997e+01
898;4.200;200;250;2.16708914e+01
899;10.900;300;350;2.16106170e+01
900;10.300;150;200;2.15869535e+01
901;4.000;550;600;2.15147161e+01
902;8.900;700;750;2.14799484e+01
903;12.200;200;250;2.14520923e+01
904;6.200;400;450;2.13914085e+01
905;10.800;300;350;2.13829312e+01
906;9.600;50;100;2.13785717e+01
907;4.900;1050;1100;2.13711115e+01
908;4.500;1200;1250;2.12358785e+01
909;14.900;650;700;2.12248593e+01
910;9.700;1000;1050;2.12143284e+01
911;14.400;1050;1100;2.11736817e+01
912;8.500;550;600;2.11543125e+01
913;13.000;1850;1900;2.10124562e+01
914;15.400;500;550;2.10017049e+01
915;3.600;50;100;2.09836384e+01
916;14.500;1050;1100;2.09350096e+01
917;10.400;150;200;2.08357081e+01
918;12.400;0;50;2.07596486e+01
919;6.200;300;350;2.07524391e+01
920;4.500;1050;1100;2.07101629e+01
921;1.100;100;150;2.06858227e+01
922;9.300;750;800;2.06340974e+01
923;1.000;250;300;2.06135519e+01
924;4.500;850;900;2.05775489e+01
925;8.300;650;700;2.05309898e+01
926;4.300;1400;1450;2.05000532e+01
927;8.500;0;50;2.04247077e+01
928;4.500;100;150;2.03949319e+01
929;0.700;1050;1100;2.03685721e+01
930;8.100;200;250;2.03338749e+01
931;0.600;1000;1050;2.03035341e+01
932;0.300;50;100;2.02861301e+01
933;13.300;350;400;2.00683134e+01
934;8.400;700;750;2.00091556e+01
935;11.900;300;350;1.99267815e+01
936;6.900;350;400;1.99119669e+01
937;8.900;650;700;1.98693760e+01
938;0.700;500;550;1.97537842e+01
939;8.900;500;550;1.96649856e+01
940;14.900;1000;1050;1.96471684e+01
941;4.900;400;450;1.95677552e+01
942;8.200;200;250;1.95299334e+01
943;4.300;450;500;1.95293309e+01
944;5.300;250;300;1.94372381e+01
945;8.300;900;950;1.92622079e+01
946;10.500;150;200;1.92179138e+01
947;8.000;850;900;1.90786927e+01
948;13.100;1250;1300;1.90683983e+01
949;0.300;150;200;1.89986903e+01
950;5.000;850;900;1.89838377e+01
951;9.700;50;100;1.88799952e+01
952;15.500;350;400;1.87658422e+01
953;12.800;50;100;1.86890134e+01
954;13.900;100;150;1.86440233e+01
955;9.500;50;100;1.86421669e+01
956;15.100;200;250;1.85881554e+01
957;11.000;300;350;1.85880714e+01
958;14.600;450;500;1.85702194e+01
959;9.800;50;100;1.85507995e+01
960;13.300;1200;1250;1.84658920e+01
961;10.400;100;150;1.84332336e+01
962;10.300;250;300;1.82087562e+01
963;6.300;400;450;1.81885836e+01
964;9.000;600;650;1.81815296e+01
965;4.600;850;900;1.81356536e+01
966;13.400;350;400;1.80822730e+01
967;4.400;1350;1400;1.80624267e+01
968;9.500;200;250;1.79929514e+01
969;8.100;850;900;1.79743252e+01
970;9.800;1050;1100;1.79537001e+01
971;8.300;250;300;1.79045944e+01
972;0.500;50;100;1.78961401e+01
973;6.400;300;350;1.78934900e+01
974;14.200;1250;1300;1.78594449e+01
975;12.300;650;700;1.77889565e+01
976;12.200;550;600;1.77796849e+01
977;6.300;300;350;1.77000916e+01
978;9.000;1200;1250;1.76238799e+01
979;8.400;200;250;1.75313358e+01
980;4.800;200;250;1.74629452e+01
981;9.400;50;100;1.73773576e+01
982;2.000;350;400;1.73417771e+01
983;0.300;350;400;1.72490727e+01
984;12.900;200;250;1.72104777e+01
985;14.200;650;700;1.70915821e+01
986;1.000;750;800;1.70761780e+01
987;8.800;450;500;1.70470502e+01
988;1.100;250;300;1.69948377e+01
989;13.200;900;950;1.69778347e+01
990;4.700;1200;1250;1.69361721e+01
991;1.700;400;450;1.69310806e+01
992;13.200;650;700;1.68767312e+01
993;6.400;400;450;1.68560143e+01
994;14.500;450;500;1.68240386e+01
995;5.000;200;250;1.68129311e+01
996;0.900;450;500;1.66829752e+01
997;13.600;1000;1050;1.66582131e+01
998;4.100;1550;1600;1.66411026e+01
999;10.500;100;150;1.66297573e+01
1000;14.200;0;50;1.65998796e+01
1001;8.300;500;550;1.65604073e+01
1002;8.400;500;550;1.65369545e+01
1003;7.900;200;250;1.64811824e+01
1004;5.300;650;700;1.64253227e+01
1005;14.700;1000;1050;1.63755394e+01
1006;15.600;350;400;1.63269600e+01
1007;4.200;1750;1800;1.63121411e+01
1008;12.400;900;950;1.62617875e+01
1009;13.200;1850;1900;1.62008959e+01
1010;1.100;300;350;1.61674274e+01
1011;12.600;450;500;1.60539859e+01
1012;7.000;350;400;1.60029977e+01
1013;12.700;450;500;1.59817342e+01
1014;15.900;300;350;1.59567708e+01
1015;13.700;400;450;1.59469588e+01
1016;13.300;750;800;1.58063558e+01
1017;12.500;200;250;1.57946029e+01
1018;9.700;500;550;1.57833891e+01
1019;8.600;550;600;1.57686828e+01
1020;14.200;200;250;1.57417093e+01
1021;3.800;50;100;1.57296004e+01
1022;10.600;150;200;1.56483941e+01
1023;5.100;0;50;1.55923417e+01
1024;4.800;600;650;1.55158418e+01
1025;12.500;550;600;1.55066752e+01
1026;0.900;100;150;1.54701476e+01
1027;10.700;150;200;1.52923741e+01
1028;10.800;250;300;1.52353149e+01
1029;7.900;350;400;1.52225948e+01
1030;10.600;250;300;1.52031007e+01
1031;14.400;200;250;1.51993267e+01
1032;15.800;250;300;1.51140091e+01
1033;14.300;1000;1050;1.50697355e+01
1034;8.500;850;900;1.50620325e+01
1035;4.200;2100;2150;1.49753961e+01
1036;11.100;300;350;1.47992272e+01
1037;12.300;500;550;1.47985006e+01
1038;13.500;350;400;1.47726908e+01
1039;5.400;150;200;1.47471894e+01
1040;15.000;450;500;1.47413658e+01
1041;12.100;850;900;1.46699413e+01
1042;8.700;550;600;1.46499359e+01
1043;1.200;750;800;1.46356952e+01
1044;15.000;650;700;1.45919168e+01
1045;10.000;50;100;1.45677463e+01
1046;11.900;50;100;1.45291217e+01
1047;0.400;350;400;1.44661872e+01
1048;8.700;1000;1050;1.44227480e+01
1049;4.800;1200;1250;1.44178014e+01
1050;9.300;50;100;1.44148445e+01
1051;5.400;1150;1200;1.43731457e+01
1052;0.900;50;100;1.43542140e+01
1053;14.800;750;800;1.43317164e+01
1054;0.700;1000;1050;1.43047057e+01
1055;9.400;350;400;1.42959005e+01
1056;9.900;50;100;1.42612937e+01
1057;5.300;700;750;1.41943168e+01
1058;9.100;450;500;1.41807414e+01
1059;4.600;1200;1250;1.41302241e+01
1060;4.900;1000;1050;1.41125516e+01
1061;0.700;200;250;1.41020306e+01
1062;4.700;500;550;1.40515529e+01
1063;2.100;350;400;1.40411023e+01
1064;14.600;1050;1100;1.40249220e+01
1065;4.400;1400;1450;1.39591114e+01
1066;6.500;300;350;1.39337332e+01
1067;10.600;100;150;1.39214282e+01
1068;12.500;900;950;1.38960061e+01
1069;15.900;250;300;1.38616892e+01
1070;13.600;500;550;1.38524819e+01
1071;14.000;1000;1050;1.37452398e+01
1072;4.000;0;50;1.37389071e+01
1073;11.200;300;350;1.35776854e+01
1074;4.800;100;150;1.35731807e+01
1075;14.700;450;500;1.35467554e+01
1076;4.900;600;650;1.35184582e+01
1077;14.400;850;900;1.35120035e+01
1078;13.200;700;750;1.34994143e+01
1079;14.600;1200;1250;1.34941752e+01
1080;10.700;250;300;1.34851981e+01
1081;9.200;50;100;1.34820624e+01
1082;13.700;1050;1100;1.34699203e+01
1083;10.500;250;300;1.34103843e+01
1084;9.200;650;700;1.33881487e+01
1085;9.100;600;650;1.33442446e+01
1086;0.200;300;350;1.33190500e+01
1087;4.300;200;250;1.32130691e+01
1088;8.200;850;900;1.32059805e+01
1089;0.800;1050;1100;1.32029372e+01
1090;10.700;100;150;1.31928904e+01
1091;13.200;1250;1300;1.31638962e+01
1092;5.400;250;300;1.31438077e+01
1093;12.400;500;550;1.31266492e+01
1094;4.100;200;250;1.31259743e+01
1095;6.600;300;350;1.31207648e+01
1096;4.200;1550;1600;1.30870924e+01
1097;8.500;200;250;1.30741556e+01
1098;4.000;2300;2350;1.30734540e+01
1099;10.800;150;200;1.30594429e+01
1100;3.700;50;100;1.30550008e+01
1101;6.500;400;450;1.30452735e+01
1102;13.500;200;250;1.29837832e+01
1103;0.400;1000;1050;1.29095301e+01
1104;13.500;600;650;1.29066058e+01
1105;9.800;1000;1050;1.28249912e+01
1106;15.700;350;400;1.28208295e+01
1107;15.000;550;600;1.28141919e+01
1108;14.300;1250;1300;1.27435378e+01
1109;14.600;1000;1050;1.27232670e+01
1110;5.000;600;650;1.27139675e+01
1111;1.800;400;450;1.27105285e+01
1112;9.100;650;700;1.26622344e+01
1113;15.700;500;550;1.26439271e+01
1114;8.600;0;50;1.26293810e+01
1115;15.100;550;600;1.25876654e+01
1116;9.600;200;250;1.24453605e+01
1117;14.500;600;650;1.24425741e+01
1118;0.800;500;550;1.23814581e+01
1119;15.000;1050;1100;1.22695042e+01
1120;10.900;150;200;1.22677311e+01
1121;14.400;1000;1050;1.22653233e+01
1122;0.200;350;400;1.22605919e+01
1123;9.200;700;750;1.21562504e+01
1124;1.300;1550;1600;1.21546976e+01
1125;4.400;450;500;1.21374519e+01
1126;12.500;0;50;1.20934469e+01
1127;1.000;450;500;1.20745823e+01
1128;4.600;50;100;1.20709477e+01
1129;11.000;250;300;1.20344296e+01
1130;7.300;350;400;1.20332774e+01
1131;7.200;350;400;1.20312661e+01
1132;12.200;850;900;1.20118003e+01
1133;0.400;1050;1100;1.19939118e+01
1134;12.400;650;700;1.19406108e+01
1135;12.800;450;500;1.18417506e+01
1136;2.200;350;400;1.17891384e+01
1137;8.400;900;950;1.17576043e+01
1138;12.300;200;250;1.17519138e+01
1139;9.200;350;400;1.17060746e+01
1140;12.700;600;650;1.16471132e+01
1141;3.900;100;150;1.15947973e+01
1142;11.900;250;300;1.15908282e+01
1143;10.200;400;450;1.15816787e+01
1144;9.100;700;750;1.15695124e+01
1145;11.900;150;200;1.15629870e+01
1146;8.900;550;600;1.15542362e+01
1147;4.700;850;900;1.15400045e+01
1148;12.000;850;900;1.15082243e+01
1149;10.200;50;100;1.14894915e+01
1150;7.100;350;400;1.14500061e+01
1151;5.100;2000;2050;1.14124918e+01
1152;6.600;400;450;1.13559266e+01
1153;8.400;850;900;1.13112088e+01
1154;9.300;650;700;1.13061928e+01
1155;1.000;1150;1200;1.13019080e+01
1156;0.500;750;800;1.12443406e+01
1157;8.000;750;800;1.12227293e+01
1158;15.500;500;550;1.11740000e+01
1159;12.600;0;50;1.11588347e+01
1160;12.600;550;600;1.11013755e+01
1161;5.600;1550;1600;1.10781591e+01
1162;9.600;350;400;1.10024761e+01
1163;0.400;100;150;1.09852161e+01
1164;14.000;750;800;1.09646012e+01
1165;6.200;1550;1600;1.09413408e+01
1166;13.300;1850;1900;1.08467474e+01
1167;15.400;700;750;1.08397327e+01
1168;12.100;200;250;1.08016795e+01
1169;13.100;450;500;1.08007389e+01
1170;4.500;450;500;1.07739474e+01
1171;11.200;250;300;1.07734214e+01
1172;4.400;50;100;1.06783718e+01
1173;4.500;1000;1050;1.06241852e+01
1174;14.200;1000;1050;1.05361874e+01
1175;5.000;1100;1150;1.05318853e+01
1176;6.300;1550;1600;1.05203748e+01
1177;14.900;450;500;1.04819159e+01
1178;8.700;600;650;1.04545529e+01
1179;12.400;700;750;1.03940806e+01
1180;5.500;250;300;1.03697765e+01
1181;9.900;1050;1100;1.03689270e+01
1182;11.400;300;350;1.03648353e+01
1183;4.500;1350;1400;1.03635755e+01
1184;9.400;750;800;1.03328820e+01
1185;8.200;700;750;1.02668283e+01
1186;8.200;650;700;1.02138720e+01
1187;5.500;750;800;1.01928408e+01
1188;4.100;400;450;1.01525774e+01
1189;10.100;50;100;1.01506883e+01
1190;15.200;200;250;1.01474328e+01
1191;13.700;1000;1050;1.01366932e+01
1192;12.400;200;250;1.01028589e+01
1193;0.400;50;100;1.00987370e+01
1194;6.700;400;450;1.00947776e+01
1195;5.100;1200;1250;1.00722135e+01
1196;4.000;800;850;1.00266077e+01
1197;15.200;700;750;9.98370570e+00
1198;1.900;400;450;9.95992646e+00
1199;14.300;1350;1400;9.95698128e+00
1200;14.200;1050;1100;9.92400721e+00
1201;2.300;350;400;9.90026000e+00
1202;0.200;600;650;9.89671094e+00
1203;9.200;600;650;9.87268964e+00
1204;13.100;650;700;9.84655227e+00
1205;4.300;100;150;9.80784792e+00
1206;1.200;250;300;9.73136798e+00
1207;0.500;350;400;9.70761940e+00
1208;6.700;300;350;9.69685542e+00
1209;10.800;100;150;9.60807760e+00
1210;9.300;700;750;9.59528229e+00
1211;8.700;0;50;9.57343402e+00
1212;7.400;350;400;9.55309226e+00
1213;11.000;150;200;9.54259755e+00
1214;13.100;700;750;9.48123134e+00
1215;5.200;100;150;9.46635502e+00
1216;11.300;300;350;9.44926901e+00
1217;13.400;1200;1250;9.43506947e+00
1218;11.400;400;450;9.42336429e+00
1219;12.700;550;600;9.40863621e+00
1220;9.200;450;500;9.39475532e+00
1221;4.500;750;800;9.39391739e+00
1222;8.200;500;550;9.39076229e+00
1223;0.800;1000;1050;9.35273599e+00
1224;15.800;350;400;9.34314336e+00
1225;6.800;300;350;9.33209447e+00
1226;4.900;200;250;9.33115420e+00
1227;4.000;1700;1750;9.30691418e+00
1228;15.000;1000;1050;9.29809550e+00
1229;4.000;1300;1350;9.29098382e+00
1230;8.800;0;50;9.23096353e+00
1231;15.300;700;750;9.18197440e+00
1232;13.300;900;950;9.17567236e+00
1233;14.700;1200;1250;9.09618985e+00
1234;3.900;150;200;9.09366334e+00
1235;6.800;400;450;9.04921626e+00
1236;8.300;700;750;9.02680193e+00
1237;15.200;550;600;9.00878556e+00
1238;12.300;850;900;8.95779181e+00
1239;15.300;500;550;8.95718442e+00
1240;14.300;0;50;8.94745001e+00
1241;8.100;750;800;8.91370447e+00
1242;14.300;1750;1800;8.91097935e+00
1243;5.500;150;200;8.89680081e+00
1244;11.700;300;350;8.89556592e+00
1245;14.500;1250;1300;8.87629287e+00
1246;4.800;850;900;8.86685552e+00
1247;14.400;1250;1300;8.86000712e+00
1248;8.800;550;600;8.82578446e+00
1249;14.700;750;800;8.80769994e+00
1250;5.600;150;200;8.80276874e+00
1251;11.300;400;450;8.79170108e+00
1252;5.600;250;300;8.77930976e+00
1253;6.100;1550;1600;8.76777927e+00
1254;10.900;250;300;8.74501233e+00
1255;8.700;1050;1100;8.74047657e+00
1256;5.100;200;250;8.71511016e+00
1257;13.100;550;600;8.70402832e+00
1258;5.900;150;200;8.62184157e+00
1259;11.600;300;350;8.59088149e+00
1260;14.300;750;800;8.57280859e+00
1261;12.700;1000;1050;8.56137147e+00
1262;12.600;900;950;8.55635085e+00
1263;12.900;50;100;8.52058326e+00
1264;5.500;1150;1200;8.48033523e+00
1265;6.900;400;450;8.46651574e+00
1266;12.300;700;750;8.46595735e+00
1267;5.100;1600;1650;8.45368557e+00
1268;9.800;500;550;8.43799779e+00
1269;13.200;450;500;8.42444138e+00
1270;4.900;1200;1250;8.38064193e+00
1271;11.100;250;300;8.37863590e+00
1272;14.200;750;800;8.37699584e+00
1273;4.400;250;300;8.34447573e+00
1274;9.000;900;950;8.34408429e+00
1275;11.500;400;450;8.32815431e+00
1276;6.400;1550;1600;8.32390805e+00
1277;4.400;100;150;8.32370979e+00
1278;10.500;50;100;8.31031277e+00
1279;10.300;50;100;8.28683455e+00
1280;11.900;100;150;8.28410406e+00
1281;5.400;650;700;8.27716007e+00
1282;2.400;350;400;8.26187465e+00
1283;9.700;200;250;8.26075726e+00
1284;8.800;1000;1050;8.24685014e+00
1285;14.900;750;800;8.22658855e+00
1286;11.500;300;350;8.22032977e+00
1287;15.900;350;400;8.21270060e+00
1288;14.400;0;50;8.21225626e+00
1289;9.400;650;700;8.19630076e+00
1290;9.300;600;650;8.19601080e+00
1291;14.000;1300;1350;8.19305326e+00
1292;14.500;850;900;8.19151801e+00
1293;1.100;150;200;8.18470341e+00
1294;0.900;1050;1100;8.18116346e+00
1295;12.500;750;800;8.17779577e+00
1296;4.500;1400;1450;8.15580981e+00
1297;5.800;150;200;8.14733700e+00
1298;4.000;1550;1600;8.12135706e+00
1299;11.400;250;300;8.10174224e+00
1300;4.600;750;800;8.07841077e+00
1301;10.400;50;100;8.05988706e+00
1302;5.400;700;750;8.04210263e+00
1303;8.300;850;900;8.03318796e+00
1304;9.700;350;400;8.02776401e+00
1305;4.100;250;300;8.00714122e+00
1306;9.000;550;600;8.00131905e+00
1307;3.500;50;100;7.99826496e+00
1308;13.100;0;50;7.99348239e+00
1309;4.300;1550;1600;7.90203122e+00
1310;4.200;0;50;7.89383707e+00
1311;6.500;1550;1600;7.85929289e+00
1312;9.500;350;400;7.85275740e+00
1313;5.700;150;200;7.84051120e+00
1314;15.400;650;700;7.76737348e+00
1315;0.800;200;250;7.73815152e+00
1316;14.100;1350;1400;7.73311506e+00
1317;1.300;750;800;7.72451259e+00
1318;8.600;200;250;7.68140973e+00
1319;6.900;300;350;7.67570178e+00
1320;5.000;800;850;7.66979398e+00
1321;12.600;850;900;7.64870792e+00
1322;13.400;750;800;7.63510845e+00
1323;5.700;250;300;7.63232651e+00
1324;12.900;1000;1050;7.62440286e+00
1325;14.400;1750;1800;7.60066074e+00
1326;12.900;450;500;7.59761546e+00
1327;15.600;500;550;7.53630408e+00
1328;11.300;250;300;7.46705671e+00
1329;9.400;700;750;7.42192952e+00
1330;13.400;650;700;7.40716534e+00
1331;14.600;850;900;7.33145940e+00
1332;12.800;1000;1050;7.29678847e+00
1333;2.000;400;450;7.29169008e+00
1334;1.300;250;300;7.28858366e+00
1335;14.000;650;700;7.27538919e+00
1336;8.500;900;950;7.25689846e+00
1337;8.200;750;800;7.24535827e+00
1338;4.100;550;600;7.24441223e+00
1339;9.100;900;950;7.23489159e+00
1340;8.500;800;850;7.22226068e+00
1341;4.700;550;600;7.21669525e+00
1342;5.000;1050;1100;7.21173590e+00
1343;11.600;400;450;7.18846994e+00
1344;13.600;200;250;7.17586308e+00
1345;11.200;400;450;7.16195409e+00
1346;13.800;400;450;7.13643174e+00
1347;11.100;150;200;7.12084605e+00
1348;7.500;350;400;7.10762646e+00
1349;14.200;1350;1400;7.10545549e+00
1350;9.900;1000;1050;7.08140665e+00
1351;13.800;1050;1100;7.07518448e+00
1352;0.900;500;550;7.04583784e+00
1353;15.300;200;250;7.04203129e+00
1354;0.200;1000;1050;7.01696912e+00
1355;6.000;150;200;6.99976543e+00
1356;11.200;150;200;6.98154566e+00
1357;8.400;800;850;6.97025179e+00
1358;7.000;400;450;6.94922098e+00
1359;2.500;350;400;6.94047148e+00
1360;14.100;1450;1500;6.93393484e+00
1361;9.300;450;500;6.89763489e+00
1362;13.400;1850;1900;6.88499642e+00
1363;14.700;550;600;6.86130945e+00
1364;4.100;1700;1750;6.85615588e+00
1365;4.900;850;900;6.82664886e+00
1366;14.000;1050;1100;6.80353313e+00
1367;9.100;1200;1250;6.79043694e+00
1368;11.800;300;350;6.77877285e+00
1369;14.300;1400;1450;6.77568612e+00
1370;14.600;600;650;6.76510027e+00
1371;5.400;1950;2000;6.76352092e+00
1372;15.300;550;600;6.74841512e+00
1373;6.600;1550;1600;6.69429901e+00
1374;0.200;450;500;6.68933693e+00
1375;8.900;800;850;6.68664802e+00
1376;0.600;350;400;6.68181003e+00
1377;5.000;1000;1050;6.67544566e+00
1378;13.000;1300;1350;6.59865527e+00
1379;11.500;250;300;6.58363739e+00
1380;5.000;1350;1400;6.56820401e+00
1381;9.000;1250;1300;6.56561442e+00
1382;13.600;600;650;6.53611883e+00
1383;14.200;600;650;6.48034133e+00
1384;9.200;900;950;6.46734966e+00
1385;9.000;800;850;6.46355150e+00
1386;15.000;750;800;6.44951304e+00
1387;5.700;650;700;6.43723203e+00
1388;5.000;1650;1700;6.39477452e+00
1389;4.700;2100;2150;6.39033711e+00
1390;8.000;500;550;6.37374755e+00
1391;14.000;1450;1500;6.33890167e+00
1392;5.100;450;500;6.30042959e+00
1393;10.900;100;150;6.25220944e+00
1394;13.600;50;100;6.25140600e+00
1395;7.600;350;400;6.24549975e+00
1396;12.000;750;800;6.23808886e+00
1397;9.400;600;650;6.22038790e+00
1398;14.800;450;500;6.20936215e+00
1399;6.000;1550;1600;6.17218811e+00
1400;0.600;750;800;6.16796149e+00
1401;10.700;50;100;6.16600276e+00
1402;1.100;1150;1200;6.16509898e+00
1403;11.100;400;450;6.11277211e+00
1404;10.000;1050;1100;6.10813384e+00
1405;1.000;550;600;6.10340318e+00
1406;4.600;1350;1400;6.07607100e+00
1407;12.700;900;950;6.07220506e+00
1408;12.900;1050;1100;6.06461474e+00
1409;13.300;1250;1300;6.05873819e+00
1410;12.800;1050;1100;6.05624913e+00
1411;14.200;800;850;6.05548249e+00
1412;4.000;1600;1650;6.05313217e+00
1413;12.100;750;800;6.04797235e+00
1414;15.400;200;250;6.04380508e+00
1415;12.400;850;900;6.03824379e+00
1416;4.600;100;150;6.02027228e+00
1417;0.900;1000;1050;6.01454216e+00
1418;4.200;550;600;6.00676239e+00
1419;5.100;600;650;5.99675982e+00
1420;9.000;1300;1350;5.97556886e+00
1421;13.300;450;500;5.96984103e+00
1422;13.700;50;100;5.96728087e+00
1423;5.800;250;300;5.95834867e+00
1424;12.200;700;750;5.94440046e+00
1425;5.000;1500;1550;5.92648116e+00
1426;7.700;350;400;5.91987333e+00
1427;4.400;200;250;5.90229569e+00
1428;11.300;150;200;5.88609714e+00
1429;5.000;2000;2050;5.87824372e+00
1430;8.900;900;950;5.86889604e+00
1431;9.800;200;250;5.85713269e+00
1432;12.800;550;600;5.83450594e+00
1433;9.500;750;800;5.81754114e+00
1434;10.600;50;100;5.81162288e+00
1435;14.100;750;800;5.80109622e+00
1436;2.600;350;400;5.79675787e+00
1437;12.200;500;550;5.76246138e+00
1438;9.300;900;950;5.76163245e+00
1439;12.700;850;900;5.75141402e+00
1440;14.100;800;850;5.74079534e+00
1441;0.900;200;250;5.71290857e+00
1442;4.500;1550;1600;5.70335562e+00
1443;12.000;500;550;5.68854611e+00
1444;4.600;2100;2150;5.66576351e+00
1445;4.400;1550;1600;5.64252081e+00
1446;2.100;400;450;5.64164794e+00
1447;13.300;650;700;5.64053429e+00
1448;14.400;1350;1400;5.62198245e+00
1449;5.000;1300;1350;5.58911046e+00
1450;14.300;900;950;5.58371724e+00
1451;13.700;350;400;5.54754908e+00
1452;13.800;50;100;5.54550742e+00
1453;9.100;0;50;5.53726058e+00
1454;13.600;350;400;5.51640540e+00
1455;14.000;550;600;5.50313311e+00
1456;15.500;700;750;5.47334128e+00
1457;12.700;1050;1100;5.44522430e+00
1458;5.600;1150;1200;5.43382373e+00
1459;1.400;250;300;5.43351223e+00
1460;8.300;800;850;5.41262900e+00
1461;8.800;800;850;5.40775266e+00
1462;13.400;900;950;5.40335323e+00
1463;14.300;600;650;5.39480286e+00
1464;15.300;1050;1100;5.39314160e+00
1465;13.800;1000;1050;5.38575904e+00
1466;13.100;1550;1600;5.35388666e+00
1467;11.700;250;300;5.33947334e+00
1468;9.200;1200;1250;5.29664921e+00
1469;6.700;1550;1600;5.28352917e+00
1470;14.600;1250;1300;5.28041196e+00
1471;5.700;700;750;5.25658845e+00
1472;7.800;350;400;5.25438828e+00
1473;13.400;700;750;5.24460963e+00
1474;5.000;900;950;5.21294918e+00
1475;7.300;400;450;5.21111554e+00
1476;4.800;2100;2150;5.19908406e+00
1477;7.000;300;350;5.18415655e+00
1478;12.600;200;250;5.17810633e+00
1479;12.500;1050;1100;5.17243482e+00
1480;1.000;200;250;5.16953785e+00
1481;5.100;800;850;5.14224416e+00
1482;4.700;450;500;5.12219761e+00
1483;12.800;600;650;5.10145524e+00
1484;12.200;750;800;5.09813168e+00
1485;4.700;1550;1600;5.09618601e+00
1486;11.400;150;200;5.08834704e+00
1487;9.400;450;500;5.08422466e+00
1488;10.300;400;450;5.08305401e+00
1489;9.800;350;400;5.06422108e+00
1490;8.800;1050;1100;5.06365863e+00
1491;7.100;300;350;5.05731337e+00
1492;2.200;400;450;5.03444745e+00
1493;9.400;900;950;5.02990699e+00
1494;1.400;1550;1600;5.00874171e+00
1495;15.200;1050;1100;4.99833932e+00
1496;11.700;400;450;4.98334540e+00
1497;5.000;0;50;4.98290644e+00
1498;11.600;250;300;4.97037299e+00
1499;7.200;400;450;4.93299153e+00
1500;13.300;700;750;4.91967173e+00
1501;15.200;650;700;4.91918598e+00
1502;1.200;50;100;4.91879238e+00
1503;15.300;650;700;4.91604785e+00
1504;10.800;50;100;4.89900555e+00
1505;15.100;1050;1100;4.88511899e+00
1506;15.400;550;600;4.87690666e+00
1507;0.700;350;400;4.87502821e+00
1508;9.900;350;400;4.87129986e+00
1509;5.200;2000;2050;4.86600032e+00
1510;4.600;1400;1450;4.86391735e+00
1511;13.700;200;250;4.79831962e+00
1512;13.900;50;100;4.78641911e+00
1513;4.800;900;950;4.76981430e+00
1514;5.700;500;550;4.75937392e+00
1515;13.500;1850;1900;4.74141248e+00
1516;14.200;900;950;4.73681036e+00
1517;13.300;50;100;4.72861598e+00
1518;14.100;1000;1050;4.69208634e+00
1519;14.800;1200;1250;4.69132627e+00
1520;1.000;1050;1100;4.68933727e+00
1521;8.300;750;800;4.68804065e+00
1522;15.200;450;500;4.66132583e+00
1523;13.500;1200;1250;4.64247672e+00
1524;5.000;1750;1800;4.63969228e+00
1525;9.000;0;50;4.62793250e+00
1526;14.200;1450;1500;4.62747851e+00
1527;5.000;2750;2800;4.61678293e+00
1528;14.300;800;850;4.56881812e+00
1529;11.000;400;450;4.56537014e+00
1530;0.900;1150;1200;4.55640242e+00
1531;5.900;250;300;4.54785959e+00
1532;9.500;650;700;4.54079241e+00
1533;13.200;1550;1600;4.52462977e+00
1534;8.600;800;850;4.52262709e+00
1535;2.700;350;400;4.52243740e+00
1536;5.800;650;700;4.51699847e+00
1537;15.600;650;700;4.51115479e+00
1538;4.100;2300;2350;4.50782642e+00
1539;14.700;600;650;4.49115341e+00
1540;5.600;500;550;4.48543184e+00
1541;13.900;1050;1100;4.48214430e+00
1542;12.700;0;50;4.47664214e+00
1543;8.500;1050;1100;4.47125117e+00
1544;15.500;200;250;4.45718887e+00
1545;5.500;500;550;4.41481065e+00
1546;11.000;100;150;4.41417477e+00
1547;7.100;400;450;4.41389215e+00
1548;5.000;500;550;4.41347234e+00
1549;0.500;100;150;4.41097352e+00
1550;13.800;350;400;4.40865729e+00
1551;12.600;1050;1100;4.40495757e+00
1552;9.500;700;750;4.37695021e+00
1553;15.900;500;550;4.33266057e+00
1554;1.500;250;300;4.31127213e+00
1555;8.400;750;800;4.29410282e+00
1556;13.500;50;100;4.28697183e+00
1557;4.600;1550;1600;4.26688020e+00
1558;6.000;250;300;4.25721493e+00
1559;8.100;500;550;4.25678955e+00
1560;9.900;200;250;4.24990914e+00
1561;10.000;200;250;4.23317655e+00
1562;14.500;1750;1800;4.22625096e+00
1563;12.800;900;950;4.22492795e+00
1564;13.400;50;100;4.21236388e+00
1565;15.400;1050;1100;4.21043355e+00
1566;8.600;850;900;4.20242908e+00
1567;9.500;900;950;4.19647713e+00
1568;10.000;1000;1050;4.18468474e+00
1569;5.700;1150;1200;4.17066471e+00
1570;8.000;950;1000;4.15225150e+00
1571;2.300;400;450;4.15138571e+00
1572;5.200;1200;1250;4.14979723e+00
1573;15.600;700;750;4.14668928e+00
1574;14.200;550;600;4.09157033e+00
1575;8.900;1200;1250;4.08793056e+00
1576;6.400;150;200;4.06142753e+00
1577;11.500;150;200;4.03160844e+00
1578;12.900;550;600;4.01826821e+00
1579;13.400;450;500;4.01652417e+00
1580;14.400;750;800;4.01138440e+00
1581;9.500;600;650;4.01032501e+00
1582;0.400;300;350;3.99164306e+00
1583;12.800;850;900;3.98770209e+00
1584;14.700;850;900;3.98624963e+00
1585;15.700;700;750;3.97607986e+00
1586;6.100;150;200;3.96944201e+00
1587;9.100;550;600;3.94794328e+00
1588;12.200;650;700;3.94513444e+00
1589;15.500;1050;1100;3.93812206e+00
1590;5.800;500;550;3.93787240e+00
1591;5.000;1900;1950;3.91947130e+00
1592;4.000;1100;1150;3.91317444e+00
1593;4.900;50;100;3.89517412e+00
1594;7.400;400;450;3.88371622e+00
1595;0.300;1000;1050;3.87376032e+00
1596;6.100;250;300;3.87241433e+00
1597;7.200;300;350;3.86378147e+00
1598;4.300;1750;1800;3.85010689e+00
1599;0.800;350;400;3.84578594e+00
1600;8.100;950;1000;3.84406517e+00
1601;0.400;500;550;3.83455031e+00
1602;5.800;700;750;3.83263296e+00
1603;5.600;650;700;3.80778699e+00
1604;9.900;500;550;3.80496963e+00
1605;12.900;600;650;3.78912846e+00
1606;15.300;1000;1050;3.78683994e+00
1607;6.800;1550;1600;3.76757818e+00
1608;11.700;150;200;3.76006428e+00
1609;4.700;750;800;3.75834589e+00
1610;13.500;900;950;3.75683908e+00
1611;11.900;400;450;3.74813447e+00
1612;0.500;150;200;3.72852145e+00
1613;5.600;50;100;3.72585892e+00
1614;6.300;150;200;3.72166635e+00
1615;5.600;700;750;3.69759457e+00
1616;11.800;250;300;3.67067207e+00
1617;9.100;800;850;3.67009004e+00
1618;0.200;1050;1100;3.66575531e+00
1619;11.100;100;150;3.65918837e+00
1620;13.000;800;850;3.65776379e+00
1621;9.600;750;800;3.65666446e+00
1622;5.600;750;800;3.65112849e+00
1623;1.400;750;800;3.62764829e+00
1624;13.500;750;800;3.62641063e+00
1625;14.500;750;800;3.60727255e+00
1626;2.800;350;400;3.60607303e+00
1627;4.600;450;500;3.60257733e+00
1628;8.900;750;800;3.57456863e+00
1629;8.200;800;850;3.57240735e+00
1630;1.600;250;300;3.57191248e+00
1631;13.000;950;1000;3.56677563e+00
1632;7.300;300;350;3.56472862e+00
1633;9.600;900;950;3.56184143e+00
1634;15.200;1000;1050;3.55202319e+00
1635;6.400;1050;1100;3.53883860e+00
1636;8.900;1300;1350;3.53084518e+00
1637;11.600;150;200;3.52998999e+00
1638;15.100;1000;1050;3.52817455e+00
1639;9.800;650;700;3.52702414e+00
1640;8.600;900;950;3.50730533e+00
1641;14.000;900;950;3.50428943e+00
1642;4.300;550;600;3.50193911e+00
1643;1.000;1000;1050;3.49435890e+00
1644;4.000;2850;2900;3.48268419e+00
1645;1.100;200;250;3.48108523e+00
1646;5.900;500;550;3.48076638e+00
1647;12.300;750;800;3.47920086e+00
1648;13.700;600;650;3.47520324e+00
1649;8.000;600;650;3.47405114e+00
1650;7.400;300;350;3.46423479e+00
1651;8.100;800;850;3.45238176e+00
1652;4.300;2100;2150;3.45152675e+00
1653;0.700;50;100;3.43038150e+00
1654;6.500;1050;1100;3.42045157e+00
1655;5.900;1550;1600;3.41765216e+00
1656;7.900;0;50;3.41671871e+00
1657;0.700;750;800;3.37430469e+00
1658;0.500;450;500;3.37211413e+00
1659;10.900;50;100;3.36581336e+00
1660;10.000;350;400;3.35981431e+00
1661;4.900;500;550;3.35887298e+00
1662;13.800;200;250;3.34918334e+00
1663;14.400;1400;1450;3.34014205e+00
1664;9.600;650;700;3.33919626e+00
1665;8.400;1100;1150;3.33470496e+00
1666;2.400;400;450;3.33216800e+00
1667;11.000;50;100;3.32746375e+00
1668;4.100;1900;1950;3.32142416e+00
1669;15.600;1050;1100;3.31696422e+00
1670;14.500;1350;1400;3.31301176e+00
1671;4.900;2100;2150;3.30990051e+00
1672;4.200;600;650;3.29969716e+00
1673;10.900;400;450;3.29024260e+00
1674;4.700;900;950;3.28704794e+00
1675;15.500;550;600;3.26273653e+00
1676;9.500;450;500;3.26096770e+00
1677;4.500;2100;2150;3.25454945e+00
1678;5.800;1150;1200;3.23607300e+00
1679;0.900;550;600;3.23542475e+00
1680;15.500;650;700;3.22739887e+00
1681;13.900;1000;1050;3.21146730e+00
1682;0.900;600;650;3.21033034e+00
1683;13.700;500;550;3.20674432e+00
1684;11.800;150;200;3.19171636e+00
1685;9.700;650;700;3.18729107e+00
1686;14.000;800;850;3.18555264e+00
1687;4.300;0;50;3.15042076e+00
1688;6.500;150;200;3.14741459e+00
1689;15.100;750;800;3.14692092e+00
1690;4.000;2150;2200;3.13812785e+00
1691;10.100;200;250;3.12756208e+00
1692;8.200;1000;1050;3.11832908e+00
1693;12.500;800;850;3.10290764e+00
1694;12.100;1050;1100;3.09382957e+00
1695;5.900;1950;2000;3.09286668e+00
1696;6.000;500;550;3.08750488e+00
1697;0.700;100;150;3.08655172e+00
1698;5.100;1050;1100;3.08456247e+00
1699;12.400;800;850;3.08260967e+00
1700;14.400;2100;2150;3.07158334e+00
1701;14.300;1450;1500;3.07147697e+00
1702;6.800;150;200;3.07018419e+00
1703;6.700;150;200;3.06989127e+00
1704;0.400;450;500;3.06750560e+00
1705;3.900;300;350;3.06321716e+00
1706;13.000;850;900;3.05671525e+00
1707;8.800;600;650;3.05134602e+00
1708;13.400;1250;1300;3.04738887e+00
1709;9.000;1850;1900;3.04157831e+00
1710;6.200;250;300;3.03387908e+00
1711;9.600;700;750;3.01609958e+00
1712;4.000;1900;1950;3.00015191e+00
1713;12.500;1000;1050;2.99825131e+00
1714;15.800;500;550;2.99773177e+00
1715;13.900;400;450;2.99699857e+00
1716;5.200;200;250;2.99367401e+00
1717;4.700;1350;1400;2.98399704e+00
1718;1.700;250;300;2.97855861e+00
1719;11.200;100;150;2.97117351e+00
1720;5.200;600;650;2.96901612e+00
1721;15.600;200;250;2.95705770e+00
1722;9.700;700;750;2.95495282e+00
1723;15.700;1050;1100;2.95355804e+00
1724;8.900;850;900;2.95055107e+00
1725;11.300;1050;1100;2.94988007e+00
1726;3.700;100;150;2.94632508e+00
1727;14.700;1250;1300;2.94360700e+00
1728;14.100;1050;1100;2.94189912e+00
1729;14.500;550;600;2.94130029e+00
1730;0.300;600;650;2.93906269e+00
1731;8.500;1100;1150;2.93627766e+00
1732;6.200;150;200;2.91677824e+00
1733;15.500;1000;1050;2.91405069e+00
1734;6.000;1950;2000;2.91196642e+00
1735;8.000;700;750;2.91038507e+00
1736;2.500;400;450;2.90712845e+00
1737;9.800;700;750;2.90695768e+00
1738;10.100;1050;1100;2.90583167e+00
1739;9.300;1200;1250;2.89728154e+00
1740;5.700;1050;1100;2.89319386e+00
1741;12.100;1000;1050;2.89041647e+00
1742;11.800;400;450;2.87263707e+00
1743;1.100;1950;2000;2.87222059e+00
1744;5.400;50;100;2.86888801e+00
1745;2.900;350;400;2.85715377e+00
1746;8.700;800;850;2.84865974e+00
1747;0.500;300;350;2.84005009e+00
1748;1.000;1950;2000;2.83699760e+00
1749;8.800;850;900;2.82723836e+00
1750;7.500;300;350;2.81737013e+00
1751;4.200;1700;1750;2.81413525e+00
1752;6.300;1050;1100;2.81037922e+00
1753;7.500;400;450;2.79434193e+00
1754;8.500;1000;1050;2.79165139e+00
1755;1.200;1150;1200;2.79105808e+00
1756;6.900;1550;1600;2.78919431e+00
1757;0.400;600;650;2.78116699e+00
1758;4.700;1750;1800;2.78023313e+00
1759;13.000;1600;1650;2.77446156e+00
1760;8.800;900;950;2.76905200e+00
1761;13.600;1850;1900;2.76402316e+00
1762;5.000;1700;1750;2.76182357e+00
1763;11.400;1050;1100;2.75885243e+00
1764;15.400;1000;1050;2.73599850e+00
1765;4.900;900;950;2.73280021e+00
1766;14.900;1200;1250;2.71957404e+00
1767;9.600;450;500;2.71597161e+00
1768;8.900;0;50;2.71390108e+00
1769;5.300;50;100;2.70411265e+00
1770;5.100;1000;1050;2.70181494e+00
1771;6.600;150;200;2.69809847e+00
1772;5.900;1150;1200;2.68999971e+00
1773;14.300;2100;2150;2.68848918e+00
1774;5.800;1050;1100;2.68590923e+00
1775;9.700;900;950;2.68303514e+00
1776;1.000;1600;1650;2.67073892e+00
1777;4.100;2850;2900;2.66847926e+00
1778;14.100;600;650;2.66820311e+00
1779;10.800;400;450;2.66270429e+00
1780;11.200;1050;1100;2.65960810e+00
1781;0.200;250;300;2.65617123e+00
1782;12.900;900;950;2.65085305e+00
1783;12.000;700;750;2.64412640e+00
1784;15.100;0;50;2.64049446e+00
1785;12.600;1200;1250;2.64020877e+00
1786;0.300;100;150;2.63845693e+00
1787;2.600;400;450;2.63182179e+00
1788;1.100;500;550;2.63146199e+00
1789;12.100;500;550;2.62573155e+00
1790;7.600;400;450;2.61952160e+00
1791;6.300;250;300;2.61888107e+00
1792;8.400;1050;1100;2.60787989e+00
1793;9.000;1550;1600;2.60345496e+00
1794;13.300;1550;1600;2.60101929e+00
1795;5.400;500;550;2.59382690e+00
1796;8.000;1000;1050;2.57637185e+00
1797;1.800;250;300;2.55079288e+00
1798;1.100;1050;1100;2.55064364e+00
1799;8.000;800;850;2.54996332e+00
1800;14.600;1750;1800;2.54795954e+00
1801;6.100;500;550;2.54502758e+00
1802;6.400;250;300;2.53603182e+00
1803;14.500;800;850;2.52782685e+00
1804;5.200;800;850;2.52495555e+00
1805;4.100;900;950;2.52046648e+00
1806;8.000;650;700;2.51388595e+00
1807;12.400;750;800;2.50175256e+00
1808;9.900;650;700;2.49648878e+00
1809;8.300;1100;1150;2.49507649e+00
1810;11.500;1050;1100;2.48754068e+00
1811;12.800;800;850;2.48454428e+00
1812;4.800;1550;1600;2.47744334e+00
1813;12.900;850;900;2.46712113e+00
1814;5.800;1950;2000;2.46393956e+00
1815;13.800;600;650;2.46291894e+00
1816;12.900;800;850;2.45654987e+00
1817;6.100;1950;2000;2.44988183e+00
1818;15.600;1000;1050;2.44930516e+00
1819;15.700;200;250;2.43279625e+00
1820;4.700;1250;1300;2.42778398e+00
1821;8.000;1100;1150;2.41566547e+00
1822;8.100;1000;1050;2.40494950e+00
1823;7.700;400;450;2.40214386e+00
1824;15.600;550;600;2.39401152e+00
1825;15.000;1200;1250;2.39363819e+00
1826;5.100;2750;2800;2.39234944e+00
1827;5.000;1450;1500;2.39083063e+00
1828;3.900;700;750;2.37354299e+00
1829;4.000;1150;1200;2.36379382e+00
1830;15.100;450;500;2.36363618e+00
1831;4.100;750;800;2.35753476e+00
1832;5.100;500;550;2.35034981e+00
1833;0.300;300;350;2.33729708e+00
1834;4.000;1950;2000;2.33102980e+00
1835;0.800;600;650;2.32395129e+00
1836;4.700;1400;1450;2.32258428e+00
1837;12.200;1000;1050;2.32238069e+00
1838;7.600;300;350;2.31682894e+00
1839;4.800;1250;1300;2.31611309e+00
1840;4.100;1950;2000;2.31388359e+00
1841;11.100;50;100;2.31155832e+00
1842;12.700;1200;1250;2.30963039e+00
1843;6.000;1150;1200;2.30957888e+00
1844;15.400;450;500;2.29964749e+00
1845;12.700;750;800;2.29052922e+00
1846;9.000;850;900;2.28957768e+00
1847;11.100;500;550;2.28452775e+00
1848;0.800;50;100;2.28274661e+00
1849;12.600;1000;1050;2.27997320e+00
1850;8.000;1050;1100;2.27600229e+00
1851;12.500;600;650;2.27340418e+00
1852;14.300;550;600;2.27288217e+00
1853;4.100;600;650;2.26955583e+00
1854;13.200;550;600;2.26928957e+00
1855;9.100;1250;1300;2.26588073e+00
1856;11.300;100;150;2.25523955e+00
1857;11.900;350;400;2.25464383e+00
1858;13.600;750;800;2.25435153e+00
1859;15.700;650;700;2.25339516e+00
1860;8.700;900;950;2.25201529e+00
1861;13.100;800;850;2.25188148e+00
1862;6.100;650;700;2.23578814e+00
1863;12.300;800;850;2.22852341e+00
1864;4.800;1750;1800;2.22544529e+00
1865;4.100;2150;2200;2.22010663e+00
1866;1.000;500;550;2.21630902e+00
1867;12.500;1200;1250;2.21065484e+00
1868;7.900;900;950;2.20082325e+00
1869;1.900;250;300;2.19825213e+00
1870;3.900;400;450;2.19328340e+00
1871;8.100;1050;1100;2.18728696e+00
1872;6.400;1000;1050;2.17876798e+00
1873;4.600;1750;1800;2.17835149e+00
1874;12.800;1200;1250;2.17345105e+00
1875;11.200;500;550;2.16839336e+00
1876;6.900;150;200;2.16605031e+00
1877;5.100;850;900;2.16599654e+00
1878;4.200;2300;2350;2.16331856e+00
1879;8.700;850;900;2.16044389e+00
1880;14.500;0;50;2.15822729e+00
1881;6.600;1050;1100;2.15207733e+00
1882;11.000;500;550;2.14548278e+00
1883;15.700;1000;1050;2.13782182e+00
1884;13.200;0;50;2.13382438e+00
1885;9.400;1200;1250;2.13331552e+00
1886;8.600;1050;1100;2.13202517e+00
1887;11.600;1050;1100;2.13141602e+00
1888;13.000;1150;1200;2.12813065e+00
1889;13.600;900;950;2.12544197e+00
1890;5.700;1550;1600;2.11733004e+00
1891;13.900;200;250;2.11393561e+00
1892;9.700;750;800;2.11249495e+00
1893;7.800;400;450;2.10816838e+00
1894;0.200;550;600;2.10597091e+00
1895;5.500;650;700;2.10567886e+00
1896;13.000;1900;1950;2.10540735e+00
1897;6.500;1000;1050;2.09557991e+00
1898;11.900;200;250;2.08791683e+00
1899;5.500;700;750;2.08757440e+00
1900;10.100;1000;1050;2.08711929e+00
1901;0.900;1550;1600;2.08519766e+00
1902;3.600;100;150;2.08416044e+00
1903;8.100;1100;1150;2.08249294e+00
1904;12.500;1350;1400;2.08042832e+00
1905;7.900;850;900;2.07601261e+00
1906;8.200;1050;1100;2.07438211e+00
1907;9.600;600;650;2.07270056e+00
1908;8.900;1250;1300;2.06801654e+00
1909;5.300;100;150;2.06775370e+00
1910;5.700;50;100;2.06590399e+00
1911;9.200;550;600;2.06286815e+00
1912;9.300;850;900;2.05958263e+00
1913;14.200;1300;1350;2.05381014e+00
1914;14.200;1100;1150;2.04686721e+00
1915;9.900;700;750;2.04529225e+00
1916;14.500;2100;2150;2.04405692e+00
1917;15.700;550;600;2.04150698e+00
1918;13.900;500;550;2.04079117e+00
1919;3.900;250;300;2.03808488e+00
1920;15.800;1050;1100;2.03279826e+00
1921;1.200;300;350;2.01990156e+00
1922;14.500;1400;1450;2.01477808e+00
1923;9.100;850;900;2.01440805e+00
1924;0.600;50;100;2.01206099e+00
1925;7.900;700;750;2.00932794e+00
1926;3.000;350;400;2.00909252e+00
1927;14.600;0;50;2.00841116e+00
1928;5.700;1000;1050;2.00623396e+00
1929;5.100;550;600;2.00053755e+00
1930;10.000;500;550;1.98757198e+00
1931;6.200;1950;2000;1.98586094e+00
1932;6.500;250;300;1.97903179e+00
1933;1.100;1000;1050;1.97488862e+00
1934;11.300;1000;1050;1.97187874e+00
1935;14.300;1100;1150;1.97171282e+00
1936;4.800;0;50;1.96700627e+00
1937;15.900;200;250;1.96556338e+00
1938;12.200;1050;1100;1.96243915e+00
1939;12.300;950;1000;1.96147286e+00
1940;10.100;650;700;1.95963951e+00
1941;9.200;800;850;1.95510888e+00
1942;9.800;900;950;1.95437402e+00
1943;11.300;50;100;1.95323280e+00
1944;15.800;700;750;1.94278449e+00
1945;11.100;1050;1100;1.93787288e+00
1946;14.600;1350;1400;1.93728399e+00
1947;11.200;50;100;1.93221093e+00
1948;15.600;1200;1250;1.93200588e+00
1949;13.000;0;50;1.93135869e+00
1950;15.800;200;250;1.93097747e+00
1951;5.200;0;50;1.92877327e+00
1952;2.700;400;450;1.92870556e+00
1953;14.400;800;850;1.91339259e+00
1954;2.000;250;300;1.91257029e+00
1955;9.200;850;900;1.91251365e+00
1956;6.100;700;750;1.90934587e+00
1957;10.100;350;400;1.90798012e+00
1958;5.800;1000;1050;1.90586090e+00
1959;13.500;450;500;1.90221074e+00
1960;8.200;950;1000;1.89581792e+00
1961;5.300;1200;1250;1.89265700e+00
1962;11.400;100;150;1.89190430e+00
1963;4.400;550;600;1.88682729e+00
1964;5.000;2100;2150;1.88583414e+00
1965;9.200;1250;1300;1.88557145e+00
1966;13.700;1850;1900;1.88394477e+00
1967;5.000;2350;2400;1.88381815e+00
1968;4.000;950;1000;1.87824680e+00
1969;6.200;500;550;1.86997563e+00
1970;8.300;1650;1700;1.86782066e+00
1971;5.800;50;100;1.86323987e+00
1972;5.100;1100;1150;1.86157783e+00
1973;7.000;1550;1600;1.85932741e+00
1974;0.500;600;650;1.85682380e+00
1975;10.200;200;250;1.84720769e+00
1976;14.400;550;600;1.84604600e+00
1977;5.200;1600;1650;1.84289779e+00
1978;7.500;500;550;1.83436819e+00
1979;1.500;1550;1600;1.82523076e+00
1980;11.400;1000;1050;1.82438145e+00
1981;3.500;100;150;1.82110963e+00
1982;1.500;750;800;1.81956397e+00
1983;6.100;1150;1200;1.81377696e+00
1984;9.100;1850;1900;1.81161058e+00
1985;10.400;400;450;1.81155735e+00
1986;11.700;1050;1100;1.81032237e+00
1987;4.000;2250;2300;1.80842988e+00
1988;12.400;1000;1050;1.80621804e+00
1989;9.700;450;500;1.80192500e+00
1990;4.800;500;550;1.79825377e+00
1991;6.300;1000;1050;1.79810714e+00
1992;8.500;600;650;1.79771717e+00
1993;8.200;600;650;1.79742107e+00
1994;11.200;1000;1050;1.79560307e+00
1995;3.900;450;500;1.79485866e+00
1996;1.000;600;650;1.79145768e+00
1997;14.800;850;900;1.78219898e+00
1998;9.400;850;900;1.78050881e+00
1999;12.400;1050;1100;1.77708661e+00
2000;10.700;400;450;1.77648077e+00
2001;14.600;750;800;1.76917059e+00
2002;8.500;1200;1250;1.76253761e+00
2003;10.700;1050;1100;1.76185880e+00
2004;14.100;1300;1350;1.74211024e+00
2005;0.800;750;800;1.74037852e+00
2006;4.300;900;950;1.73984048e+00
2007;8.200;1650;1700;1.73882063e+00
2008;6.200;650;700;1.73506842e+00
2009;14.400;1550;1600;1.73404831e+00
2010;7.600;500;550;1.73222917e+00
2011;4.800;750;800;1.73040235e+00
2012;5.300;500;550;1.72888213e+00
2013;13.700;750;800;1.72884902e+00
2014;6.000;700;750;1.71652638e+00
2015;4.900;1750;1800;1.71308131e+00
2016;11.500;1000;1050;1.70483219e+00
2017;15.700;450;500;1.70347542e+00
2018;14.800;600;650;1.70153806e+00
2019;12.100;950;1000;1.70123149e+00
2020;11.800;1050;1100;1.69897740e+00
2021;15.200;750;800;1.69422310e+00
2022;4.900;100;150;1.69191254e+00
2023;10.900;500;550;1.68769287e+00
2024;0.300;1050;1100;1.68739208e+00
2025;14.300;1700;1750;1.68554295e+00
2026;10.000;650;700;1.68525826e+00
2027;8.500;750;800;1.68299964e+00
2028;7.200;1050;1100;1.68280811e+00
2029;12.600;800;850;1.68084569e+00
2030;0.600;450;500;1.67805023e+00
2031;5.300;2000;2050;1.67219592e+00
2032;11.300;500;550;1.67041325e+00
2033;5.900;50;100;1.66812754e+00
2034;13.100;1900;1950;1.66560724e+00
2035;2.800;400;450;1.66398765e+00
2036;2.100;250;300;1.66052072e+00
2037;13.300;550;600;1.65766680e+00
2038;15.700;1200;1250;1.65552917e+00
2039;6.600;250;300;1.65123646e+00
2040;4.200;900;950;1.64870895e+00
2041;14.400;600;650;1.64714638e+00
2042;10.300;650;700;1.64663476e+00
2043;3.900;0;50;1.64569250e+00
2044;7.400;500;550;1.63807711e+00
2045;15.500;450;500;1.63760325e+00
2046;14.800;0;50;1.63510218e+00
2047;8.700;1450;1500;1.63459899e+00
2048;14.100;1100;1150;1.63134018e+00
2049;9.500;850;900;1.62799971e+00
2050;8.300;1050;1100;1.62570647e+00
2051;0.400;750;800;1.62079855e+00
2052;5.300;200;250;1.61906682e+00
2053;13.500;1250;1300;1.61528787e+00
2054;5.600;1050;1100;1.61466686e+00
2055;10.400;200;250;1.61274945e+00
2056;15.400;1200;1250;1.61206078e+00
2057;10.200;1050;1100;1.61003419e+00
2058;0.700;600;650;1.60660359e+00
2059;11.500;50;100;1.60639684e+00
2060;4.000;2650;2700;1.59977696e+00
2061;1.100;0;50;1.59915919e+00
2062;10.100;700;750;1.59253575e+00
2063;4.000;1650;1700;1.59155080e+00
2064;12.800;0;50;1.58957220e+00
2065;15.500;1200;1250;1.58270573e+00
2066;13.500;650;700;1.57804055e+00
2067;14.700;0;50;1.57779464e+00
2068;7.100;1050;1100;1.57259882e+00
2069;8.700;750;800;1.56704894e+00
2070;0.600;150;200;1.56231624e+00
2071;12.300;1650;1700;1.56132028e+00
2072;4.900;1250;1300;1.55750719e+00
2073;11.000;1050;1100;1.54891869e+00
2074;6.000;650;700;1.54864043e+00
2075;2.900;400;450;1.54310221e+00
2076;9.100;1300;1350;1.53812516e+00
2077;13.900;600;650;1.53587494e+00
2078;9.800;750;800;1.53217545e+00
2079;1.000;1200;1250;1.53126121e+00
2080;1.000;650;700;1.53079756e+00
2081;1.200;200;250;1.52666097e+00
2082;10.200;500;550;1.52269506e+00
2083;14.200;1400;1450;1.52248587e+00
2084;13.000;1450;1500;1.51825978e+00
2085;14.800;1250;1300;1.51644869e+00
2086;10.200;1000;1050;1.51577637e+00
2087;15.800;1000;1050;1.51542978e+00
2088;13.700;900;950;1.51213296e+00
2089;9.300;800;850;1.51187224e+00
2090;12.100;800;850;1.50802602e+00
2091;5.600;100;150;1.50768628e+00
2092;5.900;1050;1100;1.50696732e+00
2093;15.300;450;500;1.50689565e+00
2094;8.400;1000;1050;1.50566481e+00
2095;5.500;50;100;1.49791078e+00
2096;10.800;1050;1100;1.49507638e+00
2097;13.900;350;400;1.49222619e+00
2098;11.900;1050;1100;1.49075587e+00
2099;10.300;500;550;1.48990406e+00
2100;11.400;50;100;1.48221431e+00
2101;3.100;350;400;1.47007699e+00
2102;13.400;1550;1600;1.46972324e+00
2103;8.600;1200;1250;1.46483702e+00
2104;12.500;1400;1450;1.46375570e+00
2105;7.800;150;200;1.46164213e+00
2106;0.700;150;200;1.45881738e+00
2107;12.200;950;1000;1.45589193e+00
2108;6.300;1950;2000;1.44719518e+00
2109;12.500;1750;1800;1.44334352e+00
2110;14.000;850;900;1.44259927e+00
2111;11.600;1000;1050;1.43806065e+00
2112;6.200;700;750;1.43683093e+00
2113;9.300;550;600;1.43675256e+00
2114;10.600;1050;1100;1.43467118e+00
2115;8.000;550;600;1.43287491e+00
2116;3.600;0;50;1.43179640e+00
2117;2.200;250;300;1.43151046e+00
2118;11.600;50;100;1.43097925e+00
2119;9.900;900;950;1.42056481e+00
2120;1.200;500;550;1.41950185e+00
2121;6.200;1150;1200;1.41707278e+00
2122;15.600;450;500;1.40907973e+00
2123;0.800;100;150;1.40878143e+00
2124;14.100;900;950;1.40280116e+00
2125;14.600;2100;2150;1.39495569e+00
2126;7.300;1050;1100;1.38063570e+00
2127;5.500;1950;2000;1.37816378e+00
2128;14.200;1750;1800;1.37666011e+00
2129;10.500;200;250;1.36621792e+00
2130;1.300;1150;1200;1.36621318e+00
2131;14.700;800;850;1.36526006e+00
2132;8.900;950;1000;1.36145534e+00
2133;14.000;1400;1450;1.35982786e+00
2134;14.500;1550;1600;1.35893902e+00
2135;10.700;1000;1050;1.35691637e+00
2136;10.400;500;550;1.35538089e+00
2137;4.800;550;600;1.35310157e+00
2138;10.100;500;550;1.35289328e+00
2139;11.700;50;100;1.35281710e+00
2140;4.100;2650;2700;1.34827902e+00
2141;11.800;50;100;1.34525212e+00
2142;7.700;500;550;1.33782140e+00
2143;14.600;1450;1500;1.33457603e+00
2144;15.800;1200;1250;1.32246958e+00
2145;15.000;1350;1400;1.31813231e+00
2146;10.300;700;750;1.31648014e+00
2147;10.300;200;250;1.31519683e+00
2148;13.000;1350;1400;1.31448248e+00
2149;1.200;1050;1100;1.31195250e+00
2150;6.600;1000;1050;1.31000163e+00
2151;13.000;1100;1150;1.30948041e+00
2152;4.300;600;650;1.30938039e+00
2153;9.800;450;500;1.30870538e+00
2154;12.600;1750;1800;1.30497736e+00
2155;9.600;850;900;1.30281902e+00
2156;14.000;1100;1150;1.29876147e+00
2157;11.100;1000;1050;1.29860405e+00
2158;5.000;950;1000;1.29785077e+00
2159;14.400;1700;1750;1.29587918e+00
2160;14.900;850;900;1.29344493e+00
2161;10.900;1050;1100;1.29327533e+00
2162;5.500;1750;1800;1.29302947e+00
2163;8.400;1650;1700;1.29263855e+00
2164;15.900;700;750;1.28957948e+00
2165;8.100;550;600;1.28492998e+00
2166;15.800;550;600;1.28285994e+00
2167;7.000;150;200;1.27670567e+00
2168;1.200;100;150;1.27372123e+00
2169;5.300;850;900;1.27045502e+00
2170;4.200;1900;1950;1.26756347e+00
2171;12.400;1200;1250;1.26753643e+00
2172;5.800;1550;1600;1.26452580e+00
2173;6.700;250;300;1.26440861e+00
2174;11.500;100;150;1.26180895e+00
2175;12.000;950;1000;1.25909203e+00
2176;14.800;800;850;1.25833498e+00
2177;10.200;350;400;1.25814288e+00
2178;14.700;1750;1800;1.25784733e+00
2179;8.300;1200;1250;1.25467623e+00
2180;14.100;1400;1450;1.25412489e+00
2181;14.700;1350;1400;1.25386682e+00
2182;0.700;450;500;1.25359185e+00
2183;13.900;900;950;1.25020514e+00
2184;12.900;1200;1250;1.24895525e+00
2185;2.300;250;300;1.24891594e+00
2186;5.000;1250;1300;1.24659296e+00
2187;7.900;500;550;1.24647620e+00
2188;11.900;450;500;1.24429049e+00
2189;14.400;1100;1150;1.24261875e+00
2190;15.900;450;500;1.23841007e+00
2191;8.400;1200;1250;1.23503539e+00
2192;13.500;700;750;1.23213861e+00
2193;5.600;1750;1800;1.22824074e+00
2194;11.400;350;400;1.22776958e+00
2195;7.900;1000;1050;1.22530854e+00
2196;11.700;1000;1050;1.22333386e+00
2197;13.800;750;800;1.22005089e+00
2198;13.800;900;950;1.21921705e+00
2199;12.000;1000;1050;1.21886345e+00
2200;14.600;1400;1450;1.21735757e+00
2201;12.000;800;850;1.21651020e+00
2202;0.900;1200;1250;1.21170080e+00
2203;15.600;800;850;1.21148071e+00
2204;0.800;150;200;1.21144815e+00
2205;8.500;950;1000;1.21062876e+00
2206;9.600;0;50;1.21026137e+00
2207;8.200;1200;1250;1.20832648e+00
2208;5.200;1050;1100;1.20793332e+00
2209;7.900;750;800;1.20729420e+00
2210;8.300;1000;1050;1.20493544e+00
2211;4.400;900;950;1.20192381e+00
2212;15.900;650;700;1.20120997e+00
2213;6.800;250;300;1.19985849e+00
2214;6.200;1050;1100;1.19820286e+00
2215;3.800;100;150;1.19769686e+00
2216;13.700;650;700;1.19552523e+00
2217;7.700;150;200;1.19551691e+00
2218;0.600;600;650;1.19322356e+00
2219;6.000;50;100;1.19004411e+00
2220;0.800;1200;1250;1.18503766e+00
2221;4.400;2100;2150;1.18469884e+00
2222;5.300;800;850;1.18397771e+00
2223;10.600;200;250;1.18379895e+00
2224;11.100;450;500;1.17916506e+00
2225;4.400;600;650;1.17344327e+00
2226;5.400;1200;1250;1.17289713e+00
2227;14.000;1150;1200;1.17183819e+00
2228;10.600;400;450;1.17156044e+00
2229;8.600;1100;1150;1.16276434e+00
2230;13.600;650;700;1.16151471e+00
2231;11.800;1000;1050;1.15678478e+00
2232;10.000;700;750;1.15350050e+00
2233;5.100;900;950;1.14793338e+00
2234;4.500;550;600;1.14670731e+00
2235;8.200;1450;1500;1.14644310e+00
2236;9.900;750;800;1.14456976e+00
2237;13.200;800;850;1.14419314e+00
2238;8.500;1650;1700;1.14034441e+00
2239;12.300;1200;1250;1.14030634e+00
2240;11.000;450;500;1.13324908e+00
2241;5.200;2750;2800;1.13321996e+00
2242;3.900;850;900;1.13220607e+00
2243;15.000;0;50;1.12966447e+00
2244;11.200;450;500;1.12869162e+00
2245;4.800;1850;1900;1.12700492e+00
2246;15.200;0;50;1.12511987e+00
2247;13.100;950;1000;1.12336845e+00
2248;12.200;800;850;1.12181474e+00
2249;14.600;1550;1600;1.12144381e+00
2250;5.200;500;550;1.12142552e+00
2251;15.100;1200;1250;1.11781039e+00
2252;12.600;1350;1400;1.11720815e+00
2253;5.400;1750;1800;1.11530885e+00
2254;5.000;1400;1450;1.11494157e+00
2255;12.000;550;600;1.11483207e+00
2256;12.400;1650;1700;1.10957684e+00
2257;9.500;0;50;1.10943907e+00
2258;6.300;1150;1200;1.10884378e+00
2259;8.400;600;650;1.10820934e+00
2260;5.900;1200;1250;1.10708404e+00
2261;10.800;200;250;1.10613353e+00
2262;7.300;500;550;1.10380641e+00
2263;8.700;950;1000;1.10328853e+00
2264;8.600;1000;1050;1.10246226e+00
2265;5.700;1750;1800;1.10099073e+00
2266;14.300;1300;1350;1.10077042e+00
2267;14.300;1550;1600;1.09968079e+00
2268;9.800;0;50;1.09876922e+00
2269;4.000;2600;2650;1.09554997e+00
2270;10.800;500;550;1.09470683e+00
2271;14.300;1150;1200;1.09188616e+00
2272;2.400;250;300;1.08953033e+00
2273;10.700;200;250;1.08928156e+00
2274;10.200;650;700;1.08916883e+00
2275;3.900;500;550;1.08483639e+00
2276;1.000;0;50;1.08467271e+00
2277;11.900;500;550;1.08322762e+00
2278;1.200;1000;1050;1.08196324e+00
2279;10.500;1050;1100;1.07940122e+00
2280;9.900;450;500;1.07823359e+00
2281;7.100;1550;1600;1.07805422e+00
2282;8.900;1450;1500;1.07743126e+00
2283;10.900;450;500;1.07596677e+00
2284;10.800;1000;1050;1.07508939e+00
2285;5.300;600;650;1.07376951e+00
2286;10.700;450;500;1.07319974e+00
2287;11.900;1000;1050;1.07285826e+00
2288;12.800;1450;1500;1.07255301e+00
2289;1.200;1950;2000;1.07238837e+00
2290;11.400;450;500;1.07216449e+00
2291;1.300;200;250;1.07213823e+00
2292;5.900;1000;1050;1.07103856e+00
2293;10.600;1000;1050;1.06791970e+00
2294;11.000;1000;1050;1.06471854e+00
2295;6.500;650;700;1.06469350e+00
2296;9.700;600;650;1.06401907e+00
2297;4.900;1550;1600;1.06398207e+00
2298;5.900;700;750;1.06238172e+00
2299;15.300;750;800;1.06096283e+00
2300;3.900;200;250;1.06049774e+00
2301;8.900;1350;1400;1.06024344e+00
2302;8.100;1550;1600;1.05913631e+00
2303;7.200;1000;1050;1.05718444e+00
2304;5.400;200;250;1.05617184e+00
2305;3.200;350;400;1.05502099e+00
2306;1.300;1000;1050;1.05465507e+00
2307;8.600;750;800;1.05461320e+00
2308;11.500;350;400;1.05300948e+00
2309;8.100;700;750;1.05224667e+00
2310;5.600;1000;1050;1.04742640e+00
2311;7.800;300;350;1.04651603e+00
2312;15.100;800;850;1.04482238e+00
2313;11.600;100;150;1.04357356e+00
2314;3.000;400;450;1.04344407e+00
2315;10.800;450;500;1.04247836e+00
2316;8.200;1100;1150;1.04201965e+00
2317;6.100;1200;1250;1.04155760e+00
2318;5.700;750;800;1.03945195e+00
2319;4.300;1450;1500;1.03902216e+00
2320;5.200;1000;1050;1.03701735e+00
2321;4.000;2050;2100;1.03658701e+00
2322;12.600;750;800;1.03571029e+00
2323;15.100;1350;1400;1.03484423e+00
2324;11.300;350;400;1.03483095e+00
2325;5.400;100;150;1.03367989e+00
2326;7.700;300;350;1.03298905e+00
2327;13.900;750;800;1.03282403e+00
2328;8.300;950;1000;1.03209409e+00
2329;6.300;500;550;1.03170519e+00
2330;0.200;800;850;1.03119204e+00
2331;14.500;1450;1500;1.03049329e+00
2332;13.600;1200;1250;1.03034625e+00
2333;5.700;1950;2000;1.02604774e+00
2334;5.800;1200;1250;1.02588947e+00
2335;0.300;0;50;1.02580144e+00
2336;11.300;450;500;1.02500216e+00
2337;9.700;0;50;1.02185880e+00
2338;9.700;850;900;1.01967425e+00
2339;1.600;750;800;1.01702691e+00
2340;6.900;250;300;1.01593595e+00
2341;15.500;800;850;1.01557334e+00
2342;6.700;500;550;1.01535562e+00
2343;12.000;1050;1100;1.01170747e+00
2344;8.800;1200;1250;1.01142094e+00
2345;9.100;1550;1600;1.01030707e+00
2346;5.100;1500;1550;1.00886851e+00
2347;7.600;150;200;1.00772740e+00
2348;4.500;1750;1800;1.00701396e+00
2349;12.500;1650;1700;1.00698971e+00
2350;6.700;1050;1100;1.00344579e+00
2351;6.000;1200;1250;1.00310483e+00
2352;5.100;1750;1800;1.00150227e+00
2353;10.400;450;500;9.99401535e-01
2354;14.800;1350;1400;9.98936217e-01
2355;13.200;1900;1950;9.96749386e-01
2356;4.200;800;850;9.96585135e-01
2357;7.100;1000;1050;9.93952711e-01
2358;4.500;600;650;9.92198208e-01
2359;11.700;450;500;9.91591847e-01
2360;8.000;1550;1600;9.88989599e-01
2361;0.900;750;800;9.88976017e-01
2362;1.300;1050;1100;9.88968268e-01
2363;0.300;1450;1500;9.87437673e-01
2364;3.900;650;700;9.86647796e-01
2365;14.000;2000;2050;9.85965266e-01
2366;0.300;450;500;9.85650943e-01
2367;15.000;600;650;9.82746743e-01
2368;4.200;250;300;9.82610615e-01
2369;2.200;1550;1600;9.80992199e-01
2370;11.500;450;500;9.80788954e-01
2371;5.100;1650;1700;9.79409376e-01
2372;7.900;650;700;9.79003709e-01
2373;10.200;700;750;9.78657443e-01
2374;4.200;2150;2200;9.78414001e-01
2375;15.900;550;600;9.78103240e-01
2376;5.700;100;150;9.77368837e-01
2377;0.200;650;700;9.76579402e-01
2378;9.300;1250;1300;9.72089402e-01
2379;15.900;1200;1250;9.68841246e-01
2380;14.200;1150;1200;9.67074750e-01
2381;4.800;1350;1400;9.65804138e-01
2382;6.200;1200;1250;9.64859232e-01
2383;11.400;500;550;9.64593209e-01
2384;5.200;850;900;9.64445784e-01
2385;5.900;650;700;9.61479969e-01
2386;5.300;1750;1800;9.56316685e-01
2387;6.500;700;750;9.56169510e-01
2388;10.300;350;400;9.53582480e-01
2389;8.300;1450;1500;9.52982379e-01
2390;9.500;1200;1250;9.52010757e-01
2391;11.700;100;150;9.51407137e-01
2392;10.600;450;500;9.51146067e-01
2393;4.100;1600;1650;9.48209516e-01
2394;12.200;600;650;9.47802401e-01
2395;2.300;1550;1600;9.47285234e-01
2396;14.900;0;50;9.46302326e-01
2397;12.000;600;650;9.46205977e-01
2398;15.400;750;800;9.45870085e-01
2399;3.100;400;450;9.45750846e-01
2400;10.500;450;500;9.45505562e-01
2401;15.200;1350;1400;9.45238452e-01
2402;2.500;250;300;9.44957688e-01
2403;12.300;1050;1100;9.44589299e-01
2404;14.900;1350;1400;9.40556975e-01
2405;12.100;550;600;9.39324599e-01
2406;8.100;1450;1500;9.39232222e-01
2407;5.700;1200;1250;9.38710143e-01
2408;8.800;750;800;9.37578653e-01
2409;10.500;500;550;9.34055613e-01
2410;14.400;900;950;9.33674849e-01
2411;7.800;500;550;9.32855643e-01
2412;5.500;1200;1250;9.32845451e-01
2413;7.900;600;650;9.31011692e-01
2414;13.400;550;600;9.28149311e-01
2415;0.700;1200;1250;9.25110736e-01
2416;9.000;950;1000;9.24772366e-01
2417;15.300;1450;1500;9.22611838e-01
2418;14.900;1250;1300;9.21875258e-01
2419;14.400;1450;1500;9.19667177e-01
2420;12.400;950;1000;9.19041594e-01
2421;8.900;1550;1600;9.15307091e-01
2422;4.400;800;850;9.14944370e-01
2423;8.800;1450;1500;9.13770645e-01
2424;12.200;1350;1400;9.13086625e-01
2425;3.200;400;450;9.12130594e-01
2426;6.600;500;550;9.05798864e-01
2427;3.900;350;400;9.04454627e-01
2428;13.000;1500;1550;9.03591015e-01
2429;2.100;1550;1600;9.03551942e-01
2430;10.100;450;500;9.01586621e-01
2431;10.500;400;450;9.00973386e-01
2432;14.000;1650;1700;9.00516490e-01
2433;5.500;200;250;9.00420336e-01
2434;6.400;1150;1200;8.99411860e-01
2435;12.400;600;650;8.99259019e-01
2436;0.700;550;600;8.98940139e-01
2437;11.600;350;400;8.96819179e-01
2438;9.400;0;50;8.96510034e-01
2439;11.600;450;500;8.96412794e-01
2440;5.800;1750;1800;8.95628387e-01
2441;11.800;450;500;8.94766168e-01
2442;10.900;200;250;8.94727645e-01
2443;8.200;1550;1600;8.93666333e-01
2444;6.300;1200;1250;8.90385574e-01
2445;5.500;100;150;8.89970472e-01
2446;12.700;800;850;8.89745967e-01
2447;4.300;2300;2350;8.87488848e-01
2448;10.900;1000;1050;8.87377868e-01
2449;2.400;1550;1600;8.85542050e-01
2450;5.500;1050;1100;8.80328970e-01
2451;4.000;2450;2500;8.77613130e-01
2452;12.200;1100;1150;8.74875944e-01
2453;7.900;550;600;8.74480196e-01
2454;3.900;900;950;8.72594098e-01
2455;9.200;1850;1900;8.70688165e-01
2456;15.100;950;1000;8.70041006e-01
2457;14.100;2000;2050;8.67431737e-01
2458;1.400;1000;1050;8.65665887e-01
2459;3.900;550;600;8.65634769e-01
2460;1.400;200;250;8.64406988e-01
2461;12.100;1100;1150;8.64162602e-01
2462;0.500;0;50;8.63937670e-01
2463;14.800;550;600;8.63612774e-01
2464;15.600;1250;1300;8.62614811e-01
2465;8.000;1450;1500;8.58754509e-01
2466;13.100;850;900;8.54204696e-01
2467;7.300;1000;1050;8.51319203e-01
2468;8.300;1250;1300;8.51023473e-01
2469;10.300;450;500;8.50766897e-01
2470;15.000;1250;1300;8.48884900e-01
2471;5.400;850;900;8.48532775e-01
2472;9.900;0;50;8.46547820e-01
2473;11.700;350;400;8.45638999e-01
2474;8.700;1200;1250;8.41388558e-01
2475;1.200;150;200;8.39420999e-01
2476;4.300;800;850;8.38470035e-01
2477;4.800;1900;1950;8.38014169e-01
2478;6.900;650;700;8.38007245e-01
2479;4.100;800;850;8.35753382e-01
2480;6.200;50;100;8.35480033e-01
2481;0.900;1600;1650;8.34667615e-01
2482;5.100;2350;2400;8.34557188e-01
2483;6.400;1950;2000;8.32116348e-01
2484;9.400;550;600;8.30476826e-01
2485;10.000;900;950;8.29412709e-01
2486;12.900;0;50;8.28100740e-01
2487;8.600;950;1000;8.27666300e-01
2488;14.900;800;850;8.26070493e-01
2489;4.600;0;50;8.25200465e-01
2490;4.500;800;850;8.24789451e-01
2491;9.200;0;50;8.22763801e-01
2492;10.200;450;500;8.21688000e-01
2493;8.800;950;1000;8.21050956e-01
2494;2.200;1050;1100;8.20788036e-01
2495;9.300;0;50;8.19031591e-01
2496;2.600;250;300;8.18797183e-01
2497;8.600;1650;1700;8.18462374e-01
2498;10.700;500;550;8.16643113e-01
2499;12.600;1400;1450;8.13795549e-01
2500;13.800;1850;1900;8.13343622e-01
2501;13.500;1550;1600;8.10307509e-01
2502;1.300;500;550;8.09538097e-01
2503;8.900;1850;1900;8.08987645e-01
2504;10.000;0;50;8.08107622e-01
2505;8.400;950;1000;8.07200608e-01
2506;5.600;1200;1250;8.06730077e-01
2507;6.800;500;550;8.05127758e-01
2508;8.100;650;700;8.04976576e-01
2509;4.700;1900;1950;8.04936772e-01
2510;5.300;1600;1650;8.03822448e-01
2511;7.100;150;200;8.03359852e-01
2512;7.000;1050;1100;8.03191248e-01
2513;5.200;1750;1800;7.99771286e-01
2514;4.700;1850;1900;7.99571373e-01
2515;4.800;1400;1450;7.98849708e-01
2516;14.500;900;950;7.97309115e-01
2517;11.200;350;400;7.96374335e-01
2518;9.400;800;850;7.93493941e-01
2519;14.700;1550;1600;7.90305530e-01
2520;2.300;1050;1100;7.89307510e-01
2521;13.700;700;750;7.86639829e-01
2522;11.100;350;400;7.86036741e-01
2523;14.100;1150;1200;7.84897634e-01
2524;10.600;500;550;7.84290199e-01
2525;10.000;450;500;7.82111584e-01
2526;11.000;200;250;7.81814280e-01
2527;9.400;1250;1300;7.81784140e-01
2528;15.300;1350;1400;7.81343534e-01
2529;5.600;200;250;7.81211352e-01
2530;9.200;1300;1350;7.79966388e-01
2531;12.300;1350;1400;7.78956275e-01
2532;10.000;750;800;7.76404906e-01
2533;7.800;650;700;7.74508726e-01
2534;10.500;1000;1050;7.73580640e-01
2535;12.000;1100;1150;7.72871939e-01
2536;12.300;1250;1300;7.69918244e-01
2537;5.500;1000;1050;7.65468942e-01
2538;13.100;1300;1350;7.64251062e-01
2539;12.800;750;800;7.62540518e-01
2540;15.800;450;500;7.62078320e-01
2541;15.300;1200;1250;7.61549541e-01
2542;2.500;1550;1600;7.60556296e-01
2543;6.400;1200;1250;7.59757230e-01
2544;7.400;1050;1100;7.58830391e-01
2545;4.200;750;800;7.54457965e-01
2546;12.400;1250;1300;7.53345287e-01
2547;15.900;1050;1100;7.52938716e-01
2548;6.100;50;100;7.52450593e-01
2549;1.000;800;850;7.50556414e-01
2550;2.100;1050;1100;7.50016533e-01
2551;1.900;1050;1100;7.49452487e-01
2552;15.500;1250;1300;7.47623089e-01
2553;0.400;800;850;7.47196081e-01
2554;15.000;950;1000;7.46929299e-01
2555;7.800;700;750;7.45928390e-01
2556;4.400;1450;1500;7.44098382e-01
2557;4.200;1950;2000;7.42198787e-01
2558;12.700;1750;1800;7.39229806e-01
2559;8.400;1450;1500;7.38515798e-01
2560;2.400;1050;1100;7.36162492e-01
2561;14.900;600;650;7.30877688e-01
2562;14.300;2300;2350;7.30850731e-01
2563;8.400;1250;1300;7.30576589e-01
2564;12.600;1650;1700;7.29787816e-01
2565;2.000;1050;1100;7.29112288e-01
2566;0.200;750;800;7.28169571e-01
2567;11.800;500;550;7.27638081e-01
2568;3.900;750;800;7.27358389e-01
2569;13.600;700;750;7.26720767e-01
2570;6.200;1000;1050;7.26352289e-01
2571;9.800;850;900;7.24778288e-01
2572;4.900;1900;1950;7.24567976e-01
2573;1.100;450;500;7.24033797e-01
2574;1.800;1050;1100;7.21149598e-01
2575;14.500;1700;1750;7.18978957e-01
2576;8.200;1350;1400;7.17898340e-01
2577;0.800;450;500;7.17890897e-01
2578;14.800;1550;1600;7.14727383e-01
2579;13.600;450;500;7.13941600e-01
2580;15.400;1450;1500;7.08649053e-01
2581;10.800;350;400;7.07363903e-01
2582;2.000;1550;1600;7.07169113e-01
2583;10.300;1000;1050;7.06749312e-01
2584;2.500;1050;1100;7.04637378e-01
2585;13.800;500;550;7.03908875e-01
2586;7.000;250;300;7.02062201e-01
2587;12.200;1650;1700;7.01549223e-01
2588;1.400;1050;1100;7.00168507e-01
2589;3.700;0;50;6.99586560e-01
2590;4.300;1700;1750;6.99375770e-01
2591;4.800;450;500;6.99321897e-01
2592;2.700;250;300;6.96625752e-01
2593;15.000;850;900;6.96337870e-01
2594;3.800;0;50;6.95457315e-01
2595;14.700;1450;1500;6.94869396e-01
2596;1.400;1150;1200;6.93935672e-01
2597;15.400;1250;1300;6.92520476e-01
2598;11.800;350;400;6.92380695e-01
2599;15.700;1250;1300;6.91409790e-01
2600;13.300;1900;1950;6.89804169e-01
2601;5.800;100;150;6.85162022e-01
2602;6.500;1150;1200;6.84881534e-01
2603;3.300;400;450;6.84766950e-01
2604;8.500;1350;1400;6.84276831e-01
2605;1.500;200;250;6.80627161e-01
2606;14.200;2000;2050;6.79692249e-01
2607;6.900;700;750;6.79203569e-01
2608;12.000;650;700;6.77772644e-01
2609;1.800;1000;1050;6.71797500e-01
2610;4.200;2850;2900;6.68581587e-01
2611;0.300;800;850;6.68221954e-01
2612;5.700;200;250;6.67952061e-01
2613;14.700;2100;2150;6.66347108e-01
2614;12.700;1250;1300;6.65065885e-01
2615;8.400;1350;1400;6.64598209e-01
2616;15.000;800;850;6.63662655e-01
2617;14.600;550;600;6.61743809e-01
2618;4.500;900;950;6.59920008e-01
2619;3.500;400;450;6.59651909e-01
2620;8.500;1400;1450;6.59367569e-01
2621;13.100;2200;2250;6.57873066e-01
2622;5.000;2050;2100;6.57234891e-01
2623;4.000;3050;3100;6.56909901e-01
2624;4.500;0;50;6.56064614e-01
2625;14.600;1100;1150;6.54744882e-01
2626;4.200;1600;1650;6.53725794e-01
2627;10.100;0;50;6.51440324e-01
2628;12.300;1000;1050;6.49141516e-01
2629;5.200;900;950;6.47713522e-01
2630;10.200;0;50;6.47597566e-01
2631;6.500;500;550;6.47067337e-01
2632;6.500;1200;1250;6.45538862e-01
2633;3.300;350;400;6.45475337e-01
2634;7.700;650;700;6.44775067e-01
2635;2.600;1050;1100;6.43159707e-01
2636;14.000;950;1000;6.41926794e-01
2637;14.500;1100;1150;6.40989912e-01
2638;7.300;750;800;6.39717562e-01
2639;15.700;800;850;6.38173742e-01
2640;1.900;1000;1050;6.34819547e-01
2641;3.800;400;450;6.31131205e-01
2642;9.500;550;600;6.28331595e-01
2643;4.700;0;50;6.27969338e-01
2644;11.000;350;400;6.26538868e-01
2645;12.800;1250;1300;6.25948908e-01
2646;9.200;1550;1600;6.25818155e-01
2647;14.900;1550;1600;6.25368288e-01
2648;5.900;1750;1800;6.24956421e-01
2649;14.800;1750;1800;6.23656247e-01
2650;7.100;250;300;6.20512196e-01
2651;12.600;950;1000;6.20327756e-01
2652;4.600;1900;1950;6.20319285e-01
2653;0.500;800;850;6.12963194e-01
2654;4.400;2450;2500;6.11706112e-01
2655;1.700;750;800;6.11023043e-01
2656;11.800;100;150;6.10541760e-01
2657;15.200;1450;1500;6.08252720e-01
2658;6.700;1000;1050;6.07435348e-01
2659;7.900;1050;1100;6.04609514e-01
2660;5.400;1000;1050;6.03480581e-01
2661;9.100;950;1000;6.03145109e-01
2662;3.700;400;450;6.01694278e-01
2663;2.800;250;300;5.98169412e-01
2664;7.200;1550;1600;5.97207472e-01
2665;0.200;1450;1500;5.93470412e-01
2666;10.900;350;400;5.92930194e-01
2667;3.600;400;450;5.91702447e-01
2668;2.600;1550;1600;5.91419888e-01
2669;14.200;2100;2150;5.90933698e-01
2670;3.400;400;450;5.90252793e-01
2671;11.100;200;250;5.89259845e-01
2672;10.600;650;700;5.88039429e-01
2673;8.200;1250;1300;5.87029955e-01
2674;11.100;900;950;5.86676964e-01
2675;1.500;1000;1050;5.86090257e-01
2676;7.200;750;800;5.85198791e-01
2677;8.500;1750;1800;5.84785526e-01
2678;4.000;2500;2550;5.83764771e-01
2679;4.200;2650;2700;5.81519477e-01
2680;11.700;500;550;5.80960392e-01
2681;12.200;1450;1500;5.78074041e-01
2682;6.400;500;550;5.77367590e-01
2683;5.000;2800;2850;5.77201696e-01
2684;9.000;1600;1650;5.76605953e-01
2685;12.600;1100;1150;5.76441730e-01
2686;15.800;1250;1300;5.75949921e-01
2687;5.000;1850;1900;5.74532635e-01
2688;5.300;1000;1050;5.73368506e-01
2689;10.300;1050;1100;5.71620866e-01
2690;2.700;1050;1100;5.70786057e-01
2691;12.100;1450;1500;5.69278273e-01
2692;11.200;900;950;5.67945666e-01
2693;7.400;650;700;5.66762286e-01
2694;12.700;1350;1400;5.66412239e-01
2695;1.600;200;250;5.66193280e-01
2696;7.300;650;700;5.65855013e-01
2697;9.300;1550;1600;5.65606445e-01
2698;9.800;600;650;5.65558395e-01
2699;2.200;1000;1050;5.64469214e-01
2700;12.500;1250;1300;5.64427096e-01
2701;14.400;1150;1200;5.64133886e-01
2702;1.600;1550;1600;5.63913347e-01
2703;15.400;1350;1400;5.63800921e-01
2704;0.300;250;300;5.58603844e-01
2705;15.500;750;800;5.58077015e-01
2706;11.900;0;50;5.54071047e-01
2707;11.000;900;950;5.53567701e-01
2708;14.700;1400;1450;5.52448173e-01
2709;10.100;750;800;5.52332187e-01
2710;7.400;750;800;5.52271254e-01
2711;5.100;1250;1300;5.50906525e-01
2712;13.300;800;850;5.50132358e-01
2713;2.000;1000;1050;5.50094088e-01
2714;4.000;1800;1850;5.49150893e-01
2715;4.700;950;1000;5.47451760e-01
2716;10.400;350;400;5.43614148e-01
2717;8.000;1500;1550;5.43592218e-01
2718;10.400;650;700;5.43558801e-01
2719;9.300;950;1000;5.41880498e-01
2720;13.000;2200;2250;5.40051128e-01
2721;2.300;1000;1050;5.39962565e-01
2722;8.300;1550;1600;5.38764712e-01
2723;8.200;1500;1550;5.38366822e-01
2724;12.300;1100;1150;5.38343573e-01
2725;11.500;500;550;5.38298777e-01
2726;4.600;550;600;5.37287535e-01
2727;4.500;1300;1350;5.36912968e-01
2728;6.400;650;700;5.36748869e-01
2729;10.600;700;750;5.36250144e-01
2730;6.900;500;550;5.35583335e-01
2731;12.700;1100;1150;5.34145971e-01
2732;9.900;850;900;5.33623906e-01
2733;7.600;650;700;5.32381755e-01
2734;5.200;450;500;5.30195615e-01
2735;8.700;1350;1400;5.28902071e-01
2736;14.600;900;950;5.27562149e-01
2737;1.100;800;850;5.26926154e-01
2738;4.900;750;800;5.26103871e-01
2739;4.600;600;650;5.24191025e-01
2740;14.100;650;700;5.22459257e-01
2741;10.400;700;750;5.21456732e-01
2742;2.100;1000;1050;5.21351066e-01
2743;10.900;900;950;5.21297327e-01
2744;6.600;1200;1250;5.19779585e-01
2745;5.100;1900;1950;5.19567313e-01
2746;5.300;1050;1100;5.18409691e-01
2747;5.000;2300;2350;5.17191343e-01
2748;7.600;700;750;5.17086027e-01
2749;7.700;700;750;5.16820141e-01
2750;0.400;1450;1500;5.14932964e-01
2751;8.500;1450;1500;5.14152924e-01
2752;15.200;800;850;5.13007670e-01
2753;4.300;250;300;5.12739918e-01
2754;2.900;250;300;5.11475742e-01
2755;4.400;1750;1800;5.10308649e-01
2756;4.300;1900;1950;5.09633570e-01
2757;10.300;0;50;5.09140236e-01
2758;1.700;1050;1100;5.09014203e-01
2759;15.100;1100;1150;5.07807196e-01
2760;11.200;200;250;5.07425859e-01
2761;15.900;1000;1050;5.07210717e-01
2762;15.100;1250;1300;5.07101479e-01
2763;12.900;750;800;5.06528034e-01
2764;6.400;50;100;5.06175578e-01
2765;5.800;200;250;5.04798206e-01
2766;7.200;250;300;5.02691315e-01
2767;12.700;1400;1450;5.02496243e-01
2768;4.500;1450;1500;5.01236971e-01
2769;15.200;1200;1250;5.00188893e-01
2770;4.500;2450;2500;4.99918401e-01
2771;8.100;1500;1550;4.99816528e-01
2772;10.200;750;800;4.99631620e-01
2773;2.400;1000;1050;4.99591460e-01
2774;6.600;1150;1200;4.99034055e-01
2775;8.600;1350;1400;4.98644981e-01
2776;13.900;850;900;4.98502232e-01
2777;5.400;800;850;4.96508286e-01
2778;7.400;700;750;4.95801290e-01
2779;5.400;2000;2050;4.94566141e-01
2780;4.800;1950;2000;4.93986581e-01
2781;1.700;1000;1050;4.93675789e-01
2782;7.000;1000;1050;4.93601954e-01
2783;14.700;1100;1150;4.92953246e-01
2784;10.700;350;400;4.92788692e-01
2785;1.900;1550;1600;4.91555113e-01
2786;11.300;900;950;4.91393468e-01
2787;8.500;1250;1300;4.90237139e-01
2788;15.800;650;700;4.89664019e-01
2789;1.700;200;250;4.88774421e-01
2790;2.500;1000;1050;4.86002982e-01
2791;13.200;850;900;4.84318535e-01
2792;13.800;850;900;4.84263560e-01
2793;13.500;550;600;4.83576601e-01
2794;6.300;50;100;4.82548600e-01
2795;1.400;500;550;4.82073539e-01
2796;7.500;150;200;4.81373267e-01
2797;10.400;0;50;4.79181229e-01
2798;7.300;700;750;4.78206521e-01
2799;15.500;1450;1500;4.77943621e-01
2800;4.000;1450;1500;4.77910907e-01
2801;7.300;250;300;4.75196198e-01
2802;1.100;1200;1250;4.75189080e-01
2803;9.300;1850;1900;4.73918738e-01
2804;7.900;1550;1600;4.73165683e-01
2805;9.500;800;850;4.72176266e-01
2806;6.400;700;750;4.71537695e-01
2807;11.300;200;250;4.71403167e-01
2808;10.100;900;950;4.71266705e-01
2809;10.400;550;600;4.70593874e-01
2810;7.900;950;1000;4.69433138e-01
2811;8.000;1350;1400;4.69316798e-01
2812;4.700;1700;1750;4.69171725e-01
2813;10.500;0;50;4.68794733e-01
2814;9.300;1300;1350;4.67358332e-01
2815;15.000;1550;1600;4.67239724e-01
2816;12.300;1450;1500;4.66381438e-01
2817;9.000;1450;1500;4.65189725e-01
2818;14.900;550;600;4.64597499e-01
2819;12.000;1450;1500;4.64593662e-01
2820;13.700;850;900;4.64429512e-01
2821;4.600;900;950;4.62541709e-01
2822;12.800;1650;1700;4.62161112e-01
2823;0.900;150;200;4.62070739e-01
2824;14.600;800;850;4.61258105e-01
2825;10.600;550;600;4.61062422e-01
2826;8.700;1650;1700;4.60791947e-01
2827;14.300;1900;1950;4.57497901e-01
2828;4.300;750;800;4.57318983e-01
2829;13.200;950;1000;4.56967217e-01
2830;1.500;1050;1100;4.52702972e-01
2831;13.600;850;900;4.50183697e-01
2832;4.700;1950;2000;4.50109861e-01
2833;6.700;1200;1250;4.49124814e-01
2834;15.200;950;1000;4.48818486e-01
2835;8.700;1400;1450;4.48505499e-01
2836;14.100;1650;1700;4.48098242e-01
2837;14.600;1700;1750;4.47969459e-01
2838;13.300;950;1000;4.47092771e-01
2839;5.100;2100;2150;4.46815413e-01
2840;8.600;1450;1500;4.46482985e-01
2841;2.600;1000;1050;4.46211551e-01
2842;10.800;900;950;4.45924132e-01
2843;13.200;1300;1350;4.45365952e-01
2844;4.400;0;50;4.43554123e-01
2845;13.100;2850;2900;4.43444666e-01
2846;15.000;1100;1150;4.43264437e-01
2847;9.400;950;1000;4.43081381e-01
2848;4.500;1900;1950;4.42808444e-01
2849;4.900;1950;2000;4.42798334e-01
2850;10.400;1050;1100;4.41367342e-01
2851;11.600;500;550;4.40806260e-01
2852;6.600;50;100;4.40392953e-01
2853;4.600;800;850;4.39488421e-01
2854;7.400;1000;1050;4.39250394e-01
2855;12.400;1350;1400;4.38291297e-01
2856;7.400;250;300;4.37699682e-01
2857;2.800;1050;1100;4.37696836e-01
2858;0.600;800;850;4.36577583e-01
2859;14.200;1700;1750;4.35744665e-01
2860;4.200;1450;1500;4.35668688e-01
2861;1.600;1000;1050;4.34602986e-01
2862;15.200;1100;1150;4.34389156e-01
2863;1.300;50;100;4.34018098e-01
2864;5.900;100;150;4.33621901e-01
2865;6.200;1350;1400;4.31918802e-01
2866;3.000;250;300;4.31834207e-01
2867;2.700;1550;1600;4.31821240e-01
2868;7.200;500;550;4.31507929e-01
2869;0.500;1300;1350;4.31064103e-01
2870;11.400;900;950;4.31001740e-01
2871;10.300;750;800;4.30219229e-01
2872;5.900;200;250;4.30011663e-01
2873;0.700;1550;1600;4.28740462e-01
2874;4.100;1300;1350;4.28085087e-01
2875;0.400;1300;1350;4.27631011e-01
2876;12.500;1700;1750;4.27147573e-01
2877;0.800;900;950;4.26129619e-01
2878;0.200;700;750;4.26030588e-01
2879;13.400;1900;1950;4.25637949e-01
2880;1.000;1100;1150;4.25461329e-01
2881;10.300;550;600;4.25050143e-01
2882;1.800;200;250;4.24301950e-01
2883;5.200;2350;2400;4.24123384e-01
2884;15.100;600;650;4.24106026e-01
2885;8.600;1750;1800;4.23120011e-01
2886;5.500;850;900;4.23104810e-01
2887;12.700;1450;1500;4.21084830e-01
2888;10.500;350;400;4.20183334e-01
2889;4.700;2150;2200;4.20110305e-01
2890;3.900;1050;1100;4.18172733e-01
2891;6.100;1350;1400;4.17971686e-01
2892;6.000;200;250;4.17896624e-01
2893;15.000;1650;1700;4.16963622e-01
2894;4.900;1850;1900;4.14016130e-01
2895;5.400;1050;1100;4.13268752e-01
2896;6.000;1750;1800;4.11337229e-01
2897;12.500;950;1000;4.09518642e-01
2898;14.300;1950;2000;4.09027167e-01
2899;8.600;1550;1600;4.08690724e-01
2900;6.300;1350;1400;4.08655154e-01
2901;8.400;1550;1600;4.08586405e-01
2902;8.200;1700;1750;4.07681622e-01
2903;10.500;650;700;4.06858427e-01
2904;2.700;1000;1050;4.06331644e-01
2905;13.700;1200;1250;4.06259985e-01
2906;4.400;2300;2350;4.05993068e-01
2907;0.200;500;550;4.05871247e-01
2908;4.000;1500;1550;4.04099173e-01
2909;7.900;800;850;4.02971347e-01
2910;6.700;1150;1200;4.02295452e-01
2911;14.100;850;900;4.01480009e-01
2912;3.900;600;650;4.00637333e-01
2913;12.800;1750;1800;4.00567083e-01
2914;15.100;850;900;3.99495638e-01
2915;7.100;750;800;3.98964800e-01
2916;15.300;950;1000;3.98615521e-01
2917;15.500;1350;1400;3.97814933e-01
2918;10.600;350;400;3.97417600e-01
2919;13.800;650;700;3.97277990e-01
2920;8.100;1350;1400;3.96890866e-01
2921;1.000;700;750;3.96354282e-01
2922;15.900;1250;1300;3.94072568e-01
2923;10.500;550;600;3.91759583e-01
2924;4.400;750;800;3.91053022e-01
2925;10.800;650;700;3.90941681e-01
2926;9.600;550;600;3.90320315e-01
2927;13.300;850;900;3.90283253e-01
2928;8.000;1300;1350;3.89863103e-01
2929;1.800;750;800;3.89212910e-01
2930;4.000;2400;2450;3.88231167e-01
2931;6.000;1350;1400;3.87765246e-01
2932;13.600;0;50;3.87565548e-01
2933;10.200;550;600;3.86167062e-01
2934;12.900;1450;1500;3.86053993e-01
2935;13.000;1650;1700;3.83088219e-01
2936;4.600;1950;2000;3.82127329e-01
2937;14.700;1300;1350;3.81258823e-01
2938;4.300;1600;1650;3.80650834e-01
2939;10.700;550;600;3.79346194e-01
2940;7.500;750;800;3.78762276e-01
2941;6.400;1350;1400;3.77472114e-01
2942;5.300;2750;2800;3.76769215e-01
2943;5.300;900;950;3.75925502e-01
2944;3.400;350;400;3.74766586e-01
2945;13.000;1400;1450;3.74762745e-01
2946;5.100;1700;1750;3.74400089e-01
2947;15.200;600;650;3.74120394e-01
2948;9.700;550;600;3.73751199e-01
2949;5.000;1800;1850;3.73548243e-01
2950;7.800;1550;1600;3.73042409e-01
2951;11.400;200;250;3.72676601e-01
2952;1.600;1050;1100;3.71706763e-01
2953;0.200;850;900;3.71542988e-01
2954;4.100;1100;1150;3.71236822e-01
2955;14.000;1700;1750;3.71035462e-01
2956;0.500;550;600;3.70582286e-01
2957;6.100;200;250;3.70108515e-01
2958;14.500;1650;1700;3.70098506e-01
2959;0.800;1250;1300;3.69585111e-01
2960;1.900;200;250;3.69551425e-01
2961;9.200;950;1000;3.69208558e-01
2962;13.400;850;900;3.67885977e-01
2963;12.600;1550;1600;3.67811443e-01
2964;3.100;250;300;3.67045035e-01
2965;12.100;700;750;3.66271724e-01
2966;11.100;750;800;3.65948183e-01
2967;10.900;550;600;3.65406401e-01
2968;4.600;1700;1750;3.65330232e-01
2969;12.200;1200;1250;3.65275182e-01
2970;10.700;900;950;3.63960629e-01
2971;8.600;1400;1450;3.63117462e-01
2972;8.300;1350;1400;3.62999619e-01
2973;7.200;850;900;3.61938382e-01
2974;14.300;2000;2050;3.61898806e-01
2975;4.600;2150;2200;3.61750625e-01
2976;6.000;1050;1100;3.61717515e-01
2977;7.200;650;700;3.61707047e-01
2978;1.300;1950;2000;3.61235034e-01
2979;13.900;1850;1900;3.60836800e-01
2980;14.400;1300;1350;3.60646867e-01
2981;9.000;1100;1150;3.59965311e-01
2982;7.500;1050;1100;3.58753511e-01
2983;15.100;1450;1500;3.58291465e-01
2984;4.900;1350;1400;3.57996434e-01
2985;10.400;1000;1050;3.57436293e-01
2986;2.900;1050;1100;3.56534930e-01
2987;11.200;750;800;3.56373949e-01
2988;12.900;1250;1300;3.56014786e-01
2989;6.500;1950;2000;3.55757624e-01
2990;4.800;2150;2200;3.55091346e-01
2991;4.700;1600;1650;3.54476359e-01
2992;10.700;0;50;3.54216645e-01
2993;13.300;0;50;3.53497870e-01
2994;15.700;750;800;3.52415559e-01
2995;12.700;950;1000;3.52224588e-01
2996;4.000;2000;2050;3.52007270e-01
2997;8.900;1600;1650;3.51810608e-01
2998;14.800;2100;2150;3.51382458e-01
2999;8.600;1250;1300;3.50428907e-01
3000;8.500;1550;1600;3.49993450e-01
3001;5.200;1500;1550;3.49425343e-01
3002;5.400;600;650;3.49265928e-01
3003;10.700;650;700;3.49209239e-01
3004;4.800;800;850;3.47513926e-01
3005;7.200;700;750;3.47206475e-01
3006;4.300;2450;2500;3.45235842e-01
3007;13.200;2850;2900;3.44989667e-01
3008;9.100;1450;1500;3.44689446e-01
3009;4.800;1700;1750;3.44687788e-01
3010;10.600;0;50;3.43345602e-01
3011;5.500;2100;2150;3.43032317e-01
3012;14.800;1100;1150;3.42856766e-01
3013;6.200;1400;1450;3.42592003e-01
3014;0.400;0;50;3.42554742e-01
3015;8.600;600;650;3.42417640e-01
3016;13.600;1550;1600;3.42032051e-01
3017;13.600;1250;1300;3.42002807e-01
3018;6.500;50;100;3.41267016e-01
3019;12.800;1400;1450;3.41191329e-01
3020;10.800;550;600;3.40886082e-01
3021;11.500;750;800;3.40632792e-01
3022;13.500;950;1000;3.40152890e-01
3023;6.300;700;750;3.40110128e-01
3024;15.300;1250;1300;3.39008228e-01
3025;14.200;1550;1600;3.38673421e-01
3026;6.800;1200;1250;3.38662967e-01
3027;7.500;250;300;3.38239049e-01
3028;1.500;1150;1200;3.36889562e-01
3029;11.500;900;950;3.35998998e-01
3030;10.400;750;800;3.35977159e-01
3031;5.000;3200;3250;3.35731105e-01
3032;9.600;1200;1250;3.34867422e-01
3033;13.400;950;1000;3.34826315e-01
3034;9.500;1250;1300;3.34448181e-01
3035;13.100;1600;1650;3.34380699e-01
3036;6.100;1400;1450;3.33679329e-01
3037;5.400;1600;1650;3.33093795e-01
3038;13.700;0;50;3.33059830e-01
3039;13.900;0;50;3.32996426e-01
3040;9.000;1350;1400;3.31168753e-01
3041;13.500;850;900;3.30503361e-01
3042;5.000;2150;2200;3.30026763e-01
3043;13.600;950;1000;3.29621062e-01
3044;7.200;150;200;3.28815766e-01
3045;15.600;750;800;3.28360990e-01
3046;11.000;750;800;3.27654293e-01
3047;1.500;500;550;3.27295274e-01
3048;15.400;800;850;3.25605973e-01
3049;3.500;0;50;3.25419995e-01
3050;4.600;1450;1500;3.24748514e-01
3051;2.000;200;250;3.23464931e-01
3052;6.300;1400;1450;3.23399932e-01
3053;14.700;900;950;3.23027889e-01
3054;14.000;2300;2350;3.22264758e-01
3055;4.400;1900;1950;3.21908938e-01
3056;6.500;1350;1400;3.21714609e-01
3057;6.300;650;700;3.21530685e-01
3058;4.000;2900;2950;3.21078981e-01
3059;7.400;850;900;3.19840108e-01
3060;9.200;1450;1500;3.19526538e-01
3061;11.000;550;600;3.18826655e-01
3062;12.600;1700;1750;3.18150179e-01
3063;8.700;1750;1800;3.17402355e-01
3064;12.400;1450;1500;3.16222769e-01
3065;6.000;100;150;3.15367279e-01
3066;15.300;1100;1150;3.14331412e-01
3067;1.200;800;850;3.14267806e-01
3068;6.800;1150;1200;3.13854620e-01
3069;6.600;650;700;3.13061054e-01
3070;5.900;1350;1400;3.12198729e-01
3071;9.800;550;600;3.12175775e-01
3072;9.900;600;650;3.11621907e-01
3073;0.700;1250;1300;3.11530919e-01
3074;14.600;1150;1200;3.11110064e-01
3075;3.200;250;300;3.10794631e-01
3076;0.600;100;150;3.10300478e-01
3077;8.900;1650;1700;3.10056144e-01
3078;10.000;850;900;3.09053498e-01
3079;13.000;2150;2200;3.08859078e-01
3080;11.100;650;700;3.08640599e-01
3081;11.300;750;800;3.07673402e-01
3082;6.700;850;900;3.07075961e-01
3083;13.500;1900;1950;3.06858664e-01
3084;12.700;1650;1700;3.06854886e-01
3085;7.300;1550;1600;3.06363979e-01
3086;6.000;1000;1050;3.05410021e-01
3087;14.500;1150;1200;3.05010989e-01
3088;9.500;950;1000;3.04720497e-01
3089;14.000;1850;1900;3.04484270e-01
3090;6.000;1400;1450;3.04363362e-01
3091;4.500;1600;1650;3.04234825e-01
3092;13.100;2150;2200;3.03871777e-01
3093;9.600;950;1000;3.02480443e-01
3094;1.300;100;150;3.02115775e-01
3095;4.400;1600;1650;3.01983308e-01
3096;5.600;2100;2150;3.01901890e-01
3097;2.800;1000;1050;3.01813749e-01
3098;4.900;1400;1450;3.01665168e-01
3099;4.000;3800;3850;3.01262088e-01
3100;4.000;1250;1300;3.00981687e-01
3101;10.000;600;650;3.00958015e-01
3102;15.600;1350;1400;3.00645366e-01
3103;0.300;1200;1250;3.00513070e-01
3104;14.500;1300;1350;3.00466940e-01
3105;8.000;1400;1450;3.00322747e-01
3106;11.900;750;800;2.99943699e-01
3107;6.100;100;150;2.99906659e-01
3108;3.000;1050;1100;2.98979928e-01
3109;2.800;1550;1600;2.98381648e-01
3110;14.000;1950;2000;2.97439447e-01
3111;7.000;850;900;2.96968112e-01
3112;6.200;200;250;2.96901688e-01
3113;7.500;650;700;2.96226683e-01
3114;6.400;1400;1450;2.95048797e-01
3115;0.600;300;350;2.92504153e-01
3116;9.600;800;850;2.92430039e-01
3117;7.700;1550;1600;2.92107663e-01
3118;14.100;550;600;2.91852488e-01
3119;11.600;750;800;2.91492875e-01
3120;4.900;800;850;2.91088227e-01
3121;12.700;2100;2150;2.90965900e-01
3122;4.700;1450;1500;2.90837032e-01
3123;7.600;250;300;2.90667559e-01
3124;5.200;1250;1300;2.90568197e-01
3125;5.000;2400;2450;2.90117682e-01
3126;10.100;550;600;2.89385034e-01
3127;8.300;1700;1750;2.88754240e-01
3128;12.300;600;650;2.88395443e-01
3129;7.000;650;700;2.87402195e-01
3130;12.600;1250;1300;2.86920144e-01
3131;6.800;50;100;2.86786543e-01
3132;5.400;2100;2150;2.86610376e-01
3133;0.800;1850;1900;2.85978551e-01
3134;6.300;100;150;2.85806329e-01
3135;0.400;550;600;2.85699639e-01
3136;4.600;2450;2500;2.85597743e-01
3137;4.900;1700;1750;2.84470216e-01
3138;12.600;2100;2150;2.84420053e-01
3139;10.500;700;750;2.83275960e-01
3140;15.100;1650;1700;2.82429879e-01
3141;9.400;1550;1600;2.81738165e-01
3142;10.700;700;750;2.80622488e-01
3143;13.800;0;50;2.80430651e-01
3144;8.900;1400;1450;2.80368562e-01
3145;1.200;0;50;2.79621582e-01
3146;2.100;200;250;2.78828156e-01
3147;1.800;1550;1600;2.78635094e-01
3148;4.100;2250;2300;2.78286488e-01
3149;11.800;750;800;2.78165001e-01
3150;8.500;1700;1750;2.76590512e-01
3151;14.100;2100;2150;2.76272192e-01
3152;6.900;850;900;2.76192497e-01
3153;6.500;850;900;2.75403879e-01
3154;4.500;2850;2900;2.75315814e-01
3155;4.300;1950;2000;2.75019472e-01
3156;9.900;550;600;2.74801198e-01
3157;6.600;700;750;2.73829730e-01
3158;0.200;1200;1250;2.73778148e-01
3159;5.800;1350;1400;2.73214259e-01
3160;12.700;1550;1600;2.72671054e-01
3161;14.900;1750;1800;2.72336229e-01
3162;7.400;150;200;2.72012096e-01
3163;8.000;2050;2100;2.71074483e-01
3164;10.800;0;50;2.71021908e-01
3165;15.400;600;650;2.70981147e-01
3166;4.900;450;500;2.70747198e-01
3167;5.500;450;500;2.69563635e-01
3168;4.700;800;850;2.69474074e-01
3169;8.700;1100;1150;2.68995166e-01
3170;13.100;1150;1200;2.68911807e-01
3171;7.500;700;750;2.68605642e-01
3172;15.000;900;950;2.68082610e-01
3173;14.100;1850;1900;2.67360721e-01
3174;11.100;550;600;2.67188788e-01
3175;11.400;750;800;2.66814745e-01
3176;11.600;200;250;2.66758749e-01
3177;4.000;2800;2850;2.66544449e-01
3178;5.200;1900;1950;2.66401688e-01
3179;12.600;600;650;2.66159897e-01
3180;12.900;1650;1700;2.65664396e-01
3181;9.400;1100;1150;2.65637882e-01
3182;11.600;900;950;2.65232544e-01
3183;7.800;1050;1100;2.64804713e-01
3184;0.500;1450;1500;2.64365255e-01
3185;14.100;2300;2350;2.63989070e-01
3186;13.100;2500;2550;2.63795307e-01
3187;9.700;800;850;2.63362141e-01
3188;0.700;800;850;2.63239535e-01
3189;15.400;950;1000;2.63148312e-01
3190;3.900;800;850;2.62645659e-01
3191;12.500;1100;1150;2.62363366e-01
3192;3.300;250;300;2.61711292e-01
3193;4.200;2450;2500;2.61050071e-01
3194;12.500;1450;1500;2.60350269e-01
3195;7.600;850;900;2.60276882e-01
3196;15.000;1300;1350;2.60267427e-01
3197;4.000;2350;2400;2.60059371e-01
3198;11.700;750;800;2.59754120e-01
3199;12.500;2100;2150;2.59097838e-01
3200;12.100;650;700;2.58784574e-01
3201;4.000;1850;1900;2.58467980e-01
3202;6.600;1350;1400;2.58056986e-01
3203;6.800;650;700;2.57739836e-01
3204;14.400;1900;1950;2.57612902e-01
3205;0.900;900;950;2.57597137e-01
3206;10.800;700;750;2.57017036e-01
3207;3.100;1050;1100;2.56103540e-01
3208;4.100;2450;2500;2.55772079e-01
3209;11.900;700;750;2.55489685e-01
3210;10.600;900;950;2.55286906e-01
3211;11.500;200;250;2.55281504e-01
3212;10.900;750;800;2.55198032e-01
3213;12.800;1100;1150;2.54908515e-01
3214;10.500;750;800;2.54808134e-01
3215;1.600;500;550;2.54588440e-01
3216;2.200;200;250;2.54285529e-01
3217;14.100;1950;2000;2.53880545e-01
3218;6.300;200;250;2.53781427e-01
3219;6.500;1400;1450;2.53682304e-01
3220;4.500;1950;2000;2.53569099e-01
3221;9.700;1200;1250;2.53041131e-01
3222;7.700;850;900;2.52995326e-01
3223;8.000;2100;2150;2.52693196e-01
3224;8.100;600;650;2.51719407e-01
3225;6.900;1150;1200;2.50852096e-01
3226;14.800;1300;1350;2.50265974e-01
3227;8.800;1750;1800;2.50218885e-01
3228;2.900;1000;1050;2.50005407e-01
3229;7.600;750;800;2.49716864e-01
3230;5.000;3600;3650;2.49409234e-01
3231;15.400;1100;1150;2.49019661e-01
3232;6.600;100;150;2.48963137e-01
3233;15.300;600;650;2.47266329e-01
3234;5.900;1400;1450;2.46945544e-01
3235;13.100;1450;1500;2.46892336e-01
3236;8.800;1400;1450;2.46807563e-01
3237;5.100;3200;3250;2.46697343e-01
3238;10.000;550;600;2.46622739e-01
3239;13.400;800;850;2.46533230e-01
3240;13.800;700;750;2.46380486e-01
3241;3.900;1000;1050;2.46186471e-01
3242;3.900;1600;1650;2.46119194e-01
3243;5.300;450;500;2.45102298e-01
3244;13.000;2850;2900;2.44767671e-01
3245;14.800;900;950;2.44667494e-01
3246;11.100;850;900;2.44527022e-01
3247;0.800;550;600;2.43406290e-01
3248;1.900;750;800;2.42434300e-01
3249;9.000;1650;1700;2.41870327e-01
3250;0.200;0;50;2.41295263e-01
3251;14.800;1400;1450;2.41186907e-01
3252;14.300;2150;2200;2.41118060e-01
3253;14.000;1500;1550;2.40834326e-01
3254;11.900;650;700;2.39648160e-01
3255;8.000;1150;1200;2.39594134e-01
3256;7.500;850;900;2.39263378e-01
3257;7.100;850;900;2.38236502e-01
3258;0.700;900;950;2.38218979e-01
3259;11.700;200;250;2.38043339e-01
3260;4.100;3600;3650;2.37939476e-01
3261;8.100;2050;2100;2.37730027e-01
3262;6.900;1200;1250;2.37305714e-01
3263;15.600;1450;1500;2.36671075e-01
3264;5.900;2000;2050;2.36415264e-01
3265;12.800;1350;1400;2.35849516e-01
3266;14.000;1550;1600;2.35746730e-01
3267;7.300;150;200;2.35602683e-01
3268;8.100;2100;2150;2.35281143e-01
3269;6.400;100;150;2.35247642e-01
3270;8.800;1550;1600;2.34286912e-01
3271;6.900;1050;1100;2.34025429e-01
3272;13.200;2200;2250;2.33981860e-01
3273;5.500;800;850;2.32728172e-01
3274;13.400;0;50;2.31591754e-01
3275;14.700;1150;1200;2.30772875e-01
3276;9.300;1100;1150;2.30344792e-01
3277;8.400;1700;1750;2.30072750e-01
3278;14.200;1950;2000;2.29774151e-01
3279;6.700;50;100;2.29471023e-01
3280;5.100;3600;3650;2.29169453e-01
3281;1.000;2000;2050;2.29149058e-01
3282;10.200;900;950;2.27810703e-01
3283;12.300;1700;1750;2.27532373e-01
3284;15.800;850;900;2.27455042e-01
3285;15.100;1550;1600;2.26958992e-01
3286;4.300;2650;2700;2.26053544e-01
3287;4.000;3150;3200;2.25916571e-01
3288;3.500;350;400;2.25104163e-01
3289;15.700;1350;1400;2.24892020e-01
3290;8.400;1500;1550;2.24667826e-01
3291;15.300;1400;1450;2.24425292e-01
3292;6.400;200;250;2.23950449e-01
3293;7.500;1000;1050;2.23711305e-01
3294;14.800;1450;1500;2.23567374e-01
3295;14.200;2300;2350;2.23207352e-01
3296;10.600;750;800;2.22560567e-01
3297;4.900;2150;2200;2.21853842e-01
3298;3.000;1000;1050;2.21186121e-01
3299;6.000;2000;2050;2.20992448e-01
3300;12.200;1250;1300;2.20746308e-01
3301;2.300;200;250;2.20511875e-01
3302;3.400;250;300;2.20418081e-01
3303;1.700;500;550;2.20050327e-01
3304;13.300;1300;1350;2.20023640e-01
3305;12.000;1500;1550;2.19863020e-01
3306;8.300;600;650;2.19788300e-01
3307;5.800;1400;1450;2.18737319e-01
3308;10.100;600;650;2.18173006e-01
3309;15.500;600;650;2.17764995e-01
3310;12.100;1350;1400;2.17449007e-01
3311;13.100;1350;1400;2.17238427e-01
3312;4.700;2450;2500;2.17205623e-01
3313;11.200;850;900;2.16968583e-01
3314;9.800;1200;1250;2.16708596e-01
3315;15.900;850;900;2.16412914e-01
3316;5.100;1300;1350;2.15927852e-01
3317;8.100;1300;1350;2.14959401e-01
3318;5.700;450;500;2.14888955e-01
3319;4.100;1650;1700;2.14761266e-01
3320;13.900;650;700;2.14689679e-01
3321;9.400;1850;1900;2.13701921e-01
3322;2.400;750;800;2.13594534e-01
3323;8.700;1550;1600;2.13188772e-01
3324;5.700;2100;2150;2.13157098e-01
3325;11.000;850;900;2.11635591e-01
3326;5.400;450;500;2.11393784e-01
3327;3.100;1000;1050;2.10649317e-01
3328;5.600;450;500;2.09771344e-01
3329;7.100;1950;2000;2.09535777e-01
3330;13.600;550;600;2.09465875e-01
3331;10.800;750;800;2.08853991e-01
3332;10.900;850;900;2.08470934e-01
3333;7.800;750;800;2.08220072e-01
3334;14.900;1300;1350;2.07862300e-01
3335;1.400;50;100;2.07351858e-01
3336;13.700;450;500;2.07344875e-01
3337;14.000;2100;2150;2.07276909e-01
3338;14.900;1100;1150;2.07082677e-01
3339;5.100;2800;2850;2.06793111e-01
3340;13.900;700;750;2.06672046e-01
3341;7.000;1150;1200;2.06619679e-01
3342;5.500;1700;1750;2.06580346e-01
3343;8.400;1400;1450;2.05548786e-01
3344;6.100;1750;1800;2.05488896e-01
3345;1.000;900;950;2.05456696e-01
3346;15.100;1300;1350;2.05174832e-01
3347;12.000;1350;1400;2.05135290e-01
3348;13.900;450;500;2.04395404e-01
3349;15.400;1400;1450;2.04311340e-01
3350;1.700;1950;2000;2.03970847e-01
3351;6.200;100;150;2.03765254e-01
3352;1.800;1950;2000;2.03744812e-01
3353;6.800;700;750;2.03633897e-01
3354;14.700;1700;1750;2.03616049e-01
3355;1.800;500;550;2.03490157e-01
3356;10.900;0;50;2.02371114e-01
3357;4.300;2150;2200;2.02105401e-01
3358;6.500;100;150;2.01864147e-01
3359;7.200;1950;2000;2.01377436e-01
3360;3.500;250;300;2.01357121e-01
3361;11.200;550;600;2.00850231e-01
3362;4.000;4200;4250;1.99332200e-01
3363;5.700;1350;1400;1.99140218e-01
3364;4.600;1600;1650;1.99004369e-01
3365;8.800;1250;1300;1.98950452e-01
3366;6.600;1400;1450;1.98554071e-01
3367;7.000;700;750;1.98205917e-01
3368;9.500;1100;1150;1.97100705e-01
3369;6.500;200;250;1.96923846e-01
3370;1.100;550;600;1.96887410e-01
3371;3.200;1050;1100;1.96868292e-01
3372;14.400;2150;2200;1.96740464e-01
3373;1.100;600;650;1.96588007e-01
3374;1.100;2000;2050;1.96526548e-01
3375;7.000;50;100;1.96511411e-01
3376;11.400;850;900;1.96191538e-01
3377;10.700;750;800;1.96177138e-01
3378;0.300;1400;1450;1.95523820e-01
3379;15.200;1550;1600;1.95143806e-01
3380;13.500;0;50;1.95025390e-01
3381;5.600;1700;1750;1.94752207e-01
3382;11.700;900;950;1.94593570e-01
3383;8.600;1700;1750;1.94551932e-01
3384;6.100;1050;1100;1.94503835e-01
3385;0.200;1650;1700;1.94358202e-01
3386;2.500;750;800;1.93169271e-01
3387;12.900;1400;1450;1.92174053e-01
3388;14.300;950;1000;1.91904198e-01
3389;2.400;200;250;1.91886181e-01
3390;9.400;1300;1350;1.91358536e-01
3391;15.800;750;800;1.91215651e-01
3392;11.300;650;700;1.90898035e-01
3393;4.000;3600;3650;1.90451250e-01
3394;2.300;750;800;1.90338146e-01
3395;14.400;1950;2000;1.89616593e-01
3396;5.300;2350;2400;1.89221998e-01
3397;5.800;2000;2050;1.89050545e-01
3398;7.700;750;800;1.88938989e-01
3399;12.000;1550;1600;1.88877486e-01
3400;4.500;2150;2200;1.88539441e-01
3401;7.000;1200;1250;1.88112554e-01
3402;1.700;1550;1600;1.87948351e-01
3403;4.500;1700;1750;1.87579414e-01
3404;14.600;1650;1700;1.87551374e-01
3405;12.600;1450;1500;1.87413916e-01
3406;15.200;1300;1350;1.87167550e-01
3407;0.900;1100;1150;1.87126835e-01
3408;7.300;850;900;1.87088187e-01
3409;4.900;0;50;1.86871211e-01
3410;1.900;500;550;1.86475740e-01
3411;12.900;1350;1400;1.86302826e-01
3412;15.600;850;900;1.86049107e-01
3413;15.800;800;850;1.85964241e-01
3414;6.100;2000;2050;1.85901545e-01
3415;8.000;2000;2050;1.85884278e-01
3416;12.100;1550;1600;1.85513704e-01
3417;11.000;0;50;1.85340320e-01
3418;6.800;100;150;1.84592864e-01
3419;14.200;1850;1900;1.83982437e-01
3420;14.000;1750;1800;1.83976627e-01
3421;7.800;850;900;1.83793796e-01
3422;2.900;1550;1600;1.83719486e-01
3423;4.100;2800;2850;1.83598097e-01
3424;13.000;2100;2150;1.83379323e-01
3425;5.400;900;950;1.83229100e-01
3426;11.300;850;900;1.83215667e-01
3427;5.500;1600;1650;1.82295214e-01
3428;7.000;750;800;1.82201114e-01
3429;13.300;2850;2900;1.80720126e-01
3430;6.700;650;700;1.80100281e-01
3431;6.700;1350;1400;1.78908455e-01
3432;14.200;1650;1700;1.78387730e-01
3433;5.000;3150;3200;1.78352721e-01
3434;5.800;450;500;1.78302107e-01
3435;1.900;1950;2000;1.77979407e-01
3436;7.900;1200;1250;1.77617815e-01
3437;7.000;500;550;1.77462193e-01
3438;4.300;1250;1300;1.77355710e-01
3439;0.800;800;850;1.77180482e-01
3440;4.000;4450;4500;1.76856754e-01
3441;12.300;1400;1450;1.76771432e-01
3442;4.800;950;1000;1.76303148e-01
3443;1.600;1150;1200;1.76121747e-01
3444;5.700;1700;1750;1.75781291e-01
3445;8.200;1600;1650;1.75371536e-01
3446;4.400;1950;2000;1.74917690e-01
3447;5.800;750;800;1.74769051e-01
3448;12.800;1550;1600;1.74768480e-01
3449;1.300;800;850;1.74340660e-01
3450;13.700;800;850;1.74170204e-01
3451;14.000;1600;1650;1.73852771e-01
3452;15.500;1100;1150;1.73809923e-01
3453;1.600;1950;2000;1.73785100e-01
3454;12.400;1700;1750;1.73204070e-01
3455;8.000;1200;1250;1.73115850e-01
3456;7.700;250;300;1.73007022e-01
3457;0.900;1250;1300;1.72930042e-01
3458;11.100;700;750;1.72402012e-01
3459;0.300;1250;1300;1.72049783e-01
3460;7.200;50;100;1.71985351e-01
3461;0.300;1650;1700;1.71480294e-01
3462;3.200;1000;1050;1.71259241e-01
3463;15.200;1400;1450;1.71178824e-01
3464;14.100;1550;1600;1.71133880e-01
3465;14.600;1300;1350;1.70849295e-01
3466;12.700;1700;1750;1.70839557e-01
3467;13.700;950;1000;1.70703278e-01
3468;14.400;2000;2050;1.70571487e-01
3469;10.100;850;900;1.70403085e-01
3470;1.200;1200;1250;1.70304015e-01
3471;8.100;2000;2050;1.70289788e-01
3472;5.000;2600;2650;1.70282122e-01
3473;9.000;1150;1200;1.70194053e-01
3474;4.200;2250;2300;1.70151289e-01
3475;13.000;1700;1750;1.70005257e-01
3476;5.600;850;900;1.69904799e-01
3477;7.100;1150;1200;1.69714278e-01
3478;9.000;1900;1950;1.69531697e-01
3479;2.500;200;250;1.69528449e-01
3480;5.400;1700;1750;1.68990453e-01
3481;4.600;2850;2900;1.68841576e-01
3482;13.600;1900;1950;1.68799317e-01
3483;14.300;1600;1650;1.68475771e-01
3484;7.000;1950;2000;1.68426299e-01
3485;1.300;150;200;1.68305520e-01
3486;2.000;500;550;1.68200175e-01
3487;6.800;850;900;1.67296398e-01
3488;12.100;1500;1550;1.67053470e-01
3489;0.600;0;50;1.66953500e-01
3490;0.900;1300;1350;1.66504503e-01
3491;12.000;1300;1350;1.66420496e-01
3492;7.800;1000;1050;1.66201050e-01
3493;7.300;1950;2000;1.65875850e-01
3494;15.300;800;850;1.65156498e-01
3495;13.500;800;850;1.65137861e-01
3496;4.400;2850;2900;1.65103849e-01
3497;15.200;1650;1700;1.64368444e-01
3498;0.900;1350;1400;1.64053530e-01
3499;0.800;1550;1600;1.63887067e-01
3500;15.500;1400;1450;1.63595746e-01
3501;5.700;1400;1450;1.62780438e-01
3502;5.300;1500;1550;1.61373461e-01
3503;8.100;1400;1450;1.61269657e-01
3504;8.300;1500;1550;1.61195781e-01
3505;4.100;2050;2100;1.60776196e-01
3506;13.100;1400;1450;1.60743869e-01
3507;9.000;1400;1450;1.60508410e-01
3508;15.800;1350;1400;1.60079627e-01
3509;4.700;1300;1350;1.59914048e-01
3510;0.200;1250;1300;1.59387142e-01
3511;9.800;950;1000;1.59312598e-01
3512;9.100;2100;2150;1.58967494e-01
3513;15.900;0;50;1.58953141e-01
3514;15.700;850;900;1.58849066e-01
3515;15.300;1650;1700;1.58411421e-01
3516;5.300;2100;2150;1.57984600e-01
3517;4.000;3850;3900;1.57649068e-01
3518;5.900;450;500;1.57469838e-01
3519;0.900;1500;1550;1.56414336e-01
3520;0.700;1850;1900;1.56063167e-01
3521;13.700;1250;1300;1.55823812e-01
3522;14.800;1150;1200;1.55439254e-01
3523;3.900;1550;1600;1.55115093e-01
3524;7.600;1550;1600;1.54587472e-01
3525;11.300;550;600;1.53959405e-01
3526;4.800;2650;2700;1.53606977e-01
3527;7.700;1050;1100;1.53233832e-01
3528;0.900;650;700;1.52578489e-01
3529;4.700;2650;2700;1.51210506e-01
3530;2.000;750;800;1.50471932e-01
3531;5.500;600;650;1.49942454e-01
3532;11.800;200;250;1.49587777e-01
3533;9.800;800;850;1.49536964e-01
3534;6.200;2000;2050;1.49534989e-01
3535;5.200;1100;1150;1.49231590e-01
3536;11.600;650;700;1.49082849e-01
3537;5.300;1700;1750;1.48758182e-01
3538;2.100;500;550;1.48718041e-01
3539;5.800;2100;2150;1.48663864e-01
3540;5.000;2650;2700;1.48504255e-01
3541;8.800;1500;1550;1.48093597e-01
3542;15.500;950;1000;1.47516696e-01
3543;4.000;4850;4900;1.47252553e-01
3544;2.200;750;800;1.47232368e-01
3545;5.800;1700;1750;1.46501901e-01
3546;8.900;1750;1800;1.46382126e-01
3547;2.600;200;250;1.46301914e-01
3548;1.200;450;500;1.46136689e-01
3549;12.500;1550;1600;1.46133821e-01
3550;13.800;1200;1250;1.45962425e-01
3551;10.800;850;900;1.45660044e-01
3552;14.200;1600;1650;1.45500125e-01
3553;6.900;1000;1050;1.45488215e-01
3554;13.600;800;850;1.45428807e-01
3555;12.900;950;1000;1.45428790e-01
3556;11.300;800;850;1.45089848e-01
3557;5.100;1350;1400;1.44353258e-01
3558;13.000;1750;1800;1.43943971e-01
3559;15.300;1300;1350;1.43408229e-01
3560;4.000;2200;2250;1.43036780e-01
3561;0.300;500;550;1.42750920e-01
3562;13.200;2500;2550;1.42706684e-01
3563;10.500;900;950;1.42517512e-01
3564;15.300;0;50;1.42106688e-01
3565;6.000;450;500;1.41762432e-01
3566;6.600;200;250;1.41531188e-01
3567;10.800;1200;1250;1.41033712e-01
3568;0.600;550;600;1.40879353e-01
3569;15.600;600;650;1.40562268e-01
3570;11.600;850;900;1.40542876e-01
3571;11.000;1200;1250;1.40531972e-01
3572;15.300;1550;1600;1.40462201e-01
3573;11.500;850;900;1.40211289e-01
3574;13.900;1200;1250;1.39656786e-01
3575;6.700;1400;1450;1.39466849e-01
3576;5.700;850;900;1.39356273e-01
3577;7.900;1100;1150;1.39224076e-01
3578;6.800;1050;1100;1.39223888e-01
3579;6.300;850;900;1.38951544e-01
3580;15.400;0;50;1.38863032e-01
3581;13.400;1350;1400;1.38747641e-01
3582;2.000;1950;2000;1.38648677e-01
3583;6.700;700;750;1.38636420e-01
3584;10.300;800;850;1.38229665e-01
3585;12.800;950;1000;1.38143088e-01
3586;9.900;1200;1250;1.38063148e-01
3587;7.800;250;300;1.37894633e-01
3588;4.700;1150;1200;1.37484401e-01
3589;1.400;1950;2000;1.37373275e-01
3590;4.500;2300;2350;1.37140285e-01
3591;14.900;900;950;1.37037899e-01
3592;14.300;1650;1700;1.36344938e-01
3593;2.600;750;800;1.36213476e-01
3594;4.000;2700;2750;1.36068898e-01
3595;15.400;850;900;1.35731816e-01
3596;12.200;1700;1750;1.35572426e-01
3597;5.000;3000;3050;1.34452941e-01
3598;14.500;1900;1950;1.34413319e-01
3599;10.700;850;900;1.33952037e-01
3600;11.100;0;50;1.33776477e-01
3601;12.900;1750;1800;1.33396209e-01
3602;14.500;2150;2200;1.33328051e-01
3603;5.400;2750;2800;1.33301756e-01
3604;14.300;1850;1900;1.32972497e-01
3605;0.400;700;750;1.31969865e-01
3606;8.300;1400;1450;1.31845286e-01
3607;15.100;900;950;1.31384478e-01
3608;4.800;2450;2500;1.31280040e-01
3609;0.300;750;800;1.31158857e-01
3610;1.500;1950;2000;1.31144616e-01
3611;2.700;200;250;1.31014665e-01
3612;3.900;1650;1700;1.30975613e-01
3613;7.900;1350;1400;1.30949940e-01
3614;4.400;1700;1750;1.29937923e-01
3615;12.800;1700;1750;1.29918525e-01
3616;10.000;950;1000;1.29734632e-01
3617;3.900;1350;1400;1.29577813e-01
3618;10.500;1200;1250;1.29079050e-01
3619;8.000;1600;1650;1.29066374e-01
3620;5.300;1900;1950;1.28996362e-01
3621;4.800;1600;1650;1.28675682e-01
3622;0.400;1200;1250;1.28629358e-01
3623;3.300;1050;1100;1.28492167e-01
3624;10.300;950;1000;1.28398055e-01
3625;4.400;2500;2550;1.28333351e-01
3626;6.700;100;150;1.28244824e-01
3627;7.400;50;100;1.28131509e-01
3628;4.600;1300;1350;1.27898350e-01
3629;15.500;850;900;1.27742792e-01
3630;7.200;1150;1200;1.27684687e-01
3631;5.900;2100;2150;1.27651927e-01
3632;1.300;300;350;1.27363797e-01
3633;13.100;1100;1150;1.26762951e-01
3634;8.200;1400;1450;1.26672453e-01
3635;13.000;2500;2550;1.26424431e-01
3636;14.100;1750;1800;1.26391825e-01
3637;14.400;2300;2350;1.26246818e-01
3638;1.100;1600;1650;1.26157709e-01
3639;5.700;2750;2800;1.26081020e-01
3640;8.000;1700;1750;1.25454499e-01
3641;0.900;800;850;1.25248137e-01
3642;15.600;1400;1450;1.25155327e-01
3643;5.600;1350;1400;1.24971870e-01
3644;2.200;500;550;1.24945266e-01
3645;8.600;1500;1550;1.24928653e-01
3646;5.600;2750;2800;1.24192182e-01
3647;14.200;950;1000;1.24095174e-01
3648;12.200;1500;1550;1.23967385e-01
3649;8.000;1750;1800;1.23404178e-01
3650;5.200;2100;2150;1.23271332e-01
3651;13.700;1900;1950;1.23200021e-01
3652;6.100;1000;1050;1.23121543e-01
3653;8.900;1150;1200;1.23005202e-01
3654;11.800;900;950;1.22537754e-01
3655;2.100;750;800;1.22380335e-01
3656;9.500;1550;1600;1.22166169e-01
3657;15.200;850;900;1.22056809e-01
3658;13.300;1350;1400;1.21936949e-01
3659;10.500;950;1000;1.21828338e-01
3660;13.200;1450;1500;1.21770964e-01
3661;7.600;1050;1100;1.21701859e-01
3662;4.200;1650;1700;1.21596699e-01
3663;12.100;1300;1350;1.21390932e-01
3664;13.800;950;1000;1.21290824e-01
3665;8.900;1900;1950;1.20935302e-01
3666;5.200;1700;1750;1.20907125e-01
3667;0.900;1650;1700;1.20594251e-01
3668;5.000;2200;2250;1.19528727e-01
3669;7.400;1950;2000;1.19419377e-01
3670;6.800;1350;1400;1.19078045e-01
3671;15.500;0;50;1.19071908e-01
3672;4.100;2600;2650;1.18717765e-01
3673;4.100;950;1000;1.18518763e-01
3674;0.200;1400;1450;1.17992725e-01
3675;6.000;2100;2150;1.17881605e-01
3676;8.900;1100;1150;1.17614670e-01
3677;9.200;1100;1150;1.17526183e-01
3678;4.900;2650;2700;1.17429493e-01
3679;3.600;250;300;1.17337794e-01
3680;9.600;1550;1600;1.17294017e-01
3681;7.100;1200;1250;1.17289567e-01
3682;12.400;1100;1150;1.17030741e-01
3683;11.200;0;50;1.16878857e-01
3684;10.800;800;850;1.16821216e-01
3685;5.400;1850;1900;1.16770925e-01
3686;15.400;1650;1700;1.16290047e-01
3687;15.200;1250;1300;1.16287832e-01
3688;6.900;1750;1800;1.16218163e-01
3689;12.900;1550;1600;1.16136619e-01
3690;9.200;2100;2150;1.16126576e-01
3691;14.200;1900;1950;1.16037161e-01
3692;8.400;1750;1800;1.15888082e-01
3693;13.800;450;500;1.15561997e-01
3694;5.600;1950;2000;1.15491475e-01
3695;14.900;2100;2150;1.15427084e-01
3696;15.000;1450;1500;1.15229793e-01
3697;3.700;250;300;1.15021840e-01
3698;12.000;1400;1450;1.14918051e-01
3699;15.300;850;900;1.14109203e-01
3700;11.800;650;700;1.13981284e-01
3701;0.600;1450;1500;1.13933104e-01
3702;3.300;1000;1050;1.13876502e-01
3703;4.500;2500;2550;1.13601764e-01
3704;6.100;450;500;1.13391659e-01
3705;0.900;1950;2000;1.13384424e-01
3706;4.000;2550;2600;1.13016254e-01
3707;13.800;800;850;1.12836776e-01
3708;6.800;1750;1800;1.12497827e-01
3709;4.100;3650;3700;1.12297875e-01
3710;5.200;2800;2850;1.12294532e-01
3711;1.000;1500;1550;1.12204525e-01
3712;4.500;1250;1300;1.12123987e-01
3713;12.200;1550;1600;1.11906895e-01
3714;2.800;200;250;1.11676942e-01
3715;14.000;1900;1950;1.11587666e-01
3716;11.200;800;850;1.11449704e-01
3717;7.000;1750;1800;1.10993059e-01
3718;15.600;1100;1150;1.10941033e-01
3719;15.100;1400;1450;1.10929946e-01
3720;9.700;950;1000;1.10514394e-01
3721;14.300;2850;2900;1.10282177e-01
3722;6.300;2000;2050;1.10168350e-01
3723;0.400;1400;1450;1.09933922e-01
3724;6.700;200;250;1.09193710e-01
3725;10.700;950;1000;1.09143771e-01
3726;6.600;850;900;1.08859488e-01
3727;14.000;2200;2250;1.08774725e-01
3728;9.000;1800;1850;1.08618076e-01
3729;0.600;1300;1350;1.08442960e-01
3730;5.100;2300;2350;1.08033675e-01
3731;7.400;1550;1600;1.07941777e-01
3732;15.600;950;1000;1.07318732e-01
3733;7.700;600;650;1.07226755e-01
3734;12.200;1400;1450;1.07149072e-01
3735;4.100;4200;4250;1.07043288e-01
3736;7.000;100;150;1.06924645e-01
3737;13.600;1350;1400;1.06917454e-01
3738;10.400;950;1000;1.06692700e-01
3739;8.200;2050;2100;1.06439391e-01
3740;14.800;1700;1750;1.06333169e-01
3741;10.200;800;850;1.06082241e-01
3742;9.600;1250;1300;1.05219416e-01
3743;5.600;1850;1900;1.05034465e-01
3744;8.700;1700;1750;1.04937046e-01
3745;8.900;1500;1550;1.04650497e-01
3746;11.300;0;50;1.04324134e-01
3747;6.800;200;250;1.04256971e-01
3748;13.200;2150;2200;1.04243704e-01
3749;5.600;1400;1450;1.03997386e-01
3750;0.900;1850;1900;1.03969187e-01
3751;4.600;2650;2700;1.03909216e-01
3752;13.300;1450;1500;1.03845873e-01
3753;5.500;2750;2800;1.03676793e-01
3754;13.700;1550;1600;1.03622698e-01
3755;6.100;2100;2150;1.03181269e-01
3756;15.700;1450;1500;1.02951838e-01
3757;11.900;900;950;1.02842722e-01
3758;0.400;1250;1300;1.02353583e-01
3759;3.000;1550;1600;1.02277752e-01
3760;6.900;100;150;1.01585933e-01
3761;3.900;1100;1150;1.01560837e-01
3762;11.900;850;900;1.01535056e-01
3763;8.200;2100;2150;1.01160094e-01
3764;2.300;500;550;1.01052226e-01
3765;14.500;1950;2000;1.00955997e-01
3766;10.600;1200;1250;1.00673363e-01
3767;12.900;1100;1150;1.00649301e-01
3768;5.500;2000;2050;1.00558015e-01
3769;10.300;900;950;1.00485944e-01
3770;11.000;650;700;1.00440530e-01
3771;14.200;2150;2200;1.00295015e-01
3772;13.400;1300;1350;1.00244188e-01
3773;6.900;1950;2000;1.00026098e-01
3774;14.600;1850;1900;9.98926674e-02
3775;0.400;1650;1700;9.97993227e-02
3776;3.900;1300;1350;9.97231582e-02
3777;10.200;600;650;9.91863080e-02
3778;5.900;1700;1750;9.91673514e-02
3779;10.200;850;900;9.88003092e-02
3780;11.400;650;700;9.87957161e-02
3781;15.900;1350;1400;9.85443840e-02
3782;5.600;800;850;9.84684016e-02
3783;1.400;150;200;9.81408116e-02
3784;5.400;0;50;9.81271821e-02
3785;7.300;1150;1200;9.81031844e-02
3786;7.600;600;650;9.80240394e-02
3787;12.100;2050;2100;9.78613200e-02
3788;8.000;2150;2200;9.77886040e-02
3789;9.500;1300;1350;9.76729170e-02
3790;12.400;1500;1550;9.76608776e-02
3791;13.400;1750;1800;9.74261231e-02
3792;11.300;700;750;9.71473463e-02
3793;12.400;1400;1450;9.70210484e-02
3794;10.400;1200;1250;9.69452052e-02
3795;5.800;2750;2800;9.68203599e-02
3796;10.700;1200;1250;9.67910800e-02
3797;1.000;1350;1400;9.67259951e-02
3798;6.700;1750;1800;9.66431035e-02
3799;4.200;1250;1300;9.66196990e-02
3800;4.000;3650;3700;9.65361087e-02
3801;2.100;1950;2000;9.65227065e-02
3802;4.300;1650;1700;9.63038812e-02
3803;2.900;200;250;9.62712270e-02
3804;5.000;2500;2550;9.61198876e-02
3805;15.700;1400;1450;9.55979432e-02
3806;14.900;1400;1450;9.55640668e-02
3807;13.400;1400;1450;9.53547242e-02
3808;4.000;4800;4850;9.52352630e-02
3809;9.900;800;850;9.50746190e-02
3810;8.600;2100;2150;9.49887564e-02
3811;15.400;1300;1350;9.47611417e-02
3812;12.900;2100;2150;9.45614259e-02
3813;12.100;1400;1450;9.44689856e-02
3814;0.400;850;900;9.43724540e-02
3815;4.700;1100;1150;9.41101929e-02
3816;13.600;1750;1800;9.38767738e-02
3817;5.500;900;950;9.37675626e-02
3818;9.000;2100;2150;9.36525837e-02
3819;0.500;1250;1300;9.35756959e-02
3820;14.900;1150;1200;9.31881957e-02
3821;4.700;2850;2900;9.28979183e-02
3822;12.200;1300;1350;9.28255035e-02
3823;8.800;1350;1400;9.27953869e-02
3824;11.500;0;50;9.27893072e-02
3825;7.100;1750;1800;9.26394500e-02
3826;6.200;450;500;9.25646298e-02
3827;6.400;850;900;9.25286103e-02
3828;13.500;1750;1800;9.22424892e-02
3829;6.600;1950;2000;9.19428423e-02
3830;10.100;950;1000;9.15234803e-02
3831;6.800;1400;1450;9.15099461e-02
3832;15.700;1100;1150;9.14441614e-02
3833;10.100;1200;1250;9.12635150e-02
3834;13.500;1350;1400;9.12128902e-02
3835;9.800;1100;1150;9.11972683e-02
3836;3.900;1150;1200;9.09928173e-02
3837;5.000;2450;2500;9.03160781e-02
3838;13.000;1800;1850;8.98622831e-02
3839;14.700;1650;1700;8.98395329e-02
3840;8.800;1650;1700;8.97435465e-02
3841;13.600;1650;1700;8.97274241e-02
3842;10.600;850;900;8.96606587e-02
3843;15.000;1150;1200;8.95727386e-02
3844;3.600;350;400;8.93147882e-02
3845;4.800;1450;1500;8.92441157e-02
3846;11.700;850;900;8.90902873e-02
3847;13.300;1750;1800;8.89358530e-02
3848;13.700;1750;1800;8.87402586e-02
3849;4.100;4450;4500;8.87181826e-02
3850;15.500;2100;2150;8.86878015e-02
3851;13.300;1400;1450;8.83816329e-02
3852;7.800;600;650;8.83420301e-02
3853;7.600;1000;1050;8.83300116e-02
3854;9.100;1900;1950;8.81729596e-02
3855;4.900;2300;2350;8.80455930e-02
3856;1.000;1650;1700;8.79977073e-02
3857;1.400;100;150;8.76621358e-02
3858;7.700;1000;1050;8.75945689e-02
3859;0.800;0;50;8.74468907e-02
3860;9.000;1500;1550;8.73548197e-02
3861;4.000;4250;4300;8.71325152e-02
3862;15.300;2100;2150;8.66257247e-02
3863;10.300;1200;1250;8.66167496e-02
3864;15.800;1750;1800;8.65561196e-02
3865;3.000;200;250;8.64211999e-02
3866;1.300;1200;1250;8.63619177e-02
3867;10.400;900;950;8.63329012e-02
3868;11.700;650;700;8.62895394e-02
3869;10.600;950;1000;8.60837781e-02
3870;3.800;250;300;8.59697676e-02
3871;9.700;1100;1150;8.59438553e-02
3872;10.400;800;850;8.59082285e-02
3873;6.900;200;250;8.58318883e-02
3874;3.900;950;1000;8.57803260e-02
3875;9.500;1850;1900;8.56287965e-02
3876;11.400;0;50;8.54229230e-02
3877;5.100;1800;1850;8.53814942e-02
3878;1.000;1450;1500;8.53130147e-02
3879;6.200;1750;1800;8.48391479e-02
3880;6.800;600;650;8.48038696e-02
3881;13.100;1650;1700;8.47480481e-02
3882;11.900;800;850;8.42025621e-02
3883;14.500;1600;1650;8.41632266e-02
3884;15.900;750;800;8.39914614e-02
3885;15.800;1400;1450;8.38759452e-02
3886;13.200;1100;1150;8.37658258e-02
3887;7.500;600;650;8.31522275e-02
3888;8.100;1200;1250;8.27856058e-02
3889;14.300;2450;2500;8.25723110e-02
3890;11.600;0;50;8.25671000e-02
3891;5.300;0;50;8.25481437e-02
3892;9.700;1250;1300;8.25179592e-02
3893;1.400;800;850;8.22382196e-02
3894;5.200;1350;1400;8.19573156e-02
3895;8.200;2000;2050;8.19215023e-02
3896;4.100;3050;3100;8.17633754e-02
3897;15.400;2100;2150;8.14699822e-02
3898;14.600;1900;1950;8.11528014e-02
3899;5.300;1850;1900;8.10522406e-02
3900;0.300;550;600;8.09762164e-02
3901;9.100;1500;1550;8.08840651e-02
3902;11.400;550;600;8.08672133e-02
3903;14.800;1650;1700;8.07724679e-02
3904;9.600;1100;1150;8.04338392e-02
3905;10.700;800;850;8.03472966e-02
3906;6.900;50;100;8.02597357e-02
3907;7.900;1500;1550;8.01101922e-02
3908;2.400;500;550;8.00229851e-02
3909;10.800;950;1000;7.99887873e-02
3910;12.600;1500;1550;7.95775441e-02
3911;14.400;2850;2900;7.92345576e-02
3912;14.600;2150;2200;7.92131837e-02
3913;5.700;2000;2050;7.91235032e-02
3914;13.700;550;600;7.91157336e-02
3915;11.200;1200;1250;7.90918920e-02
3916;3.400;1050;1100;7.89506226e-02
3917;7.500;1550;1600;7.88383718e-02
3918;7.900;1450;1500;7.87100014e-02
3919;6.200;2100;2150;7.86125247e-02
3920;13.300;2200;2250;7.85738661e-02
3921;10.900;1200;1250;7.85288123e-02
3922;10.900;700;750;7.84871436e-02
3923;1.500;150;200;7.80349471e-02
3924;14.100;1900;1950;7.79727330e-02
3925;8.200;2250;2300;7.79718400e-02
3926;9.500;1450;1500;7.79334264e-02
3927;15.000;1400;1450;7.78806489e-02
3928;6.900;600;650;7.78064569e-02
3929;13.900;800;850;7.77829881e-02
3930;11.700;0;50;7.75604510e-02
3931;6.700;600;650;7.75519146e-02
3932;11.800;0;50;7.73993571e-02
3933;5.500;1350;1400;7.71464335e-02
3934;12.500;1900;1950;7.71030399e-02
3935;15.900;1100;1150;7.70109309e-02
3936;7.600;450;500;7.67776526e-02
3937;4.000;4400;4450;7.62362781e-02
3938;9.100;1100;1150;7.59871938e-02
3939;12.100;600;650;7.59546929e-02
3940;5.200;3200;3250;7.58744843e-02
3941;15.500;1750;1800;7.56168478e-02
3942;7.200;1750;1800;7.55504235e-02
3943;4.900;2850;2900;7.55232872e-02
3944;14.100;950;1000;7.52437385e-02
3945;8.500;2100;2150;7.52252647e-02
3946;8.700;1250;1300;7.50879843e-02
3947;5.500;1850;1900;7.50842524e-02
3948;3.100;200;250;7.45825604e-02
3949;15.600;1750;1800;7.45733345e-02
3950;9.300;1450;1500;7.44862087e-02
3951;8.100;1600;1650;7.43702965e-02
3952;1.200;2000;2050;7.43139005e-02
3953;7.500;1950;2000;7.42760059e-02
3954;13.700;1350;1400;7.42534831e-02
3955;4.000;3250;3300;7.42215849e-02
3956;13.100;1800;1850;7.41264148e-02
3957;15.700;1750;1800;7.39184530e-02
3958;7.400;1150;1200;7.39104009e-02
3959;13.800;1350;1400;7.38300472e-02
3960;8.900;1700;1750;7.37912953e-02
3961;10.000;1550;1600;7.36972393e-02
3962;9.900;1100;1150;7.35970051e-02
3963;5.100;1400;1450;7.33547625e-02
3964;10.300;600;650;7.33404672e-02
3965;8.100;1700;1750;7.32037761e-02
3966;4.800;2850;2900;7.31319891e-02
3967;10.900;800;850;7.31144536e-02
3968;1.700;1150;1200;7.30914719e-02
3969;14.400;1600;1650;7.30851045e-02
3970;4.300;2500;2550;7.29228102e-02
3971;6.500;750;800;7.28858326e-02
3972;15.200;900;950;7.27617850e-02
3973;9.400;1450;1500;7.27517818e-02
3974;9.700;1550;1600;7.27266400e-02
3975;4.100;2500;2550;7.27136357e-02
3976;0.500;1550;1600;7.26762934e-02
3977;9.100;1800;1850;7.25712129e-02
3978;7.500;450;500;7.22931342e-02
3979;7.200;1200;1250;7.22627269e-02
3980;14.500;2000;2050;7.19695576e-02
3981;5.300;1100;1150;7.17917055e-02
3982;11.400;800;850;7.17631644e-02
3983;13.200;1650;1700;7.17033315e-02
3984;3.400;1000;1050;7.16045013e-02
3985;9.100;1400;1450;7.12163737e-02
3986;12.200;1600;1650;7.10319703e-02
3987;13.600;1400;1450;7.08760386e-02
3988;0.500;1200;1250;7.08499079e-02
3989;10.200;950;1000;7.08456678e-02
3990;5.100;950;1000;7.07622420e-02
3991;14.900;1850;1900;7.07266444e-02
3992;11.800;850;900;7.06520735e-02
3993;15.800;1100;1150;7.05020989e-02
3994;5.000;2250;2300;7.03337701e-02
3995;14.900;1450;1500;7.03299222e-02
3996;7.200;100;150;7.01066825e-02
3997;8.300;2250;2300;7.00905990e-02
3998;7.100;650;700;7.00482551e-02
3999;1.200;1600;1650;6.99199475e-02
4000;13.300;2100;2150;6.98487935e-02
4001;5.200;550;600;6.97092404e-02
4002;11.500;650;700;6.95709786e-02
4003;10.900;650;700;6.94282866e-02
4004;6.900;1350;1400;6.93441309e-02
4005;7.400;100;150;6.92894487e-02
4006;5.300;1250;1300;6.92535381e-02
4007;10.200;1200;1250;6.92244725e-02
4008;1.600;150;200;6.91956413e-02
4009;9.300;2100;2150;6.91816818e-02
4010;13.900;950;1000;6.86893668e-02
4011;6.900;750;800;6.86458201e-02
4012;4.600;2500;2550;6.86037945e-02
4013;14.000;2150;2200;6.85249239e-02
4014;13.200;1400;1450;6.81531341e-02
4015;9.000;1750;1800;6.80733807e-02
4016;6.000;1700;1750;6.80726369e-02
4017;12.100;2000;2050;6.80346204e-02
4018;4.100;1150;1200;6.79062918e-02
4019;5.200;1850;1900;6.78646289e-02
4020;3.800;1550;1600;6.78231320e-02
4021;13.100;1750;1800;6.77924599e-02
4022;13.500;1400;1450;6.77299849e-02
4023;8.200;1300;1350;6.76591085e-02
4024;12.800;2100;2150;6.73841265e-02
4025;5.400;1500;1550;6.70466581e-02
4026;14.200;2050;2100;6.70141936e-02
4027;15.900;800;850;6.69342408e-02
4028;7.400;450;500;6.66955497e-02
4029;11.600;700;750;6.66755858e-02
4030;9.200;1400;1450;6.66540071e-02
4031;13.300;2500;2550;6.66147395e-02
4032;11.700;700;750;6.65445995e-02
4033;13.200;1750;1800;6.63459490e-02
4034;4.500;1850;1900;6.62965040e-02
4035;4.300;2250;2300;6.61634072e-02
4036;6.600;1750;1800;6.60573488e-02
4037;12.400;1550;1600;6.58722251e-02
4038;15.900;1750;1800;6.57369613e-02
4039;6.400;2000;2050;6.55109020e-02
4040;5.200;1400;1450;6.54955683e-02
4041;2.700;750;800;6.53562999e-02
4042;3.200;200;250;6.53245101e-02
4043;11.800;700;750;6.51295388e-02
4044;14.300;2250;2300;6.51052780e-02
4045;5.500;1400;1450;6.50606225e-02
4046;5.500;0;50;6.50021085e-02
4047;12.000;1200;1250;6.49995447e-02
4048;4.400;1650;1700;6.49382081e-02
4049;13.900;1350;1400;6.49168667e-02
4050;6.600;600;650;6.49053182e-02
4051;14.100;1700;1750;6.49042395e-02
4052;1.300;450;500;6.48538587e-02
4053;1.000;1700;1750;6.48106977e-02
4054;6.800;1000;1050;6.48086568e-02
4055;4.000;3000;3050;6.47690027e-02
4056;0.900;0;50;6.46858722e-02
4057;14.700;950;1000;6.46662504e-02
4058;9.800;1250;1300;6.45643154e-02
4059;1.200;1450;1500;6.45400534e-02
4060;7.000;200;250;6.45176209e-02
4061;7.100;100;150;6.44786904e-02
4062;7.700;50;100;6.44586444e-02
4063;15.500;1300;1350;6.44374815e-02
4064;4.400;1250;1300;6.43088703e-02
4065;4.000;3200;3250;6.42941383e-02
4066;3.700;1550;1600;6.41316648e-02
4067;15.900;1400;1450;6.40477570e-02
4068;15.000;1700;1750;6.39711002e-02
4069;1.300;1450;1500;6.38792460e-02
4070;0.200;900;950;6.37278553e-02
4071;12.000;2050;2100;6.35060583e-02
4072;15.700;0;50;6.34560111e-02
4073;6.400;750;800;6.33703571e-02
4074;8.200;1750;1800;6.33084636e-02
4075;4.000;2750;2800;6.32457433e-02
4076;4.700;1650;1700;6.31418547e-02
4077;13.100;1500;1550;6.30511015e-02
4078;13.400;2850;2900;6.28763257e-02
4079;1.000;850;900;6.26965975e-02
4080;0.700;650;700;6.26901222e-02
4081;4.600;1850;1900;6.26622372e-02
4082;5.200;2300;2350;6.22231975e-02
4083;5.200;3600;3650;6.22164616e-02
4084;7.300;100;150;6.21987668e-02
4085;4.000;3300;3350;6.21847057e-02
4086;4.100;1800;1850;6.19850561e-02
4087;11.700;800;850;6.19732953e-02
4088;5.100;2400;2450;6.18798440e-02
4089;6.100;750;800;6.16396360e-02
4090;14.400;1850;1900;6.16261073e-02
4091;3.600;150;200;6.15888320e-02
4092;5.400;1350;1400;6.13939367e-02
4093;1.000;1300;1350;6.13550377e-02
4094;5.000;3050;3100;6.11798385e-02
4095;7.400;600;650;6.11750672e-02
4096;13.800;1750;1800;6.11704586e-02
4097;5.700;800;850;6.11653052e-02
4098;0.900;1750;1800;6.10294902e-02
4099;2.500;500;550;6.09806641e-02
4100;5.100;2150;2200;6.08221549e-02
4101;12.500;1950;2000;6.08163566e-02
4102;15.300;900;950;6.06851854e-02
4103;15.400;1550;1600;6.05984147e-02
4104;4.000;4100;4150;6.02881382e-02
4105;4.900;950;1000;6.02701265e-02
4106;12.200;2050;2100;5.99321505e-02
4107;10.000;1200;1250;5.99060705e-02
4108;8.800;1700;1750;5.98208401e-02
4109;0.900;1450;1500;5.97653508e-02
4110;1.700;150;200;5.96021872e-02
4111;0.500;1850;1900;5.93896775e-02
4112;13.500;1650;1700;5.93787640e-02
4113;5.100;1850;1900;5.90705618e-02
4114;12.500;1300;1350;5.88171442e-02
4115;1.100;1450;1500;5.87529013e-02
4116;1.000;1250;1300;5.86848478e-02
4117;0.400;950;1000;5.86435584e-02
4118;6.300;750;800;5.86280853e-02
4119;3.200;750;800;5.85907597e-02
4120;7.500;50;100;5.83784323e-02
4121;8.200;1950;2000;5.83305086e-02
4122;11.900;600;650;5.82915475e-02
4123;8.700;1500;1550;5.82405148e-02
4124;2.200;1950;2000;5.81038846e-02
4125;12.500;2300;2350;5.80984282e-02
4126;13.000;2000;2050;5.80826763e-02
4127;6.900;900;950;5.80547089e-02
4128;10.500;800;850;5.78299462e-02
4129;5.100;1450;1500;5.77892120e-02
4130;15.000;1750;1800;5.77472450e-02
4131;7.900;1150;1200;5.77285333e-02
4132;5.900;2750;2800;5.74248216e-02
4133;9.700;1650;1700;5.73559225e-02
4134;3.100;1550;1600;5.72159880e-02
4135;3.900;1400;1450;5.72009680e-02
4136;7.100;700;750;5.67735693e-02
4137;7.300;1750;1800;5.67708236e-02
4138;5.300;1350;1400;5.66538674e-02
4139;7.100;50;100;5.66168234e-02
4140;6.000;850;900;5.66107696e-02
4141;0.500;1400;1450;5.65985704e-02
4142;5.800;1850;1900;5.65973194e-02
4143;0.400;1850;1900;5.63945434e-02
4144;9.900;1850;1900;5.63860899e-02
4145;3.600;1550;1600;5.63300490e-02
4146;13.300;1650;1700;5.61756762e-02
4147;15.000;1850;1900;5.60562306e-02
4148;15.100;1150;1200;5.59332047e-02
4149;7.100;200;250;5.58678735e-02
4150;1.400;300;350;5.58400736e-02
4151;4.900;1450;1500;5.58384058e-02
4152;15.600;2100;2150;5.57416822e-02
4153;5.800;800;850;5.57226124e-02
4154;14.200;1500;1550;5.56389960e-02
4155;7.000;600;650;5.54835690e-02
4156;5.400;2350;2400;5.54771874e-02
4157;1.400;1450;1500;5.54629242e-02
4158;3.900;1750;1800;5.54416353e-02
4159;13.200;1350;1400;5.53791790e-02
4160;3.300;200;250;5.53384322e-02
4161;12.900;1700;1750;5.51972598e-02
4162;4.300;1850;1900;5.51223792e-02
4163;5.700;1850;1900;5.50777023e-02
4164;4.400;2150;2200;5.49928775e-02
4165;6.800;900;950;5.48634906e-02
4166;4.100;1450;1500;5.47778156e-02
4167;6.900;1400;1450;5.47741568e-02
4168;4.400;1850;1900;5.47351506e-02
4169;4.000;3950;4000;5.46718321e-02
4170;1.800;150;200;5.45937802e-02
4171;7.000;900;950;5.45125496e-02
4172;13.700;1400;1450;5.44736042e-02
4173;1.000;1900;1950;5.44628481e-02
4174;7.900;1750;1800;5.42866922e-02
4175;12.600;1900;1950;5.42802351e-02
4176;12.000;2100;2150;5.41294937e-02
4177;0.300;1850;1900;5.40883552e-02
4178;5.400;1400;1450;5.40096661e-02
4179;13.800;1400;1450;5.39446442e-02
4180;4.900;1600;1650;5.39064075e-02
4181;1.000;1850;1900;5.38370882e-02
4182;14.700;1850;1900;5.36858412e-02
4183;4.500;1100;1150;5.35896017e-02
4184;4.500;950;1000;5.33438938e-02
4185;5.300;2300;2350;5.32445579e-02
4186;13.800;1550;1600;5.32162409e-02
4187;3.500;1050;1100;5.31891500e-02
4188;3.100;750;800;5.31523553e-02
4189;1.000;1750;1800;5.31275422e-02
4190;6.300;450;500;5.31232596e-02
4191;11.000;1250;1300;5.31066799e-02
4192;9.900;950;1000;5.28261884e-02
4193;4.100;2700;2750;5.27229441e-02
4194;0.200;1350;1400;5.26325080e-02
4195;3.500;1000;1050;5.25954807e-02
4196;8.800;1850;1900;5.24310853e-02
4197;6.700;900;950;5.22454963e-02
4198;7.300;450;500;5.21687142e-02
4199;0.400;1350;1400;5.21324177e-02
4200;0.700;1300;1350;5.20697762e-02
4201;0.700;1450;1500;5.20546998e-02
4202;15.200;2100;2150;5.20407299e-02
4203;9.100;1650;1700;5.20395906e-02
4204;3.600;1000;1050;5.17199974e-02
4205;0.500;1650;1700;5.16928246e-02
4206;1.400;1200;1250;5.16361167e-02
4207;7.100;900;950;5.15314327e-02
4208;4.400;1100;1150;5.13890161e-02
4209;4.200;1300;1350;5.12431256e-02
4210;9.900;1550;1600;5.11759919e-02
4211;13.000;1950;2000;5.11381944e-02
4212;6.600;900;950;5.11062928e-02
4213;6.500;900;950;5.10329328e-02
4214;6.700;450;500;5.09469929e-02
4215;4.200;2500;2550;5.09342855e-02
4216;14.500;2300;2350;5.09089237e-02
4217;15.900;1450;1500;5.08980555e-02
4218;6.000;1900;1950;5.07174530e-02
4219;8.900;1800;1850;5.06921111e-02
4220;10.100;1850;1900;5.06790720e-02
4221;7.500;1150;1200;5.06458045e-02
4222;5.900;1900;1950;5.05852629e-02
4223;7.100;500;550;5.05566631e-02
4224;7.800;50;100;5.05384855e-02
4225;7.100;600;650;5.05011922e-02
4226;4.700;2500;2550;5.01687209e-02
4227;5.400;1900;1950;5.01629160e-02
4228;1.200;600;650;5.01553304e-02
4229;4.200;2800;2850;5.01274569e-02
4230;7.700;450;500;5.01084402e-02
4231;15.000;1900;1950;5.00465795e-02
4232;9.400;2100;2150;5.00267969e-02
4233;4.100;4250;4300;4.98577969e-02
4234;15.200;1150;1200;4.98567285e-02
4235;6.600;450;500;4.98331304e-02
4236;7.200;200;250;4.98145349e-02
4237;11.000;800;850;4.97340058e-02
4238;10.800;1250;1300;4.96207848e-02
4239;12.300;2250;2300;4.95978125e-02
4240;5.300;1400;1450;4.95875824e-02
4241;9.200;1350;1400;4.95080738e-02
4242;4.200;4200;4250;4.91757399e-02
4243;15.800;1450;1500;4.89498406e-02
4244;4.400;950;1000;4.88385997e-02
4245;5.000;2850;2900;4.87566504e-02
4246;7.600;50;100;4.87390938e-02
4247;3.500;1550;1600;4.84117104e-02
4248;4.700;1500;1550;4.83480569e-02
4249;11.400;700;750;4.82488735e-02
4250;4.200;3600;3650;4.82128545e-02
4251;12.000;1750;1800;4.80529032e-02
4252;8.100;2150;2200;4.78534704e-02
4253;7.300;600;650;4.78211894e-02
4254;10.300;1550;1600;4.77953557e-02
4255;12.000;1700;1750;4.77873889e-02
4256;8.000;2200;2250;4.77855070e-02
4257;0.700;0;50;4.77385630e-02
4258;4.800;2300;2350;4.75760132e-02
4259;9.200;1500;1550;4.74749223e-02
4260;8.300;1600;1650;4.74328716e-02
4261;9.600;1850;1900;4.74273203e-02
4262;14.000;1800;1850;4.72225653e-02
4263;1.900;150;200;4.71973593e-02
4264;2.800;1150;1200;4.70569445e-02
4265;4.100;4850;4900;4.70326159e-02
4266;3.800;150;200;4.68639193e-02
4267;7.300;200;250;4.67372133e-02
4268;13.200;2100;2150;4.67236491e-02
4269;9.800;1550;1600;4.67206917e-02
4270;14.900;1700;1750;4.67122810e-02
4271;3.400;200;250;4.65660532e-02
4272;14.500;950;1000;4.65472172e-02
4273;3.300;750;800;4.65395315e-02
4274;14.600;1950;2000;4.65250937e-02
4275;15.100;1900;1950;4.63602246e-02
4276;11.000;700;750;4.63364281e-02
4277;14.000;2050;2100;4.62816227e-02
4278;15.200;1900;1950;4.61366008e-02
4279;14.400;1650;1700;4.60768333e-02
4280;2.900;1150;1200;4.60749284e-02
4281;9.600;1300;1350;4.60295892e-02
4282;1.400;450;500;4.60156891e-02
4283;3.700;150;200;4.59282026e-02
4284;11.300;1200;1250;4.58716706e-02
4285;13.800;1900;1950;4.57143479e-02
4286;13.500;1300;1350;4.56828017e-02
4287;3.900;1800;1850;4.56707329e-02
4288;4.100;3150;3200;4.56661054e-02
4289;2.700;1150;1200;4.56657645e-02
4290;11.800;800;850;4.56557836e-02
4291;11.200;650;700;4.56012805e-02
4292;10.300;1450;1500;4.55974112e-02
4293;0.900;1700;1750;4.55201761e-02
4294;10.500;850;900;4.54333258e-02
4295;6.400;900;950;4.53799838e-02
4296;15.300;1150;1200;4.53628731e-02
4297;8.300;1300;1350;4.51915336e-02
4298;6.300;2100;2150;4.51729666e-02
4299;4.000;4650;4700;4.50026433e-02
4300;14.600;1600;1650;4.49869292e-02
4301;15.500;1550;1600;4.49792667e-02
4302;6.100;850;900;4.48619346e-02
4303;4.600;950;1000;4.48385049e-02
4304;4.100;2900;2950;4.48337649e-02
4305;13.700;1650;1700;4.47963642e-02
4306;13.900;1400;1450;4.47582283e-02
4307;8.900;2100;2150;4.45225692e-02
4308;11.500;700;750;4.44924604e-02
4309;14.300;2650;2700;4.43726513e-02
4310;10.200;1850;1900;4.43707487e-02
4311;9.600;1650;1700;4.41973282e-02
4312;5.600;900;950;4.41966782e-02
4313;1.500;1450;1500;4.41424166e-02
4314;9.900;1250;1300;4.41155428e-02
4315;10.900;1100;1150;4.41114568e-02
4316;2.600;500;550;4.39526937e-02
4317;12.200;2000;2050;4.39427477e-02
4318;14.900;1650;1700;4.38908004e-02
4319;4.400;2650;2700;4.37602680e-02
4320;9.200;1900;1950;4.37415886e-02
4321;9.000;2050;2100;4.35852209e-02
4322;3.000;1150;1200;4.35280731e-02
4323;0.300;650;700;4.35227396e-02
4324;13.600;1100;1150;4.34904260e-02
4325;6.200;1600;1650;4.33868409e-02
4326;3.600;1050;1100;4.32557155e-02
4327;15.400;1750;1800;4.32262422e-02
4328;5.800;1900;1950;4.31223013e-02
4329;3.700;350;400;4.30238468e-02
4330;6.200;850;900;4.27912726e-02
4331;2.000;150;200;4.26859632e-02
4332;12.500;1600;1650;4.26506520e-02
4333;6.800;450;500;4.26396799e-02
4334;10.100;1550;1600;4.26389364e-02
4335;1.700;50;100;4.26285791e-02
4336;15.300;1900;1950;4.25799372e-02
4337;4.200;1100;1150;4.25265831e-02
4338;1.000;1400;1450;4.24292344e-02
4339;12.500;1150;1200;4.23528541e-02
4340;4.100;4400;4450;4.23282038e-02
4341;12.300;1300;1350;4.23021307e-02
4342;13.400;1450;1500;4.21639246e-02
4343;7.200;900;950;4.21485467e-02
4344;2.600;1150;1200;4.20955720e-02
4345;13.900;1250;1300;4.20908192e-02
4346;7.500;100;150;4.20704922e-02
4347;0.600;1550;1600;4.20418149e-02
4348;4.000;2950;3000;4.20093488e-02
4349;13.800;1250;1300;4.20053052e-02
4350;3.800;350;400;4.19901359e-02
4351;14.700;2150;2200;4.19539354e-02
4352;12.000;2000;2050;4.19127920e-02
4353;11.500;550;600;4.18993430e-02
4354;12.100;2100;2150;4.18806983e-02
4355;15.100;1700;1750;4.17879051e-02
4356;14.100;2200;2250;4.17111285e-02
4357;11.000;950;1000;4.16744118e-02
4358;0.400;900;950;4.16468966e-02
4359;8.400;1300;1350;4.16300285e-02
4360;6.100;1900;1950;4.16098109e-02
4361;13.900;1750;1800;4.15801651e-02
4362;9.000;1700;1750;4.15679238e-02
4363;13.100;2100;2150;4.14610642e-02
4364;10.300;1850;1900;4.14271308e-02
4365;5.100;3150;3200;4.13444694e-02
4366;12.700;1900;1950;4.13141901e-02
4367;10.900;950;1000;4.13047508e-02
4368;10.000;1850;1900;4.12008281e-02
4369;1.000;2750;2800;4.11617887e-02
4370;7.400;200;250;4.11577164e-02
4371;11.100;1200;1250;4.10926038e-02
4372;15.500;1150;1200;4.09412288e-02
4373;4.100;3800;3850;4.08447004e-02
4374;6.300;1600;1650;4.07458397e-02
4375;1.500;800;850;4.05620687e-02
4376;15.600;1300;1350;4.05291450e-02
4377;15.400;1150;1200;4.04234803e-02
4378;6.500;450;500;4.03496401e-02
4379;6.500;1750;1800;4.03469807e-02
4380;11.200;700;750;4.03458853e-02
4381;15.100;1850;1900;4.03340980e-02
4382;9.200;1800;1850;4.02728008e-02
4383;15.700;2100;2150;4.02379055e-02
4384;8.300;2100;2150;4.01700246e-02
4385;9.100;2050;2100;4.00814190e-02
4386;7.200;600;650;3.99398360e-02
4387;4.000;3100;3150;3.98369461e-02
4388;7.300;1200;1250;3.98265813e-02
4389;5.000;3100;3150;3.97420704e-02
4390;3.100;1150;1200;3.97028938e-02
4391;13.300;2150;2200;3.95432921e-02
4392;1.300;600;650;3.95419194e-02
4393;13.100;2550;2600;3.93994190e-02
4394;15.700;600;650;3.93309163e-02
4395;9.700;1850;1900;3.93249328e-02
4396;14.700;1900;1950;3.92974799e-02
4397;9.100;1750;1800;3.92524133e-02
4398;15.600;1150;1200;3.91341015e-02
4399;7.400;1750;1800;3.90752671e-02
4400;8.500;1950;2000;3.90207896e-02
4401;1.100;650;700;3.89841857e-02
4402;3.500;200;250;3.88659161e-02
4403;4.600;1250;1300;3.87435598e-02
4404;12.400;1300;1350;3.87056444e-02
4405;9.400;1650;1700;3.85843845e-02
4406;14.300;1500;1550;3.85678440e-02
4407;2.100;150;200;3.84804848e-02
4408;7.300;900;950;3.84463405e-02
4409;0.400;650;700;3.83804055e-02
4410;14.700;1600;1650;3.83598701e-02
4411;0.300;850;900;3.82202418e-02
4412;9.000;2200;2250;3.80287580e-02
4413;12.400;2250;2300;3.80037462e-02
4414;4.300;4450;4500;3.79758809e-02
4415;4.900;550;600;3.79194870e-02
4416;12.000;1600;1650;3.77812002e-02
4417;11.400;1200;1250;3.77638761e-02
4418;14.100;1600;1650;3.76917929e-02
4419;8.300;1950;2000;3.76513935e-02
4420;8.900;2050;2100;3.76510575e-02
4421;10.400;1550;1600;3.76453428e-02
4422;4.200;2600;2650;3.76116459e-02
4423;13.400;2100;2150;3.75363789e-02
4424;8.800;2100;2150;3.75323233e-02
4425;4.000;3900;3950;3.75134061e-02
4426;5.400;1250;1300;3.74070107e-02
4427;15.800;0;50;3.73837989e-02
4428;14.600;2000;2050;3.73813541e-02
4429;4.100;1250;1300;3.71422412e-02
4430;0.700;950;1000;3.71356267e-02
4431;7.600;100;150;3.70836035e-02
4432;15.700;1150;1200;3.70705880e-02
4433;15.300;1750;1800;3.69883778e-02
4434;3.400;1550;1600;3.69561065e-02
4435;5.600;1600;1650;3.69317253e-02
4436;14.200;2200;2250;3.68400714e-02
4437;5.900;1850;1900;3.67949364e-02
4438;7.900;1700;1750;3.67674683e-02
4439;12.100;1600;1650;3.67672948e-02
4440;7.000;1350;1400;3.67466880e-02
4441;6.200;750;800;3.67360380e-02
4442;7.400;900;950;3.65585164e-02
4443;0.700;1600;1650;3.65540453e-02
4444;4.000;3750;3800;3.64614057e-02
4445;1.300;1600;1650;3.64490060e-02
4446;14.200;1800;1850;3.64360961e-02
4447;7.600;1950;2000;3.64315580e-02
4448;2.500;1150;1200;3.62917925e-02
4449;6.500;600;650;3.62013600e-02
4450;15.400;1900;1950;3.60300908e-02
4451;5.400;2300;2350;3.60122180e-02
4452;10.000;1450;1500;3.59743956e-02
4453;5.700;550;600;3.58371134e-02
4454;4.500;2650;2700;3.58357462e-02
4455;5.300;2800;2850;3.58131860e-02
4456;9.300;1650;1700;3.58066812e-02
4457;7.800;450;500;3.57636185e-02
4458;3.700;1000;1050;3.57381808e-02
4459;0.800;1300;1350;3.55924568e-02
4460;6.800;1950;2000;3.55161419e-02
4461;12.800;1500;1550;3.54807315e-02
4462;6.100;1600;1650;3.54405127e-02
4463;14.900;1900;1950;3.54217484e-02
4464;5.000;2700;2750;3.53677140e-02
4465;12.900;1300;1350;3.53640211e-02
4466;10.000;1650;1700;3.53638867e-02
4467;5.400;1100;1150;3.53353963e-02
4468;7.600;1150;1200;3.52661735e-02
4469;3.200;1150;1200;3.52480347e-02
4470;5.300;550;600;3.52443812e-02
4471;1.500;300;350;3.51669749e-02
4472;4.300;950;1000;3.51091798e-02
4473;10.400;850;900;3.50468718e-02
4474;3.200;1550;1600;3.50120459e-02
4475;4.500;1650;1700;3.49745073e-02
4476;2.200;150;200;3.49206042e-02
4477;6.300;900;950;3.48675343e-02
4478;10.000;1100;1150;3.48613970e-02
4479;10.400;1350;1400;3.47969331e-02
4480;13.200;1800;1850;3.47057892e-02
4481;10.700;1550;1600;3.46252364e-02
4482;1.100;900;950;3.45483061e-02
4483;15.700;950;1000;3.45468243e-02
4484;15.400;900;950;3.44226584e-02
4485;14.200;2250;2300;3.43041502e-02
4486;10.300;850;900;3.42566102e-02
4487;1.600;1450;1500;3.41870042e-02
4488;7.300;50;100;3.41707570e-02
4489;11.800;600;650;3.41641241e-02
4490;0.600;1200;1250;3.41629314e-02
4491;6.600;750;800;3.41603808e-02
4492;13.900;1650;1700;3.40825712e-02
4493;13.100;1700;1750;3.40818340e-02
4494;6.100;1700;1750;3.40780745e-02
4495;13.900;1100;1150;3.40757580e-02
4496;0.600;1850;1900;3.40586508e-02
4497;4.100;3250;3300;3.40463388e-02
4498;6.400;450;500;3.39467750e-02
4499;6.800;800;850;3.39009275e-02
4500;5.600;600;650;3.37857498e-02
4501;10.400;1850;1900;3.37096458e-02
4502;7.900;1300;1350;3.37026265e-02
4503;5.200;1650;1700;3.36903287e-02
4504;12.600;1950;2000;3.36551820e-02
4505;5.800;1250;1300;3.35727271e-02
4506;8.500;1150;1200;3.35592360e-02
4507;4.900;2450;2500;3.34382496e-02
4508;5.900;800;850;3.33793241e-02
4509;8.800;1300;1350;3.33296764e-02
4510;8.700;1150;1200;3.32723402e-02
4511;8.700;1600;1650;3.32372977e-02
4512;3.700;200;250;3.31649709e-02
4513;15.600;0;50;3.30558618e-02
4514;13.700;1100;1150;3.29802967e-02
4515;4.300;2850;2900;3.29375516e-02
4516;11.100;800;850;3.29111259e-02
4517;6.900;2100;2150;3.28991516e-02
4518;6.800;2100;2150;3.28532493e-02
4519;5.700;0;50;3.27781453e-02
4520;5.900;850;900;3.26675296e-02
4521;12.800;1850;1900;3.26635890e-02
4522;3.000;750;800;3.25901186e-02
4523;8.800;1100;1150;3.25594025e-02
4524;6.300;1750;1800;3.24368469e-02
4525;10.400;1450;1500;3.23832235e-02
4526;15.000;1950;2000;3.23643914e-02
4527;10.500;1250;1300;3.23012905e-02
4528;3.800;750;800;3.22889700e-02
4529;1.100;1250;1300;3.22558343e-02
4530;7.700;100;150;3.22519358e-02
4531;4.800;2500;2550;3.22507968e-02
4532;4.200;950;1000;3.21075877e-02
4533;8.400;2250;2300;3.19871458e-02
4534;13.600;2200;2250;3.19760296e-02
4535;0.600;1250;1300;3.19424992e-02
4536;10.800;1100;1150;3.19051452e-02
4537;10.100;1450;1500;3.18935654e-02
4538;7.900;2050;2100;3.18599766e-02
4539;12.200;2250;2300;3.17559646e-02
4540;11.600;600;650;3.17361943e-02
4541;13.300;1100;1150;3.17055786e-02
4542;5.000;3300;3350;3.16346865e-02
4543;0.900;2000;2050;3.16191630e-02
4544;2.300;150;200;3.15828177e-02
4545;0.200;1850;1900;3.15337315e-02
4546;15.800;1150;1200;3.15226496e-02
4547;13.000;2050;2100;3.14595461e-02
4548;4.100;2400;2450;3.14447318e-02
4549;4.600;1650;1700;3.14342581e-02
4550;14.700;2000;2050;3.13944235e-02
4551;12.700;1600;1650;3.13891496e-02
4552;1.100;700;750;3.13771329e-02
4553;5.600;0;50;3.12987819e-02
4554;2.300;1950;2000;3.12785938e-02
4555;12.700;1500;1550;3.12385330e-02
4556;1.800;50;100;3.12378755e-02
4557;10.200;1550;1600;3.11673494e-02
4558;6.200;1900;1950;3.11489394e-02
4559;13.800;1100;1150;3.11238323e-02
4560;11.200;1250;1300;3.10957409e-02
4561;11.300;600;650;3.09694891e-02
4562;5.000;3650;3700;3.09245082e-02
4563;15.600;1650;1700;3.09105951e-02
4564;12.000;1150;1200;3.08883289e-02
4565;3.900;1200;1250;3.08681651e-02
4566;15.900;600;650;3.08211951e-02
4567;15.500;1650;1700;3.07925204e-02
4568;12.300;2100;2150;3.07647152e-02
4569;9.000;2000;2050;3.07645594e-02
4570;8.500;1500;1550;3.07586204e-02
4571;9.300;1500;1550;3.06993861e-02
4572;8.900;2000;2050;3.06812313e-02
4573;4.400;2250;2300;3.06257234e-02
4574;15.100;1950;2000;3.05566508e-02
4575;4.800;1650;1700;3.04840544e-02
4576;1.500;1200;1250;3.04671775e-02
4577;12.500;2150;2200;3.04263794e-02
4578;1.800;1150;1200;3.04218150e-02
4579;3.500;150;200;3.03863423e-02
4580;10.600;1550;1600;3.03642093e-02
4581;0.700;850;900;3.02711927e-02
4582;15.900;1150;1200;3.02675504e-02
4583;3.300;1150;1200;3.02670398e-02
4584;8.700;1850;1900;3.02529627e-02
4585;3.700;1050;1100;3.02492935e-02
4586;7.500;200;250;3.02473164e-02
4587;9.700;1750;1800;3.02409386e-02
4588;7.500;900;950;3.02049199e-02
4589;6.700;800;850;3.01939165e-02
4590;3.300;1550;1600;3.01220545e-02
4591;7.400;1200;1250;3.00779678e-02
4592;10.200;1450;1500;3.00745127e-02
4593;11.400;600;650;3.00673908e-02
4594;11.700;1200;1250;3.00537233e-02
4595;12.300;1500;1550;3.00165194e-02
4596;5.500;1500;1550;2.99640538e-02
4597;4.300;1300;1350;2.98642965e-02
4598;5.600;550;600;2.96895971e-02
4599;14.500;1850;1900;2.96808551e-02
4600;11.600;550;600;2.96481000e-02
4601;12.700;1300;1350;2.96478415e-02
4602;0.800;1450;1500;2.96187699e-02
4603;3.900;2300;2350;2.95775018e-02
4604;14.800;1600;1650;2.95202208e-02
4605;5.500;1250;1300;2.95142788e-02
4606;6.000;800;850;2.94608922e-02
4607;12.700;1150;1200;2.94486756e-02
4608;5.300;2450;2500;2.94473519e-02
4609;2.700;500;550;2.94461496e-02
4610;6.900;450;500;2.94252392e-02
4611;13.300;1600;1650;2.94155434e-02
4612;4.200;2050;2100;2.93709032e-02
4613;10.100;1650;1700;2.93655980e-02
4614;4.900;1650;1700;2.93528368e-02
4615;5.000;3550;3600;2.93351008e-02
4616;9.600;1450;1500;2.93186840e-02
4617;15.300;1700;1750;2.92952376e-02
4618;10.600;1250;1300;2.92928675e-02
4619;12.300;1600;1650;2.92414200e-02
4620;12.500;2250;2300;2.91955891e-02
4621;8.400;1950;2000;2.91607594e-02
4622;5.900;750;800;2.90993984e-02
4623;15.200;1850;1900;2.90565738e-02
4624;15.200;1950;2000;2.89734661e-02
4625;11.000;1100;1150;2.88995123e-02
4626;9.100;1600;1650;2.87944847e-02
4627;13.400;1650;1700;2.87656142e-02
4628;10.000;800;850;2.87309961e-02
4629;4.400;4450;4500;2.87308035e-02
4630;9.800;1850;1900;2.87233529e-02
4631;15.300;1950;2000;2.87098025e-02
4632;6.500;2000;2050;2.86943805e-02
4633;14.300;2050;2100;2.86803572e-02
4634;11.500;600;650;2.86620712e-02
4635;2.400;1150;1200;2.86619738e-02
4636;0.900;1900;1950;2.86582803e-02
4637;13.500;2100;2150;2.86517525e-02
4638;9.100;2000;2050;2.86399956e-02
4639;10.100;1350;1400;2.86388720e-02
4640;5.100;2650;2700;2.86000617e-02
4641;15.000;2000;2050;2.85169989e-02
4642;7.500;800;850;2.83583081e-02
4643;5.500;550;600;2.83025240e-02
4644;5.800;550;600;2.82905279e-02
4645;4.800;1300;1350;2.82904704e-02
4646;4.000;3350;3400;2.82529440e-02
4647;9.100;2200;2250;2.82379082e-02
4648;10.700;1250;1300;2.82068160e-02
4649;2.400;150;200;2.81989993e-02
4650;9.000;2150;2200;2.81711715e-02
4651;8.000;2900;2950;2.81692100e-02
4652;13.500;1100;1150;2.81643043e-02
4653;1.500;100;150;2.81068134e-02
4654;15.800;1550;1600;2.81006254e-02
4655;10.500;1850;1900;2.80867776e-02
4656;3.600;200;250;2.80660152e-02
4657;11.100;1450;1500;2.80542330e-02
4658;1.500;450;500;2.79830836e-02
4659;7.000;1400;1450;2.79395447e-02
4660;13.600;2100;2150;2.79263251e-02
4661;15.900;950;1000;2.78904047e-02
4662;8.700;1300;1350;2.78850881e-02
4663;15.700;1300;1350;2.77951570e-02
4664;0.500;650;700;2.77866547e-02
4665;14.000;2900;2950;2.77835888e-02
4666;14.800;1850;1900;2.77416682e-02
4667;15.500;1900;1950;2.77370502e-02
4668;14.400;2650;2700;2.76969075e-02
4669;6.000;1850;1900;2.76057234e-02
4670;8.300;1800;1850;2.75865845e-02
4671;13.900;1550;1600;2.75303195e-02
4672;14.400;2450;2500;2.75042738e-02
4673;14.500;2850;2900;2.74706178e-02
4674;7.600;200;250;2.74604416e-02
4675;9.900;1350;1400;2.74570795e-02
4676;15.700;1650;1700;2.74280996e-02
4677;13.200;1600;1650;2.74271602e-02
4678;3.900;2250;2300;2.74176510e-02
4679;4.800;2200;2250;2.73923719e-02
4680;15.600;1550;1600;2.73453987e-02
4681;13.800;2200;2250;2.72595203e-02
4682;9.200;1650;1700;2.72544401e-02
4683;6.400;600;650;2.72130209e-02
4684;7.800;100;150;2.71756015e-02
4685;13.700;2200;2250;2.71274457e-02
4686;14.000;3000;3050;2.70929276e-02
4687;2.700;600;650;2.70854314e-02
4688;5.200;2450;2500;2.70238511e-02
4689;14.100;2050;2100;2.69855949e-02
4690;0.900;700;750;2.69845502e-02
4691;2.500;600;650;2.69464117e-02
4692;14.800;2000;2050;2.69324973e-02
4693;7.600;800;850;2.69230897e-02
4694;1.100;1500;1550;2.69158264e-02
4695;5.800;600;650;2.68957836e-02
4696;10.100;800;850;2.68753096e-02
4697;15.200;1700;1750;2.68731470e-02
4698;13.900;550;600;2.68624815e-02
4699;10.500;1550;1600;2.68443238e-02
4700;2.800;600;650;2.67826641e-02
4701;5.800;850;900;2.67710593e-02
4702;0.500;950;1000;2.67177287e-02
4703;13.600;1700;1750;2.66712500e-02
4704;7.900;1400;1450;2.66003034e-02
4705;8.400;2100;2150;2.65719981e-02
4706;7.800;1200;1250;2.64943776e-02
4707;9.100;2150;2200;2.64892719e-02
4708;1.400;600;650;2.64077929e-02
4709;15.100;2000;2050;2.63960626e-02
4710;3.400;750;800;2.63755099e-02
4711;3.900;2900;2950;2.63469297e-02
4712;14.400;950;1000;2.63370577e-02
4713;2.600;600;650;2.62812128e-02
4714;7.600;900;950;2.62284676e-02
4715;4.100;3850;3900;2.61717159e-02
4716;4.300;1100;1150;2.60658972e-02
4717;7.400;800;850;2.60321971e-02
4718;6.000;2750;2800;2.60218826e-02
4719;6.700;2100;2150;2.59637555e-02
4720;7.500;1750;1800;2.59536089e-02
4721;12.400;2100;2150;2.59397753e-02
4722;14.500;2450;2500;2.58502190e-02
4723;12.000;2150;2200;2.57729767e-02
4724;6.200;1250;1300;2.57706593e-02
4725;14.900;2000;2050;2.57476661e-02
4726;10.200;1350;1400;2.57448589e-02
4727;13.500;1450;1500;2.56753050e-02
4728;5.700;1900;1950;2.56148313e-02
4729;5.100;2200;2250;2.55948706e-02
4730;15.800;2100;2150;2.55819227e-02
4731;2.900;600;650;2.55699294e-02
4732;4.400;1300;1350;2.54901878e-02
4733;3.000;600;650;2.54856027e-02
4734;3.900;1700;1750;2.54113923e-02
4735;3.400;1150;1200;2.52917368e-02
4736;2.500;150;200;2.52881825e-02
4737;3.800;200;250;2.52600378e-02
4738;12.400;1600;1650;2.52420841e-02
4739;5.700;900;950;2.52419884e-02
4740;6.000;0;50;2.52083462e-02
4741;11.000;1450;1500;2.51826877e-02
4742;6.000;1600;1650;2.51724928e-02
4743;0.200;1100;1150;2.51458445e-02
4744;14.000;3450;3500;2.51201170e-02
4745;0.900;1400;1450;2.50739069e-02
4746;13.400;2500;2550;2.49936323e-02
4747;10.000;1350;1400;2.49711709e-02
4748;8.200;1150;1200;2.49554994e-02
4749;11.500;1200;1250;2.49346486e-02
4750;6.600;1250;1300;2.49112127e-02
4751;11.600;1200;1250;2.48774007e-02
4752;0.600;1400;1450;2.48350596e-02
4753;14.700;1950;2000;2.48339665e-02
4754;8.200;2200;2250;2.47744284e-02
4755;10.100;1400;1450;2.47271464e-02
4756;0.200;1700;1750;2.47242556e-02
4757;2.400;600;650;2.46843350e-02
4758;2.300;600;650;2.46770602e-02
4759;5.900;550;600;2.46660577e-02
4760;0.200;1150;1200;2.46557678e-02
4761;13.200;1500;1550;2.46211179e-02
4762;11.200;1450;1500;2.45502519e-02
4763;0.900;850;900;2.45351096e-02
4764;13.400;2200;2250;2.45254195e-02
4765;8.000;2850;2900;2.44860423e-02
4766;12.700;1950;2000;2.44720853e-02
4767;7.000;2100;2150;2.44546998e-02
4768;11.200;600;650;2.44545000e-02
4769;9.200;1750;1800;2.44201525e-02
4770;13.400;1100;1150;2.44075601e-02
4771;4.100;3300;3350;2.43513276e-02
4772;5.200;950;1000;2.43504971e-02
4773;9.300;1900;1950;2.43084561e-02
4774;6.500;1600;1650;2.42720929e-02
4775;15.000;1600;1650;2.41443538e-02
4776;1.000;2350;2400;2.40492027e-02
4777;6.000;750;800;2.39672707e-02
4778;11.900;550;600;2.39476538e-02
4779;6.200;0;50;2.39235925e-02
4780;10.400;1400;1450;2.39107562e-02
4781;5.500;2150;2200;2.39098307e-02
4782;5.400;2850;2900;2.39041602e-02
4783;10.900;1450;1500;2.38730847e-02
4784;15.800;950;1000;2.38719668e-02
4785;6.000;600;650;2.37555690e-02
4786;7.300;800;850;2.37483882e-02
4787;15.100;2100;2150;2.37231025e-02
4788;8.100;1950;2000;2.37171655e-02
4789;1.300;2000;2050;2.36893331e-02
4790;13.800;550;600;2.36816816e-02
4791;6.900;800;850;2.36378880e-02
4792;5.900;0;50;2.35928469e-02
4793;6.500;1250;1300;2.35663523e-02
4794;0.500;850;900;2.35312354e-02
4795;6.400;1600;1650;2.35035805e-02
4796;6.200;900;950;2.34611499e-02
4797;15.500;900;950;2.34599898e-02
4798;6.100;1250;1300;2.34275225e-02
4799;10.100;1250;1300;2.33826135e-02
4800;8.400;1150;1200;2.33469639e-02
4801;11.500;800;850;2.33356755e-02
4802;9.100;1350;1400;2.33197018e-02
4803;14.300;2500;2550;2.32835995e-02
4804;5.400;550;600;2.31742370e-02
4805;5.100;2050;2100;2.31583777e-02
4806;15.400;1700;1750;2.31450678e-02
4807;3.100;600;650;2.31211651e-02
4808;13.500;1700;1750;2.30921811e-02
4809;1.700;1450;1500;2.30743482e-02
4810;1.600;800;850;2.30497689e-02
4811;9.900;1400;1450;2.30441061e-02
4812;1.600;300;350;2.30265304e-02
4813;15.700;1550;1600;2.30225458e-02
4814;13.600;1450;1500;2.29903501e-02
4815;10.700;1350;1400;2.29860993e-02
4816;14.600;950;1000;2.29258125e-02
4817;5.000;2950;3000;2.28986484e-02
4818;4.200;3650;3700;2.28549005e-02
4819;7.700;1150;1200;2.27901369e-02
4820;8.000;1850;1900;2.27878408e-02
4821;14.800;1900;1950;2.27694495e-02
4822;0.200;1300;1350;2.27535237e-02
4823;8.200;1800;1850;2.27160993e-02
4824;15.400;1950;2000;2.26822565e-02
4825;10.000;1400;1450;2.26743667e-02
4826;2.200;600;650;2.26117379e-02
4827;6.600;1600;1650;2.25866545e-02
4828;14.200;2450;2500;2.25696129e-02
4829;13.000;2550;2600;2.25299778e-02
4830;2.800;750;800;2.25199491e-02
4831;13.100;2800;2850;2.24691262e-02
4832;7.200;450;500;2.24667032e-02
4833;3.200;600;650;2.24659420e-02
4834;10.900;1250;1300;2.24041824e-02
4835;1.900;50;100;2.23773617e-02
4836;13.300;1700;1750;2.23684895e-02
4837;9.900;1450;1500;2.23518802e-02
4838;5.700;600;650;2.22025522e-02
4839;4.100;2000;2050;2.21702770e-02
4840;13.800;1450;1500;2.20932196e-02
4841;10.200;1400;1450;2.20869723e-02
4842;7.700;900;950;2.20646607e-02
4843;8.000;1950;2000;2.20485490e-02
4844;13.900;1900;1950;2.20304915e-02
4845;5.800;0;50;2.19612153e-02
4846;2.600;150;200;2.19130315e-02
4847;5.500;1100;1150;2.18497702e-02
4848;12.400;1750;1800;2.18455223e-02
4849;10.300;1400;1450;2.18098167e-02
4850;3.800;1000;1050;2.18042265e-02
4851;10.300;1250;1300;2.17718790e-02
4852;13.700;1450;1500;2.16610926e-02
4853;5.200;2400;2450;2.14694277e-02
4854;5.500;2300;2350;2.14604437e-02
4855;7.700;200;250;2.14568071e-02
4856;14.600;2450;2500;2.14554576e-02
4857;4.200;2700;2750;2.14316579e-02
4858;6.700;1250;1300;2.14002070e-02
4859;13.900;1450;1500;2.13887751e-02
4860;5.600;2150;2200;2.13379835e-02
4861;12.300;1800;1850;2.13243998e-02
4862;0.600;1650;1700;2.13014202e-02
4863;6.100;800;850;2.12775337e-02
4864;6.000;550;600;2.12342375e-02
4865;0.700;1900;1950;2.12205283e-02
4866;13.200;1700;1750;2.09918940e-02
4867;14.200;2850;2900;2.09824208e-02
4868;12.700;2150;2200;2.09055148e-02
4869;12.700;1850;1900;2.08870545e-02
4870;7.000;800;850;2.08850916e-02
4871;15.200;2300;2350;2.08832265e-02
4872;14.800;950;1000;2.08730356e-02
4873;6.300;1900;1950;2.08607098e-02
4874;2.100;600;650;2.07949398e-02
4875;14.000;2850;2900;2.07778238e-02
4876;4.000;4000;4050;2.07760946e-02
4877;13.700;1700;1750;2.06999660e-02
4878;11.600;800;850;2.06978200e-02
4879;10.300;1350;1400;2.06937119e-02
4880;8.500;1300;1350;2.06925691e-02
4881;8.400;1600;1650;2.06793944e-02
4882;13.200;2550;2600;2.06689996e-02
4883;15.100;1750;1800;2.06428746e-02
4884;14.900;950;1000;2.06416964e-02
4885;5.400;2150;2200;2.05781110e-02
4886;5.000;3500;3550;2.05463659e-02
4887;13.400;1700;1750;2.05448695e-02
4888;15.500;1850;1900;2.05374319e-02
4889;12.200;1750;1800;2.05144836e-02
4890;5.100;3650;3700;2.04965621e-02
4891;6.800;750;800;2.04854563e-02
4892;9.700;1300;1350;2.04604682e-02
4893;15.200;1750;1800;2.04440548e-02
4894;8.500;1600;1650;2.03993312e-02
4895;8.100;2200;2250;2.03733771e-02
4896;3.300;600;650;2.02373857e-02
4897;3.900;1850;1900;2.02226789e-02
4898;6.600;800;850;2.01773401e-02
4899;1.600;1200;1250;2.01642287e-02
4900;2.700;150;200;2.01487158e-02
4901;4.200;4250;4300;2.01101061e-02
4902;10.000;1750;1800;2.01090699e-02
4903;6.200;600;650;2.00901461e-02
4904;15.200;2000;2050;2.00853573e-02
4905;9.800;1350;1400;2.00710651e-02
4906;15.300;2300;2350;2.00487459e-02
4907;6.700;750;800;2.00471013e-02
4908;13.000;2800;2850;2.00221448e-02
4909;7.700;800;850;2.00147147e-02
4910;12.300;1550;1600;1.99590144e-02
4911;2.300;1150;1200;1.99479797e-02
4912;1.500;50;100;1.99438642e-02
4913;5.800;1600;1650;1.99055510e-02
4914;1.100;1100;1150;1.98918389e-02
4915;9.200;2050;2100;1.98809095e-02
4916;6.400;1750;1800;1.98606735e-02
4917;8.500;1900;1950;1.98522081e-02
4918;3.500;1150;1200;1.98038961e-02
4919;6.400;2100;2150;1.97741016e-02
4920;5.000;3350;3400;1.97585406e-02
4921;6.300;600;650;1.97339849e-02
4922;2.000;600;650;1.96934765e-02
4923;14.900;1950;2000;1.96877961e-02
4924;7.500;1200;1250;1.96648848e-02
4925;12.500;1500;1550;1.96482395e-02
4926;15.900;1550;1600;1.96392105e-02
4927;10.400;1650;1700;1.96308177e-02
4928;14.000;2400;2450;1.96253627e-02
4929;9.700;1350;1400;1.96059231e-02
4930;10.600;800;850;1.95768299e-02
4931;12.900;1850;1900;1.95290943e-02
4932;10.400;600;650;1.95243907e-02
4933;1.100;2750;2800;1.95159742e-02
4934;1.600;50;100;1.95100651e-02
4935;13.000;2600;2650;1.93341688e-02
4936;3.700;750;800;1.92184331e-02
4937;9.500;1650;1700;1.92142896e-02
4938;11.700;600;650;1.92121800e-02
4939;10.600;1350;1400;1.91180406e-02
4940;2.800;500;550;1.90985184e-02
4941;6.700;1600;1650;1.90330698e-02
4942;12.800;1900;1950;1.89901732e-02
4943;13.500;2200;2250;1.89652872e-02
4944;14.200;2900;2950;1.89522771e-02
4945;9.400;1400;1450;1.89298424e-02
4946;9.600;1750;1800;1.89040572e-02
4947;7.800;1350;1400;1.88481440e-02
4948;3.900;2450;2500;1.88347266e-02
4949;8.300;2200;2250;1.87999603e-02
4950;6.900;1700;1750;1.87614095e-02
4951;4.100;2350;2400;1.87328979e-02
4952;15.800;1650;1700;1.87155156e-02
4953;1.600;450;500;1.87067943e-02
4954;4.000;4150;4200;1.86628130e-02
4955;9.600;1350;1400;1.86237197e-02
4956;13.400;1600;1650;1.86140259e-02
4957;14.100;1800;1850;1.85552568e-02
4958;0.200;1600;1650;1.85307632e-02
4959;12.200;1150;1200;1.84794921e-02
4960;1.500;600;650;1.84103928e-02
4961;10.800;1300;1350;1.83638587e-02
4962;5.100;3550;3600;1.83482931e-02
4963;3.400;600;650;1.83199306e-02
4964;6.100;550;600;1.82517579e-02
4965;8.000;1900;1950;1.82503884e-02
4966;11.700;550;600;1.82349597e-02
4967;14.300;1800;1850;1.82313825e-02
4968;6.800;1700;1750;1.81886471e-02
4969;1.600;100;150;1.81856848e-02
4970;15.000;1500;1550;1.81435504e-02
4971;5.300;2850;2900;1.81183179e-02
4972;4.200;3150;3200;1.81162330e-02
4973;3.800;1050;1100;1.80815949e-02
4974;9.300;1400;1450;1.80733599e-02
4975;7.000;1700;1750;1.80394127e-02
4976;9.900;1650;1700;1.79709898e-02
4977;2.800;150;200;1.79625507e-02
4978;0.800;950;1000;1.79528788e-02
4979;9.300;1800;1850;1.79364401e-02
4980;5.400;2450;2500;1.79258531e-02
4981;7.700;1200;1250;1.79052030e-02
4982;4.300;4400;4450;1.79045553e-02
4983;10.400;1250;1300;1.78918095e-02
4984;0.400;1550;1600;1.78884795e-02
4985;8.300;2050;2100;1.78391255e-02
4986;12.100;2150;2200;1.78236771e-02
4987;0.700;1150;1200;1.78116921e-02
4988;4.800;1150;1200;1.78040412e-02
4989;15.600;1900;1950;1.77989454e-02
4990;7.700;1350;1400;1.77940057e-02
4991;3.500;600;650;1.77687561e-02
4992;15.500;1700;1750;1.77345896e-02
4993;14.800;2150;2200;1.77216510e-02
4994;11.900;1200;1250;1.77068621e-02
4995;9.800;1750;1800;1.77066738e-02
4996;12.600;2150;2200;1.76843226e-02
4997;0.800;1900;1950;1.76179689e-02
4998;14.300;2200;2250;1.75391887e-02
4999;4.200;1150;1200;1.75018165e-02
5000;8.600;2150;2200;1.74751532e-02
5001;8.000;1250;1300;1.74705617e-02
5002;4.000;3700;3750;1.74694793e-02
5003;14.900;1600;1650;1.74686908e-02
5004;15.100;2300;2350;1.74541507e-02
5005;6.400;1250;1300;1.74416057e-02
5006;10.800;1550;1600;1.73612973e-02
5007;10.600;1850;1900;1.73413738e-02
5008;13.800;2100;2150;1.73332777e-02
5009;12.100;1200;1250;1.73091387e-02
5010;14.800;1950;2000;1.72529037e-02
5011;13.300;1500;1550;1.72421549e-02
5012;12.500;2050;2100;1.72165110e-02
5013;8.800;1600;1650;1.72116627e-02
5014;4.100;1500;1550;1.71956720e-02
5015;4.700;2300;2350;1.71819157e-02
5016;9.100;1700;1750;1.71732980e-02
5017;5.000;2900;2950;1.70476649e-02
5018;11.300;1250;1300;1.70221485e-02
5019;9.900;1750;1800;1.70005098e-02
5020;3.900;2650;2700;1.69697997e-02
5021;6.300;1250;1300;1.69266166e-02
5022;9.300;1600;1650;1.69101699e-02
5023;9.700;1450;1500;1.69099336e-02
5024;4.500;2800;2850;1.68281088e-02
5025;13.300;1800;1850;1.68258136e-02
5026;12.600;1600;1650;1.68083324e-02
5027;6.700;1950;2000;1.68064403e-02
5028;1.900;600;650;1.67867160e-02
5029;5.500;2850;2900;1.67439777e-02
5030;8.600;1300;1350;1.67017891e-02
5031;15.500;1950;2000;1.66827524e-02
5032;1.800;600;650;1.66390498e-02
5033;6.700;0;50;1.66292837e-02
5034;4.400;2800;2850;1.65788023e-02
5035;15.000;2300;2350;1.65689866e-02
5036;2.900;150;200;1.64803402e-02
5037;8.200;2150;2200;1.64683251e-02
5038;1.700;450;500;1.64502719e-02
5039;4.600;1100;1150;1.63897740e-02
5040;6.500;0;50;1.63828182e-02
5041;5.700;1600;1650;1.63771588e-02
5042;5.300;950;1000;1.63465004e-02
5043;10.600;1450;1500;1.63198882e-02
5044;7.100;800;850;1.62882762e-02
5045;15.900;900;950;1.62852042e-02
5046;3.900;2500;2550;1.62663539e-02
5047;13.600;1300;1350;1.62629569e-02
5048;1.600;600;650;1.62158219e-02
5049;13.200;2800;2850;1.62116273e-02
5050;5.900;1600;1650;1.61464608e-02
5051;8.600;1950;2000;1.61431050e-02
5052;14.600;2300;2350;1.61414409e-02
5053;11.800;550;600;1.61070718e-02
5054;7.000;450;500;1.60777293e-02
5055;1.700;300;350;1.60673064e-02
5056;8.300;1750;1800;1.60382216e-02
5057;7.100;2000;2050;1.60369875e-02
5058;12.100;1700;1750;1.60364748e-02
5059;12.300;2200;2250;1.60242968e-02
5060;6.700;1700;1750;1.60238578e-02
5061;8.700;1900;1950;1.59813233e-02
5062;9.400;1350;1400;1.59611454e-02
5063;14.000;3250;3300;1.59508661e-02
5064;0.200;950;1000;1.59099623e-02
5065;6.100;1850;1900;1.58976470e-02
5066;10.300;1650;1700;1.58878068e-02
5067;15.600;900;950;1.58849650e-02
5068;14.700;2450;2500;1.58793843e-02
5069;13.600;2150;2200;1.57787717e-02
5070;6.100;900;950;1.57715676e-02
5071;10.800;1450;1500;1.57697751e-02
5072;15.800;1700;1750;1.57346084e-02
5073;12.800;1300;1350;1.57111333e-02
5074;3.900;2600;2650;1.56431241e-02
5075;10.700;1300;1350;1.56415541e-02
5076;10.500;600;650;1.56273749e-02
5077;10.700;1100;1150;1.55994688e-02
5078;5.700;2150;2200;1.55989932e-02
5079;14.900;2450;2500;1.55727857e-02
5080;3.600;1150;1200;1.54925659e-02
5081;5.600;1900;1950;1.54535765e-02
5082;15.600;1700;1750;1.53637958e-02
5083;9.200;1600;1650;1.53555822e-02
5084;14.000;2600;2650;1.53400127e-02
5085;4.800;1100;1150;1.52950259e-02
5086;0.500;700;750;1.52759526e-02
5087;5.900;1250;1300;1.52115383e-02
5088;6.800;1250;1300;1.51859297e-02
5089;10.100;1750;1800;1.51720606e-02
5090;0.300;1700;1750;1.51565163e-02
5091;11.000;1300;1350;1.51489608e-02
5092;7.200;2000;2050;1.51322677e-02
5093;5.100;2450;2500;1.51034365e-02
5094;4.400;1150;1200;1.50540746e-02
5095;15.000;2100;2150;1.50105107e-02
5096;15.800;1300;1350;1.49957999e-02
5097;3.000;150;200;1.49722502e-02
5098;2.400;1950;2000;1.49629000e-02
5099;9.700;1400;1450;1.49620760e-02
5100;7.800;1400;1450;1.49592356e-02
5101;1.800;2000;2050;1.49521220e-02
5102;7.800;900;950;1.49506015e-02
5103;9.800;1400;1450;1.49101372e-02
5104;4.000;4750;4800;1.48752142e-02
5105;7.100;1700;1750;1.48580849e-02
5106;5.000;2550;2600;1.48537793e-02
5107;7.800;200;250;1.48496709e-02
5108;7.200;800;850;1.48421620e-02
5109;15.900;2100;2150;1.48390399e-02
5110;1.700;2000;2050;1.47062080e-02
5111;9.400;1600;1650;1.46760353e-02
5112;8.500;2050;2100;1.46694967e-02
5113;2.900;750;800;1.46522125e-02
5114;11.400;1250;1300;1.46448055e-02
5115;3.900;1250;1300;1.46421120e-02
5116;4.500;1150;1200;1.46385873e-02
5117;13.900;2200;2250;1.46357832e-02
5118;8.000;1650;1700;1.46202990e-02
5119;12.200;2200;2250;1.46146761e-02
5120;6.200;1700;1750;1.45975683e-02
5121;10.700;1850;1900;1.45757620e-02
5122;1.700;600;650;1.45720772e-02
5123;11.900;1450;1500;1.45679435e-02
5124;1.700;100;150;1.45519710e-02
5125;8.100;1150;1200;1.45244833e-02
5126;3.600;600;650;1.45187669e-02
5127;1.000;1800;1850;1.44776906e-02
5128;4.900;1100;1150;1.44723992e-02
5129;7.600;1350;1400;1.44705114e-02
5130;5.200;1450;1500;1.44663776e-02
5131;7.000;1250;1300;1.44570568e-02
5132;7.600;1750;1800;1.43990083e-02
5133;1.700;800;850;1.43872548e-02
5134;7.900;2100;2150;1.43726246e-02
5135;1.400;1600;1650;1.43468421e-02
5136;6.200;800;850;1.43006533e-02
5137;4.700;2200;2250;1.42899031e-02
5138;15.300;2000;2050;1.42883155e-02
5139;10.600;1300;1350;1.42302704e-02
5140;13.400;1500;1550;1.42129050e-02
5141;12.400;1800;1850;1.41900636e-02
5142;7.100;1250;1300;1.41597657e-02
5143;5.700;1250;1300;1.41544756e-02
5144;15.700;1700;1750;1.41468137e-02
5145;13.800;1650;1700;1.41310395e-02
5146;12.300;2050;2100;1.41300744e-02
5147;7.700;1400;1450;1.40810466e-02
5148;9.600;1400;1450;1.40713036e-02
5149;12.000;2200;2250;1.39334415e-02
5150;7.100;2100;2150;1.39058409e-02
5151;1.200;1500;1550;1.38971973e-02
5152;5.300;1650;1700;1.38971927e-02
5153;3.700;600;650;1.38920716e-02
5154;14.900;2300;2350;1.38726469e-02
5155;5.900;600;650;1.38661969e-02
5156;4.000;3500;3550;1.38219892e-02
5157;9.700;1700;1750;1.38168544e-02
5158;3.900;2000;2050;1.37909073e-02
5159;10.900;1300;1350;1.37754468e-02
5160;5.600;2300;2350;1.37573958e-02
5161;9.200;2000;2050;1.37465758e-02
5162;10.600;1400;1450;1.37398629e-02
5163;13.000;2900;2950;1.37380512e-02
5164;6.100;600;650;1.37284709e-02
5165;1.800;1450;1500;1.37022349e-02
5166;6.200;550;600;1.36895645e-02
5167;11.100;1300;1350;1.36846227e-02
5168;5.800;900;950;1.36774649e-02
5169;15.900;1300;1350;1.36714369e-02
5170;12.000;1850;1900;1.36667597e-02
5171;9.500;1400;1450;1.36371134e-02
5172;0.700;1400;1450;1.36321964e-02
5173;3.100;150;200;1.36204005e-02
5174;9.500;1600;1650;1.36060975e-02
5175;5.500;1900;1950;1.35922601e-02
5176;1.100;1650;1700;1.35717590e-02
5177;13.400;2150;2200;1.35685359e-02
5178;13.800;2850;2900;1.35682621e-02
5179;14.000;2450;2500;1.35664080e-02
5180;11.300;1450;1500;1.35574413e-02
5181;14.100;2850;2900;1.35492706e-02
5182;5.600;1100;1150;1.35198619e-02
5183;15.400;1850;1900;1.34930276e-02
5184;12.600;2050;2100;1.34916251e-02
5185;7.900;2000;2050;1.34793267e-02
5186;1.200;1400;1450;1.34121942e-02
5187;4.400;4400;4450;1.33972292e-02
5188;3.900;2050;2100;1.33314990e-02
5189;15.900;1700;1750;1.32724161e-02
5190;4.000;3400;3450;1.32618998e-02
5191;8.300;2000;2050;1.32612052e-02
5192;4.200;1500;1550;1.32539679e-02
5193;10.800;600;650;1.32230284e-02
5194;7.000;2000;2050;1.32154801e-02
5195;6.600;2100;2150;1.31918137e-02
5196;8.100;1250;1300;1.31689382e-02
5197;1.900;2000;2050;1.31581131e-02
5198;12.800;1600;1650;1.31470612e-02
5199;3.900;1450;1500;1.30948925e-02
5200;6.000;900;950;1.30775917e-02
5201;15.000;2250;2300;1.30750546e-02
5202;7.900;2150;2200;1.30569093e-02
5203;14.000;2250;2300;1.30527238e-02
5204;15.300;1850;1900;1.30463886e-02
5205;3.900;2850;2900;1.30280373e-02
5206;8.300;1150;1200;1.30264170e-02
5207;10.200;1650;1700;1.29296149e-02
5208;9.500;1750;1800;1.29094214e-02
5209;10.500;1450;1500;1.29056411e-02
5210;12.400;2200;2250;1.29054801e-02
5211;15.000;2450;2500;1.28958584e-02
5212;3.800;500;550;1.28871131e-02
5213;13.100;1950;2000;1.28715973e-02
5214;8.400;1800;1850;1.28289960e-02
5215;1.300;0;50;1.28183767e-02
5216;5.200;2150;2200;1.28113295e-02
5217;14.100;2150;2200;1.28072538e-02
5218;7.100;1350;1400;1.28070255e-02
5219;1.000;950;1000;1.28061251e-02
5220;8.800;1900;1950;1.27969730e-02
5221;0.700;1350;1400;1.27881554e-02
5222;1.300;1400;1450;1.27852791e-02
5223;5.700;2800;2850;1.27394495e-02
5224;4.200;3800;3850;1.27327459e-02
5225;9.300;1750;1800;1.27273828e-02
5226;10.500;1350;1400;1.26783557e-02
5227;7.500;550;600;1.26416984e-02
5228;5.300;2150;2200;1.26344968e-02
5229;10.700;1400;1450;1.26323527e-02
5230;10.400;1300;1350;1.26150396e-02
5231;10.500;1400;1450;1.26058177e-02
5232;12.500;2000;2050;1.25900531e-02
5233;15.100;1500;1550;1.25601586e-02
5234;11.100;950;1000;1.25596535e-02
5235;5.200;3150;3200;1.25433964e-02
5236;13.800;2150;2200;1.24871605e-02
5237;11.900;1350;1400;1.24756325e-02
5238;7.100;450;500;1.24387529e-02
5239;4.000;4050;4100;1.24159406e-02
5240;7.800;800;850;1.23752899e-02
5241;7.400;550;600;1.23518063e-02
5242;12.500;2450;2500;1.23442816e-02
5243;13.100;2000;2050;1.23211272e-02
5244;4.500;2250;2300;1.23112480e-02
5245;9.500;2100;2150;1.23105742e-02
5246;13.100;2050;2100;1.22813827e-02
5247;11.200;1300;1350;1.22760121e-02
5248;4.500;3050;3100;1.22737554e-02
5249;4.200;1850;1900;1.22703305e-02
5250;7.300;2000;2050;1.22694467e-02
5251;7.200;1700;1750;1.22690025e-02
5252;12.300;2000;2050;1.22298807e-02
5253;0.800;1600;1650;1.21942433e-02
5254;11.100;1250;1300;1.21873837e-02
5255;9.400;1750;1800;1.21741941e-02
5256;1.800;450;500;1.21623693e-02
5257;3.200;150;200;1.21582131e-02
5258;1.600;2000;2050;1.21382876e-02
5259;5.400;2800;2850;1.21355148e-02
5260;3.000;1950;2000;1.21188025e-02
5261;7.800;1150;1200;1.21128536e-02
5262;0.700;1500;1550;1.21121795e-02
5263;13.800;1700;1750;1.21116047e-02
5264;0.600;850;900;1.20927570e-02
5265;14.100;3000;3050;1.20618494e-02
5266;6.900;1250;1300;1.20613212e-02
5267;4.100;3400;3450;1.20490455e-02
5268;8.500;2000;2050;1.20341319e-02
5269;7.900;1850;1900;1.20272283e-02
5270;5.600;2800;2850;1.19640825e-02
5271;1.700;1200;1250;1.19539837e-02
5272;5.500;2450;2500;1.18906752e-02
5273;9.400;1500;1550;1.18867449e-02
5274;0.400;1100;1150;1.18835479e-02
5275;5.100;2850;2900;1.18774619e-02
5276;15.600;1950;2000;1.18582061e-02
5277;12.900;1500;1550;1.18417154e-02
5278;3.900;1500;1550;1.18314699e-02
5279;2.900;1950;2000;1.18216935e-02
5280;7.600;1200;1250;1.18073498e-02
5281;5.300;3200;3250;1.17922988e-02
5282;0.700;1100;1150;1.17813384e-02
5283;8.600;2200;2250;1.17755655e-02
5284;5.500;1300;1350;1.17659955e-02
5285;12.900;2050;2100;1.17586484e-02
5286;8.500;2300;2350;1.17397295e-02
5287;14.800;2850;2900;1.17245036e-02
5288;3.700;1150;1200;1.17169814e-02
5289;14.000;3200;3250;1.17131205e-02
5290;3.900;2550;2600;1.16866493e-02
5291;4.000;3450;3500;1.16767340e-02
5292;5.400;950;1000;1.16566860e-02
5293;10.100;1100;1150;1.16391449e-02
5294;8.800;2050;2100;1.16078916e-02
5295;14.800;2450;2500;1.15986411e-02
5296;8.600;2050;2100;1.15958092e-02
5297;7.700;1950;2000;1.15937595e-02
5298;14.200;2400;2450;1.15749969e-02
5299;8.200;1850;1900;1.15521845e-02
5300;6.800;1600;1650;1.15467638e-02
5301;13.800;1300;1350;1.15410143e-02
5302;7.600;550;600;1.15365195e-02
5303;1.100;1400;1450;1.15074124e-02
5304;1.400;0;50;1.15021311e-02
5305;8.600;1600;1650;1.14946342e-02
5306;1.800;300;350;1.14817864e-02
5307;4.700;2050;2100;1.14644866e-02
5308;4.100;4650;4700;1.14292657e-02
5309;13.900;1700;1750;1.14238331e-02
5310;8.500;2150;2200;1.13979530e-02
5311;6.000;1250;1300;1.13947991e-02
5312;6.000;1450;1500;1.13730383e-02
5313;4.000;4700;4750;1.13635559e-02
5314;7.600;1400;1450;1.13400657e-02
5315;6.300;0;50;1.13375483e-02
5316;1.200;700;750;1.13207827e-02
5317;12.500;1800;1850;1.13076352e-02
5318;2.900;500;550;1.12879765e-02
5319;8.700;1950;2000;1.12877583e-02
5320;8.500;2250;2300;1.12304790e-02
5321;5.800;2150;2200;1.12196514e-02
5322;1.400;1400;1450;1.12195876e-02
5323;0.900;2350;2400;1.12010956e-02
5324;13.900;1300;1350;1.12001768e-02
5325;11.700;1250;1300;1.11937966e-02
5326;4.200;4450;4500;1.11745458e-02
5327;5.600;2650;2700;1.11713923e-02
5328;6.200;1450;1500;1.11564168e-02
5329;0.900;2050;2100;1.11505450e-02
5330;13.700;2150;2200;1.11334250e-02
5331;3.100;1950;2000;1.10891991e-02
5332;3.800;600;650;1.10850787e-02
5333;10.900;1350;1400;1.10702966e-02
5334;14.200;2500;2550;1.10414879e-02
5335;2.200;1150;1200;1.10307422e-02
5336;15.400;2300;2350;1.10307309e-02
5337;0.800;850;900;1.10287078e-02
5338;13.900;2850;2900;1.10269754e-02
5339;11.200;950;1000;1.09863577e-02
5340;14.200;2650;2700;1.09705383e-02
5341;6.600;1700;1750;1.09447446e-02
5342;12.200;1800;1850;1.08954556e-02
5343;0.700;1650;1700;1.08606019e-02
5344;4.300;2050;2100;1.08366548e-02
5345;9.400;1900;1950;1.08311581e-02
5346;4.600;2300;2350;1.07916889e-02
5347;12.400;2050;2100;1.07910433e-02
5348;12.000;1250;1300;1.07870427e-02
5349;9.200;2150;2200;1.07388573e-02
5350;14.300;2600;2650;1.07324787e-02
5351;4.900;1300;1350;1.07158426e-02
5352;5.700;2650;2700;1.06968606e-02
5353;4.300;2600;2650;1.06866486e-02
5354;9.200;1700;1750;1.06855492e-02
5355;14.600;2050;2100;1.06808764e-02
5356;12.100;2200;2250;1.06686066e-02
5357;13.800;1500;1550;1.06590193e-02
5358;3.300;150;200;1.06478346e-02
5359;8.700;2100;2150;1.06295743e-02
5360;15.100;2250;2300;1.06095720e-02
5361;7.700;550;600;1.05594707e-02
5362;11.300;1300;1350;1.05372204e-02
5363;1.100;2350;2400;1.05166143e-02
5364;13.700;2100;2150;1.05054239e-02
5365;5.900;1450;1500;1.04961937e-02
5366;0.300;1900;1950;1.04859175e-02
5367;15.900;1650;1700;1.04783818e-02
5368;6.200;1850;1900;1.04533676e-02
5369;15.400;2000;2050;1.04419282e-02
5370;12.900;1600;1650;1.03705834e-02
5371;10.600;1650;1700;1.03552771e-02
5372;9.800;1450;1500;1.03410891e-02
5373;13.500;2150;2200;1.03335481e-02
5374;11.100;600;650;1.03196906e-02
5375;13.500;1600;1650;1.03171428e-02
5376;6.100;1450;1500;1.03023367e-02
5377;12.600;2250;2300;1.02988544e-02
5378;7.500;1350;1400;1.02870011e-02
5379;15.800;900;950;1.02691354e-02
5380;8.400;2200;2250;1.02573614e-02
5381;1.200;1250;1300;1.02325027e-02
5382;2.000;2000;2050;1.02229379e-02
5383;9.800;1650;1700;1.02189081e-02
5384;5.000;3450;3500;1.02053342e-02
5385;3.900;2200;2250;1.01946868e-02
5386;15.700;1900;1950;1.01916207e-02
5387;6.300;1450;1500;1.01367918e-02
5388;5.500;2800;2850;1.01327098e-02
5389;6.400;1900;1950;1.01158867e-02
5390;15.700;900;950;1.01006463e-02
5391;7.100;1400;1450;1.00767469e-02
5392;2.800;1950;2000;1.00756597e-02
5393;5.800;1450;1500;1.00676771e-02
5394;4.100;3000;3050;1.00496263e-02
5395;10.200;1250;1300;1.00437311e-02
5396;5.800;2800;2850;1.00352802e-02
5397;15.100;1600;1650;1.00020234e-02
5398;1.900;450;500;9.98020432e-03
5399;15.000;1800;1850;9.95051529e-03
5400;3.900;3050;3100;9.95010843e-03
5401;6.600;0;50;9.93806350e-03
5402;10.500;1300;1350;9.90859405e-03
5403;2.000;50;100;9.90481980e-03
5404;8.900;2150;2200;9.85245110e-03
5405;5.900;900;950;9.83741509e-03
5406;13.700;2850;2900;9.83057199e-03
5407;13.500;2850;2900;9.82497766e-03
5408;4.100;2200;2250;9.79163015e-03
5409;5.100;2600;2650;9.74934620e-03
5410;10.200;1750;1800;9.71277212e-03
5411;2.200;50;100;9.69651146e-03
5412;4.400;4200;4250;9.69449068e-03
5413;3.500;750;800;9.68372949e-03
5414;10.900;1550;1600;9.68350164e-03
5415;11.600;1250;1300;9.66292761e-03
5416;12.900;1900;1950;9.65171994e-03
5417;8.600;1900;1950;9.63112068e-03
5418;4.200;2400;2450;9.62705353e-03
5419;10.700;1450;1500;9.62078362e-03
5420;0.400;1700;1750;9.61218328e-03
5421;11.400;1300;1350;9.59461592e-03
5422;13.300;2550;2600;9.56789497e-03
5423;5.700;1450;1500;9.53980447e-03
5424;8.700;2200;2250;9.53466351e-03
5425;9.600;1700;1750;9.52719420e-03
5426;14.200;2600;2650;9.51772025e-03
5427;4.200;2750;2800;9.50347062e-03
5428;9.300;2150;2200;9.49180125e-03
5429;1.800;800;850;9.49137875e-03
5430;5.300;2400;2450;9.47315712e-03
5431;13.000;4250;4300;9.46147769e-03
5432;0.900;950;1000;9.44626199e-03
5433;0.500;900;950;9.43668535e-03
5434;12.000;1650;1700;9.42659899e-03
5435;1.200;2750;2800;9.42064306e-03
5436;5.900;2150;2200;9.42059012e-03
5437;0.200;1900;1950;9.40314809e-03
5438;15.200;1500;1550;9.40304491e-03
5439;3.400;150;200;9.39810887e-03
5440;4.900;2500;2550;9.39718523e-03
5441;13.100;4250;4300;9.38928316e-03
5442;8.100;1750;1800;9.38279682e-03
5443;12.300;1950;2000;9.32592364e-03
5444;4.600;2800;2850;9.31073945e-03
5445;14.100;2900;2950;9.30657862e-03
5446;5.200;2650;2700;9.27795736e-03
5447;4.200;3250;3300;9.27128075e-03
5448;4.600;2050;2100;9.26894582e-03
5449;10.500;1650;1700;9.25946161e-03
5450;10.700;1650;1700;9.23767821e-03
5451;11.800;1450;1500;9.20813324e-03
5452;3.200;1950;2000;9.17874628e-03
5453;12.200;2150;2200;9.17184328e-03
5454;7.300;1700;1750;9.15988722e-03
5455;8.700;2150;2200;9.15187341e-03
5456;13.900;1500;1550;9.14906500e-03
5457;1.200;1650;1700;9.13278769e-03
5458;4.200;2900;2950;9.13049900e-03
5459;2.400;800;850;9.10661289e-03
5460;5.700;1100;1150;9.10160808e-03
5461;6.400;1450;1500;9.09006193e-03
5462;7.000;0;50;9.08372526e-03
5463;4.900;2200;2250;9.05654693e-03
5464;12.400;1150;1200;9.05624713e-03
5465;7.300;550;600;9.05042625e-03
5466;1.500;1400;1450;9.03974026e-03
5467;9.100;1150;1200;9.03435476e-03
5468;11.900;1100;1150;9.01463420e-03
5469;8.600;2000;2050;8.98657620e-03
5470;2.100;50;100;8.97311998e-03
5471;7.400;2000;2050;8.95316437e-03
5472;14.100;2600;2650;8.95105786e-03
5473;10.900;600;650;8.94235505e-03
5474;11.500;1250;1300;8.93720546e-03
5475;0.900;1800;1850;8.92273587e-03
5476;9.600;1600;1650;8.90954699e-03
5477;3.600;750;800;8.90779072e-03
5478;1.800;100;150;8.87449379e-03
5479;0.400;1900;1950;8.87084225e-03
5480;10.000;1250;1300;8.85240385e-03
5481;12.300;1150;1200;8.85000713e-03
5482;2.000;450;500;8.84636050e-03
5483;14.000;2950;3000;8.82670722e-03
5484;12.600;2000;2050;8.79776000e-03
5485;5.300;3600;3650;8.78515427e-03
5486;9.000;2850;2900;8.77575157e-03
5487;5.800;1100;1150;8.76591817e-03
5488;5.100;2250;2300;8.74930657e-03
5489;2.500;800;850;8.70658866e-03
5490;5.500;2350;2400;8.70635835e-03
5491;5.400;3600;3650;8.68853137e-03
5492;4.500;2050;2100;8.66643041e-03
5493;12.900;2150;2200;8.64021460e-03
5494;10.000;1700;1750;8.63287448e-03
5495;8.800;2000;2050;8.60954399e-03
5496;3.700;500;550;8.59867372e-03
5497;6.000;2150;2200;8.58671909e-03
5498;14.900;2850;2900;8.58182935e-03
5499;7.800;550;600;8.57964584e-03
5500;5.700;2350;2400;8.55815497e-03
5501;5.600;1300;1350;8.55454326e-03
5502;14.000;3050;3100;8.54730528e-03
5503;1.900;300;350;8.49519470e-03
5504;6.100;0;50;8.45940903e-03
5505;1.500;2000;2050;8.44519340e-03
5506;12.200;1950;2000;8.43346601e-03
5507;5.500;2650;2700;8.42383708e-03
5508;6.100;2350;2400;8.40406745e-03
5509;6.700;550;600;8.40182003e-03
5510;3.800;1150;1200;8.39540944e-03
5511;5.300;1300;1350;8.39246936e-03
5512;14.000;2350;2400;8.38816240e-03
5513;10.700;600;650;8.38243131e-03
5514;8.400;2150;2200;8.36125840e-03
5515;9.500;1150;1200;8.36059745e-03
5516;10.000;1500;1550;8.35368599e-03
5517;1.100;1850;1900;8.32616234e-03
5518;1.200;1850;1900;8.32199845e-03
5519;6.600;550;600;8.31874998e-03
5520;5.300;1450;1500;8.30760490e-03
5521;9.200;1150;1200;8.29536355e-03
5522;5.500;1650;1700;8.28299439e-03
5523;14.700;2050;2100;8.28104290e-03
5524;14.400;2050;2100;8.27224026e-03
5525;14.400;2250;2300;8.25907622e-03
5526;0.800;650;700;8.24757932e-03
5527;4.400;3600;3650;8.24249159e-03
5528;13.900;2100;2150;8.23457488e-03
5529;9.000;2400;2450;8.22576091e-03
5530;0.300;700;750;8.17652076e-03
5531;5.000;4350;4400;8.15923470e-03
5532;12.200;1850;1900;8.14526359e-03
5533;1.400;2000;2050;8.12265839e-03
5534;4.400;3050;3100;8.12208361e-03
5535;14.300;2350;2400;8.12127779e-03
5536;6.300;800;850;8.10165428e-03
5537;5.900;2350;2400;8.02228680e-03
5538;9.300;2200;2250;8.01390563e-03
5539;6.500;2100;2150;8.00876668e-03
5540;4.200;4400;4450;7.99066216e-03
5541;1.300;1650;1700;7.98162175e-03
5542;2.300;50;100;7.97055821e-03
5543;7.900;1600;1650;7.96840564e-03
5544;9.300;1700;1750;7.96537518e-03
5545;4.100;3200;3250;7.96429007e-03
5546;1.900;1150;1200;7.95960196e-03
5547;5.600;1500;1550;7.95139863e-03
5548;14.100;3250;3300;7.94308060e-03
5549;3.900;2400;2450;7.91115629e-03
5550;1.200;550;600;7.88593615e-03
5551;4.000;3550;3600;7.86888986e-03
5552;14.800;2300;2350;7.86318037e-03
5553;6.900;2000;2050;7.86005696e-03
5554;7.200;1250;1300;7.83638913e-03
5555;14.100;3450;3500;7.83237411e-03
5556;6.800;0;50;7.80510165e-03
5557;8.500;2200;2250;7.80388011e-03
5558;11.000;600;650;7.80366725e-03
5559;2.100;450;500;7.79788858e-03
5560;8.400;2900;2950;7.77917611e-03
5561;6.300;550;600;7.77551597e-03
5562;2.600;800;850;7.77355778e-03
5563;7.700;1750;1800;7.76017522e-03
5564;8.500;1800;1850;7.75489116e-03
5565;3.900;1900;1950;7.73770023e-03
5566;1.900;100;150;7.72509018e-03
5567;14.300;2800;2850;7.71815897e-03
5568;9.400;1700;1750;7.71659625e-03
5569;12.100;1250;1300;7.69748707e-03
5570;13.300;2800;2850;7.69596982e-03
5571;10.300;1600;1650;7.69288383e-03
5572;12.900;2000;2050;7.69279489e-03
5573;9.400;1800;1850;7.69028700e-03
5574;7.500;1400;1450;7.68895291e-03
5575;5.800;2350;2400;7.68132650e-03
5576;12.600;2300;2350;7.67289156e-03
5577;6.000;2350;2400;7.66563090e-03
5578;4.800;1500;1550;7.66476520e-03
5579;4.300;2700;2750;7.66284271e-03
5580;6.500;800;850;7.63860322e-03
5581;1.800;1200;1250;7.62501651e-03
5582;4.500;4200;4250;7.60794757e-03
5583;6.400;0;50;7.58865995e-03
5584;2.700;1950;2000;7.58758337e-03
5585;4.900;1500;1550;7.57385488e-03
5586;9.300;1150;1200;7.56765793e-03
5587;14.800;2050;2100;7.54327111e-03
5588;5.400;1450;1500;7.53252313e-03
5589;5.700;1300;1350;7.53104181e-03
5590;11.100;1100;1150;7.52236123e-03
5591;6.600;2000;2050;7.50022886e-03
5592;4.600;3050;3100;7.49340901e-03
5593;12.800;1950;2000;7.47474437e-03
5594;4.800;2050;2100;7.46576155e-03
5595;0.400;1150;1200;7.46388414e-03
5596;11.500;1300;1350;7.44230594e-03
5597;10.000;2050;2100;7.42584993e-03
5598;14.800;1800;1850;7.41686844e-03
5599;0.500;1600;1650;7.41665977e-03
5600;5.600;2450;2500;7.40312743e-03
5601;6.200;2350;2400;7.39910497e-03
5602;5.700;2300;2350;7.39602817e-03
5603;6.100;2150;2200;7.39081836e-03
5604;5.000;4500;4550;7.36556764e-03
5605;8.100;1650;1700;7.35459992e-03
5606;0.600;950;1000;7.35358605e-03
5607;6.500;1700;1750;7.32298585e-03
5608;6.900;1600;1650;7.32174919e-03
5609;2.500;1950;2000;7.31871635e-03
5610;15.800;600;650;7.31771122e-03
5611;5.400;1300;1350;7.31581681e-03
5612;5.800;2650;2700;7.31558040e-03
5613;0.700;700;750;7.30766321e-03
5614;2.300;800;850;7.30424488e-03
5615;8.600;1150;1200;7.29555233e-03
5616;8.000;1800;1850;7.29554784e-03
5617;0.400;1600;1650;7.29404781e-03
5618;13.400;1800;1850;7.29227222e-03
5619;15.500;2000;2050;7.28304523e-03
5620;14.200;2750;2800;7.27982538e-03
5621;7.900;1250;1300;7.26173960e-03
5622;10.900;1850;1900;7.23167885e-03
5623;5.600;1250;1300;7.22977989e-03
5624;1.300;1850;1900;7.22958983e-03
5625;14.700;1800;1850;7.21163090e-03
5626;0.800;1400;1450;7.21120479e-03
5627;3.600;500;550;7.20088493e-03
5628;4.300;1150;1200;7.18133104e-03
5629;11.000;1550;1600;7.16948021e-03
5630;14.000;3350;3400;7.15067134e-03
5631;11.900;1750;1800;7.14822181e-03
5632;4.100;3100;3150;7.13493482e-03
5633;10.300;1300;1350;7.10729258e-03
5634;3.900;2950;3000;7.08875304e-03
5635;5.500;3600;3650;7.08359655e-03
5636;1.300;1500;1550;7.07916918e-03
5637;2.100;2000;2050;7.06234774e-03
5638;1.400;1250;1300;7.05628967e-03
5639;11.900;950;1000;7.05603290e-03
5640;5.600;2000;2050;7.05254061e-03
5641;10.100;1700;1750;7.04790535e-03
5642;1.200;1100;1150;7.03405238e-03
5643;5.000;3250;3300;7.03206723e-03
5644;7.900;1650;1700;7.02073381e-03
5645;6.500;550;600;7.02000701e-03
5646;14.500;2650;2700;7.00546946e-03
5647;2.000;300;350;6.98523769e-03
5648;6.100;2750;2800;6.98384972e-03
5649;9.400;1150;1200;6.98004593e-03
5650;11.400;1450;1500;6.95310602e-03
5651;10.900;1400;1450;6.94827783e-03
5652;5.500;950;1000;6.94328051e-03
5653;1.900;1450;1500;6.94047626e-03
5654;9.800;1500;1550;6.93087388e-03
5655;11.400;950;1000;6.92860146e-03
5656;3.300;1950;2000;6.92498629e-03
5657;14.200;2800;2850;6.92198427e-03
5658;4.100;3350;3400;6.91480158e-03
5659;13.500;2500;2550;6.91067388e-03
5660;6.500;1450;1500;6.90458692e-03
5661;15.000;2200;2250;6.90079253e-03
5662;6.900;0;50;6.89146712e-03
5663;15.700;1950;2000;6.88274243e-03
5664;1.600;1400;1450;6.86094545e-03
5665;12.500;2200;2250;6.85676460e-03
5666;12.200;2100;2150;6.83590122e-03
5667;10.200;1600;1650;6.79274625e-03
5668;12.000;1900;1950;6.78774041e-03
5669;1.500;1250;1300;6.78573371e-03
5670;12.100;1150;1200;6.78097357e-03
5671;5.400;1650;1700;6.76494890e-03
5672;5.300;2500;2550;6.75278434e-03
5673;6.700;1450;1500;6.73443565e-03
5674;10.800;1850;1900;6.71813807e-03
5675;0.500;1800;1850;6.70856972e-03
5676;5.900;1300;1350;6.70654819e-03
5677;14.100;3200;3250;6.70184590e-03
5678;6.600;1450;1500;6.69641566e-03
5679;14.500;2750;2800;6.69587024e-03
5680;5.100;4050;4100;6.69328945e-03
5681;6.400;550;600;6.66289773e-03
5682;14.000;3300;3350;6.66240202e-03
5683;12.700;2050;2100;6.66212356e-03
5684;10.100;2050;2100;6.65724457e-03
5685;12.400;2000;2050;6.65077960e-03
5686;4.100;2550;2600;6.64306303e-03
5687;1.300;1250;1300;6.62868193e-03
5688;11.600;950;1000;6.62418195e-03
5689;4.100;4800;4850;6.62266583e-03
5690;4.300;3800;3850;6.60533305e-03
5691;5.900;1100;1150;6.59530208e-03
5692;5.600;2850;2900;6.58961392e-03
5693;15.300;1500;1550;6.58554603e-03
5694;14.100;1500;1550;6.56805357e-03
5695;5.500;1450;1500;6.56778132e-03
5696;11.800;1200;1250;6.56263317e-03
5697;1.900;800;850;6.51361074e-03
5698;1.400;1850;1900;6.50948570e-03
5699;4.900;2250;2300;6.50527781e-03
5700;6.300;1700;1750;6.48775131e-03
5701;1.100;1300;1350;6.48476161e-03
5702;7.400;0;50;6.47306196e-03
5703;5.000;3750;3800;6.46718622e-03
5704;13.000;3200;3250;6.42711824e-03
5705;11.300;950;1000;6.42217585e-03
5706;7.700;2100;2150;6.39860038e-03
5707;2.700;800;850;6.39355331e-03
5708;6.200;1500;1550;6.38753870e-03
5709;8.300;2150;2200;6.38139609e-03
5710;9.900;1500;1550;6.35242209e-03
5711;10.400;1600;1650;6.34072279e-03
5712;7.900;1800;1850;6.33225700e-03
5713;7.400;1700;1750;6.31440387e-03
5714;9.700;1600;1650;6.31232234e-03
5715;14.500;2050;2100;6.25529606e-03
5716;0.200;1500;1550;6.22313049e-03
5717;6.800;550;600;6.20527580e-03
5718;13.900;2150;2200;6.20392664e-03
5719;6.300;1500;1550;6.19671356e-03
5720;11.600;1300;1350;6.17991372e-03
5721;14.700;2850;2900;6.17878817e-03
5722;8.800;2150;2200;6.16064907e-03
5723;15.100;1800;1850;6.15444929e-03
5724;7.700;0;50;6.15410609e-03
5725;12.800;2150;2200;6.14512552e-03
5726;0.300;900;950;6.13727901e-03
5727;2.200;800;850;6.13537349e-03
5728;2.200;450;500;6.13227573e-03
5729;6.000;1300;1350;6.12881512e-03
5730;5.000;3800;3850;6.12173874e-03
5731;10.100;1500;1550;6.10970750e-03
5732;10.300;1750;1800;6.09992640e-03
5733;4.200;3850;3900;6.09489953e-03
5734;9.500;1350;1400;6.08263894e-03
5735;14.500;2500;2550;6.05860814e-03
5736;5.200;2500;2550;6.04534855e-03
5737;5.500;3200;3250;6.02141339e-03
5738;14.300;2900;2950;6.01493842e-03
5739;9.100;2850;2900;6.00991818e-03
5740;4.800;2700;2750;6.00309839e-03
5741;4.600;3800;3850;5.99831389e-03
5742;7.900;2250;2300;5.99676605e-03
5743;8.400;2050;2100;5.99051349e-03
5744;7.400;1250;1300;5.98957735e-03
5745;9.600;1150;1200;5.98577017e-03
5746;14.200;2350;2400;5.96375652e-03
5747;14.100;2350;2400;5.95927702e-03
5748;13.000;2300;2350;5.94408473e-03
5749;15.500;2300;2350;5.89793155e-03
5750;11.000;1350;1400;5.89706230e-03
5751;4.300;1500;1550;5.87942988e-03
5752;3.000;500;550;5.86999591e-03
5753;12.600;1800;1850;5.86567132e-03
5754;7.600;2100;2150;5.85680925e-03
5755;15.200;1600;1650;5.85353985e-03
5756;2.600;1950;2000;5.85158714e-03
5757;10.200;1300;1350;5.84568335e-03
5758;1.300;700;750;5.83452890e-03
5759;7.100;0;50;5.83429536e-03
5760;9.200;2200;2250;5.82377178e-03
5761;7.400;1350;1400;5.82285592e-03
5762;6.000;1100;1150;5.81235930e-03
5763;15.100;2450;2500;5.80973292e-03
5764;7.200;0;50;5.80059638e-03
5765;5.900;2800;2850;5.79797375e-03
5766;5.600;1450;1500;5.79343119e-03
5767;1.600;1250;1300;5.78429423e-03
5768;5.100;4950;5000;5.77747677e-03
5769;5.000;3400;3450;5.77728755e-03
5770;0.300;950;1000;5.75229925e-03
5771;6.000;950;1000;5.74368267e-03
5772;15.200;2250;2300;5.74334539e-03
5773;4.500;3600;3650;5.72373996e-03
5774;4.200;1800;1850;5.71398232e-03
5775;14.400;2500;2550;5.71016933e-03
5776;10.600;1100;1150;5.70161856e-03
5777;14.100;2550;2600;5.70031571e-03
5778;11.500;950;1000;5.69168214e-03
5779;8.400;2000;2050;5.68629544e-03
5780;13.500;2050;2100;5.68522911e-03
5781;14.900;1800;1850;5.67708117e-03
5782;7.500;2000;2050;5.65612619e-03
5783;0.800;1150;1200;5.64720069e-03
5784;5.100;2700;2750;5.64403070e-03
5785;2.100;300;350;5.64230357e-03
5786;1.400;1650;1700;5.61078508e-03
5787;6.100;1500;1550;5.55975431e-03
5788;13.700;1300;1350;5.55722718e-03
5789;6.200;2150;2200;5.55207278e-03
5790;5.000;3700;3750;5.52029001e-03
5791;14.500;1500;1550;5.51058289e-03
5792;15.100;2200;2250;5.47988709e-03
5793;14.400;2800;2850;5.47750549e-03
5794;14.400;1500;1550;5.43256957e-03
5795;12.800;2050;2100;5.43087490e-03
5796;4.400;2050;2100;5.42731275e-03
5797;13.400;2050;2100;5.42644478e-03
5798;9.500;1700;1750;5.42256909e-03
5799;5.100;3500;3550;5.40977635e-03
5800;9.800;1150;1200;5.40839066e-03
5801;9.900;1700;1750;5.40514448e-03
5802;15.600;1850;1900;5.39779471e-03
5803;12.400;2150;2200;5.38919311e-03
5804;4.300;4200;4250;5.38520592e-03
5805;9.400;2150;2200;5.37269104e-03
5806;15.400;2150;2200;5.35628717e-03
5807;3.500;500;550;5.34725613e-03
5808;15.400;1500;1550;5.34272144e-03
5809;4.500;4450;4500;5.33774098e-03
5810;4.100;1850;1900;5.32948645e-03
5811;4.700;2700;2750;5.32392732e-03
5812;6.900;550;600;5.30542842e-03
5813;13.500;1500;1550;5.29010193e-03
5814;13.300;1950;2000;5.28504090e-03
5815;10.000;2000;2050;5.27561788e-03
5816;10.600;600;650;5.27019047e-03
5817;7.000;1600;1650;5.24809875e-03
5818;4.100;3450;3500;5.24546515e-03
5819;5.800;1300;1350;5.24368640e-03
5820;4.300;2400;2450;5.23294081e-03
5821;3.200;800;850;5.23018216e-03
5822;3.000;800;850;5.22406670e-03
5823;1.100;1900;1950;5.21332714e-03
5824;2.000;100;150;5.20549501e-03
5825;7.200;2100;2150;5.18926548e-03
5826;3.100;800;850;5.18588947e-03
5827;2.300;450;500;5.18485599e-03
5828;9.900;2100;2150;5.18443240e-03
5829;2.800;800;850;5.18358852e-03
5830;15.300;2150;2200;5.17874965e-03
5831;0.500;2100;2150;5.17666247e-03
5832;4.300;2800;2850;5.15970005e-03
5833;4.100;2750;2800;5.14742254e-03
5834;14.200;3050;3100;5.14330962e-03
5835;14.700;2300;2350;5.13284062e-03
5836;7.200;550;600;5.13116264e-03
5837;3.900;2700;2750;5.12923310e-03
5838;13.100;2900;2950;5.11458050e-03
5839;8.400;2850;2900;5.11403931e-03
5840;13.200;1950;2000;5.11018356e-03
5841;2.700;1450;1500;5.10797206e-03
5842;11.100;1550;1600;5.10461062e-03
5843;9.000;2500;2550;5.10080086e-03
5844;3.900;2750;2800;5.09288014e-03
5845;14.600;2200;2250;5.08559864e-03
5846;9.800;1300;1350;5.05705645e-03
5847;5.900;950;1000;5.05225152e-03
5848;4.600;3150;3200;5.05068982e-03
5849;12.100;1750;1800;5.04951165e-03
5850;5.000;4400;4450;5.04397801e-03
5851;1.500;1600;1650;5.03293158e-03
5852;13.200;1150;1200;5.02715769e-03
5853;15.500;2150;2200;5.02404985e-03
5854;2.000;800;850;5.00714658e-03
5855;4.900;1150;1200;5.00568752e-03
5856;11.700;1300;1350;5.00485172e-03
5857;14.600;2500;2550;5.00163815e-03
5858;10.400;1750;1800;4.98865520e-03
5859;0.500;1700;1750;4.97398984e-03
5860;7.800;2100;2150;4.97300643e-03
5861;14.800;2200;2250;4.96601118e-03
5862;8.600;1800;1850;4.96410637e-03
5863;12.100;1650;1700;4.96200035e-03
5864;7.300;1250;1300;4.95909515e-03
5865;12.000;1800;1850;4.94828099e-03
5866;13.900;2500;2550;4.93265585e-03
5867;4.100;4000;4050;4.92911042e-03
5868;13.000;2750;2800;4.92336047e-03
5869;6.300;2350;2400;4.89795392e-03
5870;8.100;1850;1900;4.89212719e-03
5871;6.100;950;1000;4.88467376e-03
5872;8.200;1900;1950;4.87902341e-03
5873;14.500;3000;3050;4.87400121e-03
5874;2.900;800;850;4.87208598e-03
5875;2.600;1450;1500;4.87063072e-03
5876;4.900;2050;2100;4.85495486e-03
5877;10.500;1600;1650;4.85449833e-03
5878;14.900;2200;2250;4.85433169e-03
5879;8.100;2900;2950;4.84982782e-03
5880;3.600;300;350;4.84916821e-03
5881;6.500;1500;1550;4.84103481e-03
5882;14.000;2750;2800;4.82376301e-03
5883;9.300;2050;2100;4.82240053e-03
5884;13.000;2400;2450;4.82060098e-03
5885;5.100;2500;2550;4.80986491e-03
5886;3.400;1950;2000;4.80611694e-03
5887;1.500;1850;1900;4.80471601e-03
5888;2.800;1450;1500;4.79899788e-03
5889;6.100;1100;1150;4.79746336e-03
5890;2.100;100;150;4.79715313e-03
5891;11.500;1450;1500;4.79683183e-03
5892;5.600;1650;1700;4.79328259e-03
5893;9.000;2350;2400;4.78959693e-03
5894;8.500;2900;2950;4.78815202e-03
5895;14.400;1800;1850;4.78748765e-03
5896;10.100;1600;1650;4.77982991e-03
5897;0.800;1650;1700;4.77091807e-03
5898;2.100;800;850;4.76698375e-03
5899;5.200;3650;3700;4.75453293e-03
5900;11.400;1100;1150;4.75217731e-03
5901;10.800;1400;1450;4.73995222e-03
5902;3.300;800;850;4.73235358e-03
5903;3.900;3000;3050;4.72127734e-03
5904;2.200;300;350;4.70558827e-03
5905;15.800;1900;1950;4.70193676e-03
5906;9.900;2050;2100;4.70001601e-03
5907;10.100;2000;2050;4.69305151e-03
5908;6.400;1500;1550;4.68871013e-03
5909;0.200;2750;2800;4.68614175e-03
5910;6.800;1450;1500;4.68349174e-03
5911;1.100;850;900;4.67225287e-03
5912;10.200;1100;1150;4.65963359e-03
5913;4.700;3800;3850;4.64775998e-03
5914;9.600;2100;2150;4.64537235e-03
5915;14.900;2150;2200;4.64287234e-03
5916;1.700;1400;1450;4.62871423e-03
5917;13.600;1500;1550;4.62855792e-03
5918;7.200;1350;1400;4.62613373e-03
5919;4.500;3150;3200;4.62397853e-03
5920;1.700;1250;1300;4.62245711e-03
5921;14.700;2200;2250;4.62216359e-03
5922;8.800;1950;2000;4.61390843e-03
5923;0.600;1800;1850;4.61069293e-03
5924;13.600;1800;1850;4.59805773e-03
5925;6.500;2750;2800;4.59739405e-03
5926;4.400;2400;2450;4.59249513e-03
5927;13.700;1800;1850;4.58988608e-03
5928;3.900;2100;2150;4.58368915e-03
5929;14.900;2650;2700;4.57498732e-03
5930;12.000;2900;2950;4.56685525e-03
5931;8.000;2250;2300;4.55983601e-03
5932;4.700;1800;1850;4.55900712e-03
5933;14.000;2500;2550;4.55602768e-03
5934;0.500;1100;1150;4.52338025e-03
5935;11.800;1550;1600;4.51456235e-03
5936;8.900;1950;2000;4.51229802e-03
5937;13.800;1800;1850;4.50880330e-03
5938;5.200;2250;2300;4.50370544e-03
5939;14.000;3100;3150;4.49678727e-03
5940;0.600;2100;2150;4.49513577e-03
5941;1.000;2050;2100;4.48512140e-03
5942;1.000;2800;2850;4.48334717e-03
5943;11.000;1650;1700;4.47251872e-03
5944;14.200;2550;2600;4.46393186e-03
5945;5.000;3950;4000;4.46070318e-03
5946;4.900;2700;2750;4.45102435e-03
5947;9.800;1700;1750;4.44164133e-03
5948;5.600;950;1000;4.44146203e-03
5949;14.600;2750;2800;4.42274300e-03
5950;0.500;1350;1400;4.41658239e-03
5951;3.900;1950;2000;4.41641877e-03
5952;3.900;2150;2200;4.39843170e-03
5953;5.400;3200;3250;4.37627141e-03
5954;9.500;1900;1950;4.36934076e-03
5955;12.000;2850;2900;4.36931501e-03
5956;5.400;2500;2550;4.36175011e-03
5957;0.600;700;750;4.35767630e-03
5958;13.000;3900;3950;4.35611761e-03
5959;12.400;1950;2000;4.34970310e-03
5960;14.400;3000;3050;4.34789007e-03
5961;7.400;1400;1450;4.34481940e-03
5962;14.200;2950;3000;4.33821609e-03
5963;13.900;1800;1850;4.33798443e-03
5964;13.400;1950;2000;4.31461142e-03
5965;4.400;1500;1550;4.30254688e-03
5966;12.600;2450;2500;4.29523570e-03
5967;9.700;1150;1200;4.28445307e-03
5968;2.400;450;500;4.27962361e-03
5969;6.900;1850;1900;4.27910067e-03
5970;13.300;1150;1200;4.27259213e-03
5971;14.700;2500;2550;4.26454447e-03
5972;7.500;1700;1750;4.26014707e-03
5973;14.900;2050;2100;4.24369379e-03
5974;14.400;2200;2250;4.23929736e-03
5975;5.600;3200;3250;4.23864684e-03
5976;1.300;550;600;4.22948647e-03
5977;2.200;2000;2050;4.22738790e-03
5978;0.200;1750;1800;4.21723038e-03
5979;4.800;2250;2300;4.20816632e-03
5980;2.900;1450;1500;4.20507877e-03
5981;12.300;2150;2200;4.18782552e-03
5982;12.900;1150;1200;4.18753576e-03
5983;4.700;2800;2850;4.18387926e-03
5984;7.800;1750;1800;4.18021517e-03
5985;1.900;1200;1250;4.16791693e-03
5986;9.300;1350;1400;4.16451231e-03
5987;6.500;1900;1950;4.13618246e-03
5988;13.000;2650;2700;4.12546914e-03
5989;6.200;1100;1150;4.11023840e-03
5990;4.500;1800;1850;4.09716983e-03
5991;4.300;2750;2800;4.09665767e-03
5992;0.500;1900;1950;4.06958180e-03
5993;7.000;550;600;4.06807716e-03
5994;13.500;1800;1850;4.05057141e-03
5995;8.500;2850;2900;4.04573198e-03
5996;7.900;2200;2250;4.03788610e-03
5997;15.600;2000;2050;4.03715327e-03
5998;11.700;1550;1600;4.03662331e-03
5999;10.900;1650;1700;4.03452765e-03
6000;12.600;2850;2900;4.03199539e-03
6001;1.900;1300;1350;4.02562539e-03
6002;10.800;1650;1700;4.02368135e-03
6003;11.000;1400;1450;4.01697781e-03
6004;6.400;2350;2400;4.01564864e-03
6005;8.700;2750;2800;4.00906618e-03
6006;11.400;1550;1600;4.00610733e-03
6007;14.300;2400;2450;3.99694905e-03
6008;13.400;2000;2050;3.98841681e-03
6009;4.600;1800;1850;3.97760043e-03
6010;2.500;1450;1500;3.97189445e-03
6011;2.100;1150;1200;3.96061013e-03
6012;10.000;1300;1350;3.95678117e-03
6013;13.500;2000;2050;3.95647002e-03
6014;5.300;2250;2300;3.95613906e-03
6015;12.700;1800;1850;3.95292984e-03
6016;7.100;550;600;3.92986949e-03
6017;10.200;1500;1550;3.92876126e-03
6018;2.900;1200;1250;3.92535884e-03
6019;4.700;2600;2650;3.92167796e-03
6020;12.700;2000;2050;3.91886312e-03
6021;5.900;2650;2700;3.91646270e-03
6022;8.700;2900;2950;3.91179127e-03
6023;12.300;1750;1800;3.91165823e-03
6024;8.800;1150;1200;3.90841187e-03
6025;14.300;2700;2750;3.90798349e-03
6026;11.800;1300;1350;3.90514047e-03
6027;2.800;1200;1250;3.89979412e-03
6028;7.500;1250;1300;3.89854910e-03
6029;13.100;2300;2350;3.89791050e-03
6030;4.400;3650;3700;3.89655113e-03
6031;13.000;4200;4250;3.89181247e-03
6032;8.100;2850;2900;3.89080089e-03
6033;6.400;2750;2800;3.89025194e-03
6034;4.700;3050;3100;3.88943015e-03
6035;2.300;300;350;3.88388670e-03
6036;13.000;2350;2400;3.87600954e-03
6037;6.600;1500;1550;3.87516247e-03
6038;6.300;1850;1900;3.87389309e-03
6039;6.000;1500;1550;3.86175781e-03
6040;4.600;2700;2750;3.85578149e-03
6041;7.300;1350;1400;3.85522518e-03
6042;4.700;2000;2050;3.85318361e-03
6043;10.200;1700;1750;3.84460042e-03
6044;2.200;100;150;3.84363047e-03
6045;12.000;2250;2300;3.82860040e-03
6046;13.600;1600;1650;3.80983851e-03
6047;13.800;2500;2550;3.80768169e-03
6048;4.400;4250;4300;3.80764723e-03
6049;6.400;1700;1750;3.80696412e-03
6050;15.200;1800;1850;3.80253603e-03
6051;0.800;2200;2250;3.80205521e-03
6052;1.800;1300;1350;3.79717511e-03
6053;3.000;1200;1250;3.79480939e-03
6054;10.300;1100;1150;3.79042542e-03
6055;6.600;2750;2800;3.77906669e-03
6056;14.000;2800;2850;3.76795487e-03
6057;0.900;2450;2500;3.76173109e-03
6058;15.000;2850;2900;3.75539769e-03
6059;3.400;800;850;3.74291238e-03
6060;15.300;1600;1650;3.73957991e-03
6061;13.000;2250;2300;3.73644018e-03
6062;10.000;1150;1200;3.72169162e-03
6063;14.500;2250;2300;3.71579944e-03
6064;14.300;3450;3500;3.71083835e-03
6065;9.500;1800;1850;3.70554678e-03
6066;11.900;1300;1350;3.70188214e-03
6067;10.400;1700;1750;3.70179246e-03
6068;2.000;1300;1350;3.69041790e-03
6069;13.500;1950;2000;3.68726475e-03
6070;4.000;4600;4650;3.67345225e-03
6071;9.900;1150;1200;3.67134114e-03
6072;15.600;2150;2200;3.66726957e-03
6073;5.900;1650;1700;3.66710264e-03
6074;6.100;1650;1700;3.66195205e-03
6075;0.900;2150;2200;3.65502662e-03
6076;15.200;2200;2250;3.65213323e-03
6077;10.200;2050;2100;3.65031419e-03
6078;11.300;1100;1150;3.63140022e-03
6079;2.700;1200;1250;3.62175782e-03
6080;14.300;3150;3200;3.61804712e-03
6081;14.100;2650;2700;3.61748651e-03
6082;1.800;1250;1300;3.60170958e-03
6083;6.700;1850;1900;3.60009847e-03
6084;0.900;2400;2450;3.59861177e-03
6085;1.300;2750;2800;3.59208360e-03
6086;0.700;1700;1750;3.58703081e-03
6087;14.800;2650;2700;3.57767423e-03
6088;7.100;1900;1950;3.57697539e-03
6089;13.400;2550;2600;3.57460561e-03
6090;4.500;1500;1550;3.57093854e-03
6091;5.700;950;1000;3.57068064e-03
6092;7.500;2100;2150;3.56290031e-03
6093;15.000;2650;2700;3.56069245e-03
6094;5.000;4050;4100;3.55359590e-03
6095;4.400;2600;2650;3.55016466e-03
6096;11.300;1350;1400;3.54458118e-03
6097;11.500;1100;1150;3.54244227e-03
6098;7.300;0;50;3.53707768e-03
6099;3.900;3150;3200;3.53343395e-03
6100;7.100;1600;1650;3.53266993e-03
6101;4.500;3800;3850;3.53082874e-03
6102;4.100;2950;3000;3.51840647e-03
6103;5.800;950;1000;3.51688948e-03
6104;4.800;1800;1850;3.51496491e-03
6105;0.200;1550;1600;3.51427254e-03
6106;7.000;1850;1900;3.50563872e-03
6107;4.700;3150;3200;3.49108895e-03
6108;11.500;1350;1400;3.49059380e-03
6109;1.000;2150;2200;3.48856822e-03
6110;2.100;1300;1350;3.48758622e-03
6111;9.900;2000;2050;3.47612546e-03
6112;0.400;1800;1850;3.47050705e-03
6113;2.500;450;500;3.46493915e-03
6114;9.900;1900;1950;3.45994827e-03
6115;12.400;1850;1900;3.45763043e-03
6116;8.700;1800;1850;3.45760002e-03
6117;4.200;3400;3450;3.44970011e-03
6118;11.500;1550;1600;3.44720535e-03
6119;3.100;1200;1250;3.44195464e-03
6120;0.500;1150;1200;3.44039231e-03
6121;2.400;50;100;3.43887158e-03
6122;14.000;4050;4100;3.43300892e-03
6123;14.300;3050;3100;3.42817186e-03
6124;4.200;2000;2050;3.42707236e-03
6125;3.600;450;500;3.42199733e-03
6126;4.300;1800;1850;3.41064053e-03
6127;5.200;2850;2900;3.40752135e-03
6128;12.700;2250;2300;3.40650717e-03
6129;7.900;1950;2000;3.40488746e-03
6130;14.200;3000;3050;3.40113668e-03
6131;1.700;1300;1350;3.39966012e-03
6132;7.100;1850;1900;3.39826685e-03
6133;6.900;1450;1500;3.39128209e-03
6134;5.000;4000;4050;3.38784546e-03
6135;7.500;0;50;3.38669975e-03
6136;8.400;1900;1950;3.38193540e-03
6137;2.400;300;350;3.37722144e-03
6138;14.900;2500;2550;3.37620626e-03
6139;2.200;1300;1350;3.36790164e-03
6140;11.900;1150;1200;3.36464338e-03
6141;9.500;1500;1550;3.36267480e-03
6142;11.800;950;1000;3.36050553e-03
6143;15.900;1850;1900;3.35527444e-03
6144;11.900;1400;1450;3.34423120e-03
6145;1.500;1650;1700;3.34142979e-03
6146;0.900;2500;2550;3.33687011e-03
6147;1.300;1100;1150;3.33626590e-03
6148;5.400;2650;2700;3.33256459e-03
6149;4.800;2800;2850;3.32934252e-03
6150;14.500;2200;2250;3.32800017e-03
6151;15.200;2150;2200;3.32744326e-03
6152;7.900;2900;2950;3.32410733e-03
6153;5.000;4100;4150;3.32354038e-03
6154;6.000;1650;1700;3.32311494e-03
6155;5.400;2400;2450;3.32308883e-03
6156;13.000;3000;3050;3.31333123e-03
6157;7.200;1900;1950;3.31019136e-03
6158;5.000;4950;5000;3.30640433e-03
6159;10.300;1700;1750;3.30369303e-03
6160;3.000;1450;1500;3.30260882e-03
6161;11.800;1100;1150;3.29677378e-03
6162;8.100;1900;1950;3.29668780e-03
6163;12.200;1900;1950;3.29312322e-03
6164;15.800;1950;2000;3.28427215e-03
6165;2.800;50;100;3.28172403e-03
6166;11.600;1550;1600;3.27936021e-03
6167;1.000;2400;2450;3.27851877e-03
6168;14.800;2500;2550;3.27354409e-03
6169;11.900;1550;1600;3.27206169e-03
6170;13.600;2050;2100;3.26271690e-03
6171;10.300;1150;1200;3.24332302e-03
6172;5.200;1800;1850;3.24239147e-03
6173;4.200;3050;3100;3.24234092e-03
6174;10.100;1150;1200;3.23950347e-03
6175;4.500;2600;2650;3.23512751e-03
6176;7.200;1400;1450;3.23282620e-03
6177;11.700;950;1000;3.23199075e-03
6178;1.700;0;50;3.23102880e-03
6179;3.500;1950;2000;3.22274177e-03
6180;11.800;1350;1400;3.22171344e-03
6181;5.700;2450;2500;3.21599594e-03
6182;14.600;1800;1850;3.21032119e-03
6183;1.800;0;50;3.20725110e-03
6184;9.300;2000;2050;3.20171355e-03
6185;6.300;2150;2200;3.20109597e-03
6186;1.600;1300;1350;3.19828258e-03
6187;15.500;1500;1550;3.19222319e-03
6188;6.700;1500;1550;3.19000054e-03
6189;4.600;3850;3900;3.18348966e-03
6190;4.300;3850;3900;3.17034012e-03
6191;0.900;2750;2800;3.16851846e-03
6192;4.900;2800;2850;3.16734012e-03
6193;0.300;1100;1150;3.16730007e-03
6194;4.500;4250;4300;3.16372498e-03
6195;2.200;1600;1650;3.15952834e-03
6196;14.600;2850;2900;3.15624706e-03
6197;1.600;1850;1900;3.15321958e-03
6198;11.600;1350;1400;3.15075548e-03
6199;9.000;1950;2000;3.14302008e-03
6200;10.000;1800;1850;3.14085896e-03
6201;6.400;1850;1900;3.13775948e-03
6202;9.900;1800;1850;3.13605563e-03
6203;6.300;1100;1150;3.13505574e-03
6204;13.200;2900;2950;3.13204273e-03
6205;4.300;3600;3650;3.12740205e-03
6206;2.600;1200;1250;3.12573706e-03
6207;7.000;1900;1950;3.11966473e-03
6208;9.900;1300;1350;3.11950926e-03
6209;14.400;2900;2950;3.11914552e-03
6210;2.300;100;150;3.11788630e-03
6211;12.700;2450;2500;3.11409800e-03
6212;4.000;4900;4950;3.10433567e-03
6213;6.200;950;1000;3.09183765e-03
6214;9.800;1600;1650;3.08640127e-03
6215;9.600;1900;1950;3.08577179e-03
6216;5.900;1500;1550;3.06815465e-03
6217;10.100;1800;1850;3.06500542e-03
6218;6.100;1300;1350;3.06262124e-03
6219;14.300;2550;2600;3.06151375e-03
6220;12.500;2500;2550;3.06031001e-03
6221;1.200;1900;1950;3.04678072e-03
6222;14.100;2950;3000;3.04208884e-03
6223;0.700;1750;1800;3.03626931e-03
6224;2.300;1300;1350;3.03145813e-03
6225;10.300;1500;1550;3.01461159e-03
6226;5.700;1650;1700;3.01151804e-03
6227;3.200;1200;1250;3.01136658e-03
6228;6.200;1650;1700;3.00996161e-03
6229;4.600;1150;1200;2.99800532e-03
6230;6.400;800;850;2.99703431e-03
6231;13.000;4100;4150;2.99557589e-03
6232;2.000;1450;1500;2.99368471e-03
6233;12.800;2000;2050;2.99165026e-03
6234;6.800;2000;2050;2.98812595e-03
6235;11.900;1700;1750;2.98694865e-03
6236;11.900;1500;1550;2.97031401e-03
6237;11.300;1550;1600;2.96206561e-03
6238;11.200;1350;1400;2.95614338e-03
6239;12.600;1300;1350;2.95379220e-03
6240;2.100;1600;1650;2.94661058e-03
6241;11.000;1850;1900;2.94588161e-03
6242;4.200;3300;3350;2.94347369e-03
6243;1.400;1500;1550;2.94073127e-03
6244;12.700;2750;2800;2.93699749e-03
6245;14.000;3550;3600;2.93277086e-03
6246;8.800;2200;2250;2.93115645e-03
6247;4.500;3650;3700;2.92702516e-03
6248;1.000;2100;2150;2.92441211e-03
6249;3.500;800;850;2.91476461e-03
6250;15.000;2500;2550;2.91073727e-03
6251;10.100;1900;1950;2.90962135e-03
6252;3.900;3100;3150;2.90689706e-03
6253;14.200;2700;2750;2.90622502e-03
6254;14.000;2650;2700;2.90404319e-03
6255;14.000;3150;3200;2.89492441e-03
6256;11.100;1850;1900;2.89344693e-03
6257;4.100;3950;4000;2.87419385e-03
6258;9.200;2850;2900;2.85608306e-03
6259;1.200;2350;2400;2.85464994e-03
6260;12.600;2200;2250;2.85289022e-03
6261;2.300;1600;1650;2.85215513e-03
6262;3.900;2350;2400;2.84279398e-03
6263;3.100;500;550;2.82771180e-03
6264;4.600;1500;1550;2.82435744e-03
6265;5.500;2500;2550;2.82331578e-03
6266;12.800;2200;2250;2.81998368e-03
6267;2.400;1600;1650;2.81851231e-03
6268;14.100;2500;2550;2.81532290e-03
6269;15.600;2300;2350;2.81186264e-03
6270;2.400;1450;1500;2.81162268e-03
6271;9.400;1950;2000;2.80910332e-03
6272;14.300;3600;3650;2.80791097e-03
6273;4.800;3600;3650;2.80305985e-03
6274;10.500;1750;1800;2.79983674e-03
6275;2.500;300;350;2.79488856e-03
6276;1.500;1300;1350;2.79179563e-03
6277;1.800;1400;1450;2.78749512e-03
6278;11.600;1450;1500;2.78736745e-03
6279;0.300;1600;1650;2.78531735e-03
6280;4.100;3900;3950;2.76918384e-03
6281;10.600;1600;1650;2.76490260e-03
6282;15.200;2450;2500;2.76346627e-03
6283;7.300;1900;1950;2.76144932e-03
6284;3.400;500;550;2.75689458e-03
6285;7.300;1400;1450;2.75599345e-03
6286;10.800;1350;1400;2.75490598e-03
6287;6.000;2800;2850;2.74944114e-03
6288;9.800;1800;1850;2.74848328e-03
6289;4.600;2600;2650;2.74815105e-03
6290;0.700;1800;1850;2.74748411e-03
6291;9.700;2100;2150;2.74226319e-03
6292;13.000;3050;3100;2.73221052e-03
6293;3.500;450;500;2.71884458e-03
6294;13.400;1150;1200;2.70943864e-03
6295;1.400;700;750;2.70854092e-03
6296;11.900;1250;1300;2.70727870e-03
6297;6.300;950;1000;2.69721313e-03
6298;12.500;1850;1900;2.69556833e-03
6299;6.000;2850;2900;2.69080552e-03
6300;7.600;2000;2050;2.68602625e-03
6301;13.400;2800;2850;2.67758693e-03
6302;12.500;2850;2900;2.67649424e-03
6303;5.400;2250;2300;2.67531525e-03
6304;6.800;1850;1900;2.67106954e-03
6305;13.700;1500;1550;2.66976850e-03
6306;14.500;1800;1850;2.66536857e-03
6307;4.500;4850;4900;2.65964501e-03
6308;15.300;2250;2300;2.65292018e-03
6309;7.000;1450;1500;2.64233495e-03
6310;0.600;1100;1150;2.63599665e-03
6311;8.400;2300;2350;2.63581367e-03
6312;8.300;1850;1900;2.63503245e-03
6313;9.100;2500;2550;2.63140300e-03
6314;4.200;2200;2250;2.62543672e-03
6315;3.900;4850;4900;2.62166630e-03
6316;4.500;2900;2950;2.61939182e-03
6317;2.600;450;500;2.61448827e-03
6318;5.000;4650;4700;2.61156499e-03
6319;3.800;450;500;2.60728946e-03
6320;1.500;0;50;2.60509202e-03
6321;4.100;4050;4100;2.60313478e-03
6322;14.300;2750;2800;2.59352067e-03
6323;2.700;50;100;2.59224836e-03
6324;0.800;1100;1150;2.58865640e-03
6325;13.000;3150;3200;2.57749887e-03
6326;9.600;1800;1850;2.57612485e-03
6327;15.700;2150;2200;2.57583416e-03
6328;7.200;1850;1900;2.57578335e-03
6329;6.700;950;1000;2.57307546e-03
6330;6.400;1100;1150;2.56677926e-03
6331;7.600;0;50;2.56210209e-03
6332;15.300;1800;1850;2.55772358e-03
6333;13.600;2850;2900;2.55564936e-03
6334;5.000;4700;4750;2.55506479e-03
6335;14.200;3200;3250;2.55162829e-03
6336;10.100;1300;1350;2.55094311e-03
6337;3.300;1200;1250;2.54810083e-03
6338;2.400;100;150;2.54461152e-03
6339;11.200;1550;1600;2.54078721e-03
6340;14.400;3450;3500;2.53697624e-03
6341;12.900;1950;2000;2.53413396e-03
6342;10.200;2000;2050;2.53111091e-03
6343;9.200;1950;2000;2.53003083e-03
6344;10.200;1150;1200;2.52628036e-03
6345;14.200;3250;3300;2.52231691e-03
6346;6.600;950;1000;2.51661951e-03
6347;6.800;950;1000;2.51304339e-03
6348;11.200;1400;1450;2.50859392e-03
6349;13.200;2300;2350;2.50290621e-03
6350;2.400;1300;1350;2.50184622e-03
6351;5.100;3100;3150;2.49314651e-03
6352;5.600;2350;2400;2.49255789e-03
6353;2.500;1200;1250;2.48890524e-03
6354;14.500;2900;2950;2.47850915e-03
6355;5.800;2300;2350;2.47653559e-03
6356;14.700;2750;2800;2.47564459e-03
6357;8.100;1800;1850;2.47549899e-03
6358;10.200;1800;1850;2.47396435e-03
6359;0.300;1350;1400;2.46856138e-03
6360;9.700;1800;1850;2.46524972e-03
6361;13.300;2050;2100;2.46506218e-03
6362;4.700;3850;3900;2.46504245e-03
6363;14.000;2550;2600;2.46466983e-03
6364;7.900;1900;1950;2.46254678e-03
6365;9.700;1900;1950;2.46249028e-03
6366;2.500;1600;1650;2.46037652e-03
6367;1.900;1250;1300;2.45356263e-03
6368;1.400;550;600;2.44335941e-03
6369;5.100;3000;3050;2.41911074e-03
6370;11.100;1650;1700;2.41677948e-03
6371;9.400;2200;2250;2.40973717e-03
6372;13.100;2250;2300;2.40186007e-03
6373;15.300;2200;2250;2.39778705e-03
6374;9.300;1950;2000;2.39466655e-03
6375;12.400;1900;1950;2.39139540e-03
6376;13.000;2450;2500;2.38903131e-03
6377;8.000;2700;2750;2.38803697e-03
6378;4.500;4400;4450;2.37989021e-03
6379;4.500;2400;2450;2.37374536e-03
6380;7.600;1700;1750;2.37146069e-03
6381;13.600;1950;2000;2.37083684e-03
6382;11.100;1400;1450;2.36763035e-03
6383;8.600;2250;2300;2.36537465e-03
6384;6.800;1500;1550;2.36179187e-03
6385;6.400;950;1000;2.36145311e-03
6386;3.900;4800;4850;2.35717108e-03
6387;6.700;2750;2800;2.35205816e-03
6388;6.900;1900;1950;2.35108927e-03
6389;3.100;1450;1500;2.35092706e-03
6390;3.700;450;500;2.34857629e-03
6391;14.600;3000;3050;2.34644771e-03
6392;5.200;1300;1350;2.34634914e-03
6393;13.000;3850;3900;2.34516418e-03
6394;8.700;2000;2050;2.32944831e-03
6395;2.000;1200;1250;2.32843349e-03
6396;2.600;50;100;2.32458595e-03
6397;3.600;800;850;2.32293590e-03
6398;8.600;2300;2350;2.31054316e-03
6399;0.800;700;750;2.30267347e-03
6400;12.800;1800;1850;2.29991137e-03
6401;1.600;0;50;2.29850545e-03
6402;4.200;2350;2400;2.29285565e-03
6403;6.200;1300;1350;2.29163387e-03
6404;9.700;2200;2250;2.29006184e-03
6405;0.700;2100;2150;2.28924840e-03
6406;2.700;450;500;2.28814312e-03
6407;6.500;1100;1150;2.28802103e-03
6408;4.300;3050;3100;2.27558993e-03
6409;1.000;2450;2500;2.27365515e-03
6410;7.100;1450;1500;2.27288056e-03
6411;5.900;2850;2900;2.26793687e-03
6412;5.300;3150;3200;2.26085111e-03
6413;12.900;2200;2250;2.25767411e-03
6414;1.000;2200;2250;2.25435576e-03
6415;1.000;2300;2350;2.24296647e-03
6416;14.400;2600;2650;2.24026409e-03
6417;10.000;1600;1650;2.23925031e-03
6418;10.900;2100;2150;2.23876975e-03
6419;13.500;1150;1200;2.23752538e-03
6420;4.100;3500;3550;2.23646731e-03
6421;6.500;1850;1900;2.23508397e-03
6422;12.100;1850;1900;2.23329225e-03
6423;8.700;2850;2900;2.22744313e-03
6424;4.100;3700;3750;2.22560065e-03
6425;9.500;1950;2000;2.22399109e-03
6426;2.600;300;350;2.22123275e-03
6427;2.300;2000;2050;2.22119138e-03
6428;10.600;2100;2150;2.21822480e-03
6429;6.900;2150;2200;2.21770280e-03
6430;6.800;2150;2200;2.21378114e-03
6431;8.800;2750;2800;2.20981747e-03
6432;9.600;1950;2000;2.20288375e-03
6433;15.600;1500;1550;2.19704721e-03
6434;8.900;2400;2450;2.19540005e-03
6435;13.200;2050;2100;2.19325759e-03
6436;5.100;4350;4400;2.19178185e-03
6437;15.900;1900;1950;2.18387262e-03
6438;13.100;2750;2800;2.16946924e-03
6439;0.800;1500;1550;2.16525259e-03
6440;2.500;1300;1350;2.16408826e-03
6441;14.700;1500;1550;2.16335403e-03
6442;6.500;950;1000;2.15945959e-03
6443;4.700;4450;4500;2.15665068e-03
6444;3.700;800;850;2.15491148e-03
6445;1.000;3200;3250;2.15389462e-03
6446;8.900;2850;2900;2.15114280e-03
6447;11.600;1100;1150;2.14975181e-03
6448;10.300;1900;1950;2.14381838e-03
6449;4.700;3600;3650;2.13717239e-03
6450;4.000;4350;4400;2.13595769e-03
6451;3.600;1950;2000;2.12257418e-03
6452;14.300;3000;3050;2.10402071e-03
6453;5.700;1500;1550;2.10381007e-03
6454;13.200;2000;2050;2.10366903e-03
6455;14.200;3150;3200;2.10151821e-03
6456;12.700;2200;2250;2.09001175e-03
6457;13.100;2600;2650;2.08737746e-03
6458;4.200;4650;4700;2.08580852e-03
6459;4.700;2250;2300;2.08575746e-03
6460;13.700;2500;2550;2.08565269e-03
6461;11.800;1400;1450;2.07816940e-03
6462;12.500;2650;2700;2.07484312e-03
6463;14.000;3400;3450;2.07096318e-03
6464;5.200;3550;3600;2.07079001e-03
6465;10.500;1700;1750;2.07050499e-03
6466;13.100;4200;4250;2.05929397e-03
6467;0.900;2200;2250;2.05444176e-03
6468;14.500;2800;2850;2.04594523e-03
6469;3.400;1200;1250;2.04094727e-03
6470;0.200;1950;2000;2.04033731e-03
6471;8.600;2850;2900;2.03659459e-03
6472;14.300;3250;3300;2.03205334e-03
6473;12.800;2750;2800;2.02795298e-03
6474;12.900;1800;1850;2.02549561e-03
6475;4.200;3100;3150;2.02403748e-03
6476;14.100;2400;2450;2.02344918e-03
6477;2.000;1600;1650;2.02112794e-03
6478;10.200;1900;1950;2.01621031e-03
6479;10.400;1150;1200;2.00715760e-03
6480;8.700;2050;2100;2.00315606e-03
6481;15.700;1850;1900;2.00303144e-03
6482;10.300;2100;2150;2.00245310e-03
6483;15.700;2000;2050;2.00242575e-03
6484;3.800;800;850;2.00152591e-03
6485;14.700;2650;2700;1.99712933e-03
6486;5.100;4500;4550;1.99020420e-03
6487;5.600;3600;3650;1.98691933e-03
6488;4.400;3150;3200;1.98244402e-03
6489;8.600;2900;2950;1.98210899e-03
6490;14.700;2900;2950;1.97974778e-03
6491;11.000;2100;2150;1.97877639e-03
6492;15.100;2650;2700;1.97800937e-03
6493;1.400;1300;1350;1.97762576e-03
6494;9.500;2050;2100;1.97417025e-03
6495;13.600;2000;2050;1.97400378e-03
6496;0.900;2600;2650;1.97394860e-03
6497;3.900;3200;3250;1.95987230e-03
6498;10.400;1500;1550;1.95614382e-03
6499;15.400;1600;1650;1.95455112e-03
6500;1.100;2800;2850;1.94731529e-03
6501;4.300;2900;2950;1.93911500e-03
6502;6.300;2750;2800;1.93352503e-03
6503;10.500;1500;1550;1.92983836e-03
6504;6.600;1850;1900;1.92897766e-03
6505;0.800;2150;2200;1.92753470e-03
6506;8.900;2500;2550;1.92423218e-03
6507;4.000;4300;4350;1.92354936e-03
6508;1.100;950;1000;1.90642675e-03
6509;2.500;50;100;1.89378065e-03
6510;9.700;1950;2000;1.89248992e-03
6511;10.700;1500;1550;1.88902265e-03
6512;1.100;1350;1400;1.88879131e-03
6513;11.200;1850;1900;1.88359342e-03
6514;2.700;300;350;1.88219470e-03
6515;10.500;1100;1150;1.88081360e-03
6516;10.500;1150;1200;1.87825667e-03
6517;4.800;3800;3850;1.87578604e-03
6518;13.300;2000;2050;1.86909294e-03
6519;11.300;1400;1450;1.86688202e-03
6520;0.600;1700;1750;1.86595222e-03
6521;7.300;1850;1900;1.86251950e-03
6522;2.600;1300;1350;1.85337867e-03
6523;12.300;1850;1900;1.84855981e-03
6524;2.400;1200;1250;1.84604889e-03
6525;5.100;3300;3350;1.84493264e-03
6526;4.200;3200;3250;1.84423415e-03
6527;5.900;3600;3650;1.84317276e-03
6528;10.300;1800;1850;1.84159514e-03
6529;8.900;2450;2500;1.83584153e-03
6530;13.200;2250;2300;1.83485455e-03
6531;10.700;2100;2150;1.82770795e-03
6532;0.600;1900;1950;1.82633983e-03
6533;13.900;1600;1650;1.82595882e-03
6534;4.600;2900;2950;1.82442024e-03
6535;12.800;1150;1200;1.81881117e-03
6536;15.000;2150;2200;1.81707177e-03
6537;7.800;1250;1300;1.81565822e-03
6538;5.100;4000;4050;1.80851652e-03
6539;11.700;1450;1500;1.80791791e-03
6540;0.700;2200;2250;1.80234105e-03
6541;14.000;2700;2750;1.80191824e-03
6542;1.000;2600;2650;1.80171925e-03
6543;10.400;1900;1950;1.80133800e-03
6544;9.500;2150;2200;1.80081718e-03
6545;6.700;2150;2200;1.79611290e-03
6546;2.600;1600;1650;1.78950687e-03
6547;2.800;450;500;1.78518355e-03
6548;12.300;1900;1950;1.78366084e-03
6549;6.700;2000;2050;1.78351380e-03
6550;10.600;1150;1200;1.78264786e-03
6551;9.700;1500;1550;1.78111472e-03
6552;12.600;2900;2950;1.77674837e-03
6553;13.300;2900;2950;1.76959012e-03
6554;9.800;2100;2150;1.76560110e-03
6555;5.200;2200;2250;1.76240443e-03
6556;7.400;1900;1950;1.75987664e-03
6557;4.200;3450;3500;1.75613244e-03
6558;3.900;4100;4150;1.75263901e-03
6559;11.700;1100;1150;1.75164826e-03
6560;1.100;1700;1750;1.74815833e-03
6561;4.300;3150;3200;1.74634559e-03
6562;5.600;2500;2550;1.74305662e-03
6563;10.000;1900;1950;1.73589037e-03
6564;2.000;1150;1200;1.73311263e-03
6565;4.400;3800;3850;1.73000357e-03
6566;4.400;2900;2950;1.72898480e-03
6567;1.500;550;600;1.72814774e-03
6568;14.100;2800;2850;1.72611983e-03
6569;4.500;3850;3900;1.72555516e-03
6570;12.000;1950;2000;1.72070091e-03
6571;14.600;1500;1550;1.71635370e-03
6572;8.400;1850;1900;1.71251962e-03
6573;7.200;1600;1650;1.70489343e-03
6574;4.300;2000;2050;1.70435439e-03
6575;7.800;0;50;1.70325711e-03
6576;14.800;2900;2950;1.70133653e-03
6577;1.700;1850;1900;1.70072051e-03
6578;1.200;1300;1350;1.69205064e-03
6579;1.200;850;900;1.68931935e-03
6580;8.900;2250;2300;1.68755436e-03
6581;14.400;2750;2800;1.68550388e-03
6582;8.200;2900;2950;1.68019791e-03
6583;15.300;2450;2500;1.67656322e-03
6584;1.900;0;50;1.67553501e-03
6585;10.500;1900;1950;1.67032094e-03
6586;2.300;1450;1500;1.66748607e-03
6587;1.400;1100;1150;1.66021798e-03
6588;0.300;1150;1200;1.65675147e-03
6589;1.600;1650;1700;1.65625203e-03
6590;2.000;1250;1300;1.65517475e-03
6591;13.100;3200;3250;1.65085364e-03
6592;15.800;2150;2200;1.65065972e-03
6593;10.600;1700;1750;1.65058543e-03
6594;7.000;2150;2200;1.64348655e-03
6595;4.200;4850;4900;1.64040118e-03
6596;14.100;2750;2800;1.63968712e-03
6597;9.900;1600;1650;1.63909036e-03
6598;6.900;1500;1550;1.63526386e-03
6599;0.600;1600;1650;1.63340519e-03
6600;6.500;2350;2400;1.63240840e-03
6601;3.300;500;550;1.63064478e-03
6602;12.400;2300;2350;1.62962936e-03
6603;5.500;2250;2300;1.62817164e-03
6604;1.300;1300;1350;1.62736354e-03
6605;9.700;2150;2200;1.62665776e-03
6606;13.100;2650;2700;1.62334256e-03
6607;4.100;3550;3600;1.62026319e-03
6608;4.900;3600;3650;1.62022168e-03
6609;12.200;2900;2950;1.61951426e-03
6610;0.800;2500;2550;1.61803787e-03
6611;12.700;2900;2950;1.61557620e-03
6612;10.000;2100;2150;1.61195690e-03
6613;13.000;2700;2750;1.61039637e-03
6614;4.300;4250;4300;1.60832552e-03
6615;11.600;1400;1450;1.60828596e-03
6616;7.300;950;1000;1.60647775e-03
6617;12.600;1150;1200;1.60474663e-03
6618;8.900;2200;2250;1.60372934e-03
6619;4.800;3150;3200;1.60330556e-03
6620;3.500;300;350;1.60178186e-03
6621;2.500;100;150;1.60038492e-03
6622;15.100;2150;2200;1.59666461e-03
6623;14.600;2550;2600;1.59018252e-03
6624;9.000;2250;2300;1.58766351e-03
6625;6.000;3200;3250;1.58243620e-03
6626;1.300;1900;1950;1.57785412e-03
6627;3.400;450;500;1.57615096e-03
6628;13.000;3450;3500;1.57516943e-03
6629;3.500;1200;1250;1.56860559e-03
6630;5.000;3850;3900;1.56548921e-03
6631;9.100;2900;2950;1.56526440e-03
6632;7.800;1950;2000;1.56445556e-03
6633;8.300;2900;2950;1.56097363e-03
6634;14.200;4200;4250;1.55793677e-03
6635;7.200;1450;1500;1.55428979e-03
6636;14.500;2550;2600;1.55111180e-03
6637;0.200;2900;2950;1.54986001e-03
6638;7.100;950;1000;1.54469829e-03
6639;14.300;3650;3700;1.54359305e-03
6640;3.900;3750;3800;1.54154875e-03
6641;6.900;950;1000;1.53859929e-03
6642;6.300;1300;1350;1.53767424e-03
6643;15.100;2500;2550;1.53654926e-03
6644;5.000;4900;4950;1.53278123e-03
6645;5.000;3900;3950;1.52873747e-03
6646;10.600;1500;1550;1.52872767e-03
6647;4.400;1800;1850;1.52347419e-03
6648;4.300;3650;3700;1.52330131e-03
6649;2.600;100;150;1.52317749e-03
6650;0.400;1750;1800;1.52085357e-03
6651;4.900;2600;2650;1.51622344e-03
6652;4.300;3400;3450;1.51425319e-03
6653;7.000;950;1000;1.51224199e-03
6654;14.000;3500;3550;1.51176019e-03
6655;6.100;3200;3250;1.50941687e-03
6656;3.200;1450;1500;1.50329202e-03
6657;15.300;2850;2900;1.50319020e-03
6658;3.900;3700;3750;1.50104932e-03
6659;15.900;1950;2000;1.49815913e-03
6660;9.800;2050;2100;1.49785794e-03
6661;10.700;1150;1200;1.49694671e-03
6662;2.800;300;350;1.49561032e-03
6663;5.800;3600;3650;1.48896063e-03
6664;8.300;1900;1950;1.48765240e-03
6665;3.200;500;550;1.48424988e-03
6666;6.400;2150;2200;1.48373073e-03
6667;6.100;2450;2500;1.48280294e-03
6668;0.300;2750;2800;1.48107170e-03
6669;1.600;1600;1650;1.47906470e-03
6670;15.800;1850;1900;1.47838075e-03
6671;11.400;1650;1700;1.47650903e-03
6672;6.600;1100;1150;1.46291286e-03
6673;1.900;1400;1450;1.46098347e-03
6674;15.400;2200;2250;1.46012126e-03
6675;3.700;1950;2000;1.45560479e-03
6676;2.700;1300;1350;1.44813757e-03
6677;2.900;50;100;1.44789002e-03
6678;9.000;2650;2700;1.44782279e-03
6679;11.600;1500;1550;1.44251629e-03
6680;15.400;1800;1850;1.44125311e-03
6681;11.400;1850;1900;1.44005316e-03
6682;4.600;2400;2450;1.43812393e-03
6683;6.100;2850;2900;1.43451864e-03
6684;10.700;1700;1750;1.42756124e-03
6685;1.900;1600;1650;1.42379869e-03
6686;4.900;1800;1850;1.41709952e-03
6687;15.800;2000;2050;1.41430242e-03
6688;13.700;1600;1650;1.41408410e-03
6689;3.300;450;500;1.40608957e-03
6690;11.800;1500;1550;1.40434483e-03
6691;12.900;2300;2350;1.40227217e-03
6692;5.200;4050;4100;1.40141160e-03
6693;3.000;450;500;1.39917683e-03
6694;5.100;3400;3450;1.39726814e-03
6695;10.800;2100;2150;1.39271272e-03
6696;4.700;4200;4250;1.39239783e-03
6697;9.500;2000;2050;1.38840797e-03
6698;12.600;2650;2700;1.38624266e-03
6699;10.500;2100;2150;1.38516956e-03
6700;12.700;2300;2350;1.38487751e-03
6701;9.400;2050;2100;1.38340240e-03
6702;11.300;1850;1900;1.37932718e-03
6703;1.500;700;750;1.37198525e-03
6704;2.900;450;500;1.37090995e-03
6705;11.500;1400;1450;1.37023084e-03
6706;5.700;3200;3250;1.36515481e-03
6707;15.000;2050;2100;1.36348038e-03
6708;13.300;2300;2350;1.36283942e-03
6709;7.200;950;1000;1.35478085e-03
6710;10.700;1600;1650;1.35410215e-03
6711;6.400;1300;1350;1.34836196e-03
6712;14.000;3700;3750;1.34610653e-03
6713;4.900;2750;2800;1.34416084e-03
6714;10.800;1500;1550;1.34328700e-03
6715;5.000;4750;4800;1.34186276e-03
6716;13.700;2050;2100;1.34114233e-03
6717;14.300;3800;3850;1.33975638e-03
6718;4.400;2700;2750;1.33501133e-03
6719;8.200;2850;2900;1.33438665e-03
6720;1.600;550;600;1.32938900e-03
6721;2.100;1200;1250;1.32852348e-03
6722;7.400;950;1000;1.32676745e-03
6723;7.700;1700;1750;1.32581651e-03
6724;5.100;4900;4950;1.32514196e-03
6725;3.900;4050;4100;1.32428171e-03
6726;4.800;3650;3700;1.32225565e-03
6727;5.100;3250;3300;1.32218371e-03
6728;7.800;1600;1650;1.32187581e-03
6729;4.800;2600;2650;1.31803411e-03
6730;2.700;1600;1650;1.31725039e-03
6731;4.800;4450;4500;1.31489719e-03
6732;5.800;1500;1550;1.31221622e-03
6733;6.300;2300;2350;1.31123839e-03
6734;3.100;450;500;1.30931653e-03
6735;7.900;2300;2350;1.30808138e-03
6736;6.600;1650;1700;1.30728649e-03
6737;5.100;3450;3500;1.30487788e-03
6738;4.600;2250;2300;1.30148336e-03
6739;12.400;2900;2950;1.30084590e-03
6740;15.900;2000;2050;1.29972637e-03
6741;2.300;1200;1250;1.29940415e-03
6742;13.600;2500;2550;1.29680921e-03
6743;1.400;2750;2800;1.29523370e-03
6744;6.300;1650;1700;1.29245800e-03
6745;4.500;2750;2800;1.29028410e-03
6746;8.900;2900;2950;1.28949106e-03
6747;9.800;1950;2000;1.28327800e-03
6748;4.600;3600;3650;1.27527500e-03
6749;0.700;2150;2200;1.27425421e-03
6750;8.900;2350;2400;1.27371724e-03
6751;15.900;1800;1850;1.26202407e-03
6752;6.700;1100;1150;1.25973797e-03
6753;14.300;2950;3000;1.25926184e-03
6754;13.100;3900;3950;1.25880487e-03
6755;15.700;1500;1550;1.25716262e-03
6756;5.200;4950;5000;1.25330785e-03
6757;6.000;2650;2700;1.25277750e-03
6758;14.200;3600;3650;1.25268811e-03
6759;4.800;2400;2450;1.25230165e-03
6760;0.500;2750;2800;1.24844832e-03
6761;1.700;2750;2800;1.24836835e-03
6762;4.000;4950;5000;1.24574617e-03
6763;10.400;1800;1850;1.24573579e-03
6764;4.700;2900;2950;1.24492694e-03
6765;6.200;2750;2800;1.24357202e-03
6766;8.700;2300;2350;1.24258678e-03
6767;4.300;2550;2600;1.24162674e-03
6768;11.800;1250;1300;1.23907453e-03
6769;4.400;3000;3050;1.23635274e-03
6770;4.500;3000;3050;1.23633566e-03
6771;8.500;1850;1900;1.23593708e-03
6772;3.200;450;500;1.23543772e-03
6773;0.400;2100;2150;1.23421713e-03
6774;1.600;2750;2800;1.23411259e-03
6775;14.100;3550;3600;1.23327637e-03
6776;6.500;2300;2350;1.23242907e-03
6777;15.900;2150;2200;1.23233154e-03
6778;5.700;2850;2900;1.23163041e-03
6779;6.200;2300;2350;1.23085608e-03
6780;9.800;2000;2050;1.23061785e-03
6781;0.900;2300;2350;1.22860897e-03
6782;11.500;1850;1900;1.22736999e-03
6783;4.500;3250;3300;1.22454774e-03
6784;4.800;2000;2050;1.22177462e-03
6785;11.900;1850;1900;1.22075765e-03
6786;15.200;2850;2900;1.21994450e-03
6787;8.500;2450;2500;1.21328330e-03
6788;8.800;2250;2300;1.21097729e-03
6789;12.100;1800;1850;1.20933856e-03
6790;11.100;1350;1400;1.20878440e-03
6791;4.600;4850;4900;1.20503261e-03
6792;4.000;4500;4550;1.20490087e-03
6793;13.100;2450;2500;1.20287712e-03
6794;9.600;2050;2100;1.19437019e-03
6795;5.100;3350;3400;1.19373099e-03
6796;0.600;2750;2800;1.19122038e-03
6797;13.700;1950;2000;1.19032583e-03
6798;12.700;2850;2900;1.18945112e-03
6799;0.800;1800;1850;1.18669649e-03
6800;6.600;2300;2350;1.18375085e-03
6801;5.000;4800;4850;1.18015926e-03
6802;0.400;1500;1550;1.17930515e-03
6803;6.000;2450;2500;1.17877002e-03
6804;4.500;2700;2750;1.17671839e-03
6805;2.900;300;350;1.17367167e-03
6806;9.800;1900;1950;1.17076451e-03
6807;7.700;1600;1650;1.16948423e-03
6808;7.700;1250;1300;1.16779607e-03
6809;3.800;1950;2000;1.16713889e-03
6810;7.900;2850;2900;1.16601791e-03
6811;5.100;3050;3100;1.16559430e-03
6812;14.300;3300;3350;1.16436642e-03
6813;6.400;2300;2350;1.16433965e-03
6814;4.400;2000;2050;1.16216993e-03
6815;3.700;1200;1250;1.15942414e-03
6816;4.200;2950;3000;1.15891487e-03
6817;14.400;3600;3650;1.15745998e-03
6818;14.100;4050;4100;1.14665773e-03
6819;10.300;2050;2100;1.14311341e-03
6820;14.400;2950;3000;1.14261622e-03
6821;4.800;4200;4250;1.13851181e-03
6822;7.400;1850;1900;1.13740737e-03
6823;4.300;4850;4900;1.13693122e-03
6824;8.000;2750;2800;1.13304183e-03
6825;4.800;3050;3100;1.13092898e-03
6826;12.800;2450;2500;1.12737228e-03
6827;15.500;1600;1650;1.12538687e-03
6828;13.000;3400;3450;1.12245456e-03
6829;5.600;2250;2300;1.11886647e-03
6830;6.500;1650;1700;1.11786592e-03
6831;3.900;2800;2850;1.11571328e-03
6832;14.500;2600;2650;1.11370461e-03
6833;2.800;1300;1350;1.11006249e-03
6834;14.400;2700;2750;1.10992596e-03
6835;9.100;1950;2000;1.10546607e-03
6836;3.900;3450;3500;1.10479123e-03
6837;10.900;1150;1200;1.10293610e-03
6838;1.300;850;900;1.09923276e-03
6839;5.000;4550;4600;1.09745049e-03
6840;12.100;2850;2900;1.09681619e-03
6841;2.100;1450;1500;1.09613643e-03
6842;4.400;4850;4900;1.09558558e-03
6843;6.800;1900;1950;1.09502352e-03
6844;4.700;3650;3700;1.09326356e-03
6845;3.700;300;350;1.08983349e-03
6846;5.800;1650;1700;1.08981696e-03
6847;13.800;2050;2100;1.08488867e-03
6848;7.500;1900;1950;1.08412875e-03
6849;11.300;1650;1700;1.08259611e-03
6850;7.000;1500;1550;1.08190114e-03
6851;6.800;2750;2800;1.08189341e-03
6852;10.800;1150;1200;1.07927864e-03
6853;11.700;1350;1400;1.07673709e-03
6854;4.200;2550;2600;1.07609995e-03
6855;2.200;1650;1700;1.07547923e-03
6856;9.900;2200;2250;1.07479540e-03
6857;7.400;2100;2150;1.07347405e-03
6858;11.600;1850;1900;1.06670002e-03
6859;13.300;2250;2300;1.06438033e-03
6860;1.500;1500;1550;1.06424116e-03
6861;1.700;550;600;1.06406809e-03
6862;1.500;2750;2800;1.06334481e-03
6863;4.200;3000;3050;1.06055086e-03
6864;6.200;2450;2500;1.06008559e-03
6865;14.600;2650;2700;1.05901069e-03
6866;2.300;1650;1700;1.05835086e-03
6867;13.600;1150;1200;1.05803858e-03
6868;14.700;2550;2600;1.05552878e-03
6869;4.600;2750;2800;1.05475599e-03
6870;13.000;2950;3000;1.05465282e-03
6871;14.300;3200;3250;1.05139775e-03
6872;4.700;2400;2450;1.05005174e-03
6873;0.900;3000;3050;1.04804197e-03
6874;12.200;2850;2900;1.04749985e-03
6875;10.600;1750;1800;1.04519897e-03
6876;5.000;4300;4350;1.04507742e-03
6877;11.800;1850;1900;1.04092642e-03
6878;2.700;1400;1450;1.03962518e-03
6879;2.200;1200;1250;1.03897230e-03
6880;2.100;1250;1300;1.03866493e-03
6881;3.600;1200;1250;1.03762145e-03
6882;6.700;2300;2350;1.03507058e-03
6883;7.300;1450;1500;1.03499317e-03
6884;11.700;1850;1900;1.03469006e-03
6885;9.600;2000;2050;1.03356530e-03
6886;4.300;3250;3300;1.03295877e-03
6887;13.100;3400;3450;1.03079229e-03
6888;13.000;3300;3350;1.02966450e-03
6889;1.000;3150;3200;1.02347658e-03
6890;2.000;0;50;1.02306848e-03
6891;6.600;2150;2200;1.02232100e-03
6892;0.300;1300;1350;1.02103411e-03
6893;5.200;2700;2750;1.02057856e-03
6894;1.000;2650;2700;1.01964044e-03
6895;1.800;550;600;1.00998450e-03
6896;2.400;2000;2050;1.00816683e-03
6897;0.800;2100;2150;9.98957948e-04
6898;9.100;2400;2450;9.98862676e-04
6899;8.800;1800;1850;9.98801731e-04
6900;10.400;2100;2150;9.96574101e-04
6901;9.600;1500;1550;9.95493754e-04
6902;0.800;1700;1750;9.95137669e-04
6903;4.500;2000;2050;9.94067668e-04
6904;2.600;1400;1450;9.93620833e-04
6905;11.000;1150;1200;9.92901857e-04
6906;4.300;2350;2400;9.92330161e-04
6907;11.500;1500;1550;9.89944567e-04
6908;0.800;2850;2900;9.89666911e-04
6909;6.000;3600;3650;9.86627446e-04
6910;11.700;1500;1550;9.84385164e-04
6911;9.600;2250;2300;9.83687708e-04
6912;5.500;3150;3200;9.82387130e-04
6913;1.800;2750;2800;9.80078443e-04
6914;10.200;2100;2150;9.79618158e-04
6915;2.800;1400;1450;9.78525314e-04
6916;12.100;2900;2950;9.77881998e-04
6917;7.500;950;1000;9.76255764e-04
6918;14.700;2800;2850;9.74335841e-04
6919;10.400;1100;1150;9.73732492e-04
6920;7.500;1850;1900;9.73528654e-04
6921;14.100;2250;2300;9.73131854e-04
6922;10.700;1900;1950;9.72874237e-04
6923;8.600;1850;1900;9.68939249e-04
6924;9.900;2150;2200;9.66709087e-04
6925;14.500;2950;3000;9.65963065e-04
6926;7.600;1250;1300;9.65583525e-04
6927;13.000;3100;3150;9.63629712e-04
6928;4.700;4400;4450;9.62518264e-04
6929;1.200;2800;2850;9.55350479e-04
6930;13.900;2050;2100;9.53274294e-04
6931;1.000;2500;2550;9.52976923e-04
6932;1.400;1900;1950;9.51688532e-04
6933;0.900;2800;2850;9.50241368e-04
6934;15.100;2850;2900;9.46726337e-04
6935;15.200;2900;2950;9.45046566e-04
6936;9.600;2150;2200;9.44291430e-04
6937;4.800;3850;3900;9.42964054e-04
6938;5.100;2550;2600;9.41021522e-04
6939;9.500;2200;2250;9.40236122e-04
6940;7.100;2150;2200;9.39748209e-04
6941;13.900;1150;1200;9.37144888e-04
6942;14.100;3100;3150;9.36231142e-04
6943;10.600;1900;1950;9.34916846e-04
6944;13.100;2400;2450;9.31319139e-04
6945;8.200;2300;2350;9.29620564e-04
6946;6.600;1900;1950;9.29275281e-04
6947;11.000;2050;2100;9.28022371e-04
6948;0.900;2850;2900;9.27415664e-04
6949;13.500;2550;2600;9.26660209e-04
6950;2.800;1600;1650;9.24758410e-04
6951;2.400;1650;1700;9.23078208e-04
6952;2.800;100;150;9.21843088e-04
6953;9.200;2900;2950;9.19565067e-04
6954;7.300;2100;2150;9.18023386e-04
6955;2.200;0;50;9.16993409e-04
6956;11.900;1600;1650;9.14583679e-04
6957;4.100;4150;4200;9.11538886e-04
6958;15.400;2250;2300;9.10072622e-04
6959;13.100;3450;3500;9.07805557e-04
6960;6.800;1100;1150;9.05362539e-04
6961;14.500;2400;2450;9.00855881e-04
6962;1.900;550;600;8.99593667e-04
6963;3.000;300;350;8.96622307e-04
6964;8.100;2250;2300;8.95769865e-04
6965;14.300;3350;3400;8.95031305e-04
6966;6.700;2350;2400;8.91461955e-04
6967;14.900;1500;1550;8.91433439e-04
6968;9.000;2300;2350;8.91133666e-04
6969;14.400;4200;4250;8.90310489e-04
6970;10.900;1500;1550;8.88180512e-04
6971;15.500;1800;1850;8.86660041e-04
6972;0.900;2100;2150;8.86615420e-04
6973;3.300;1450;1500;8.86607945e-04
6974;3.100;50;100;8.84078701e-04
6975;4.600;3100;3150;8.82831555e-04
6976;2.100;1650;1700;8.81579660e-04
6977;5.400;3150;3200;8.81176254e-04
6978;14.300;4450;4500;8.79174570e-04
6979;1.200;650;700;8.78261625e-04
6980;5.000;4200;4250;8.77059534e-04
6981;9.400;2000;2050;8.77025329e-04
6982;3.000;2000;2050;8.76243786e-04
6983;9.700;2250;2300;8.75608781e-04
6984;9.000;2550;2600;8.75548685e-04
6985;8.000;2300;2350;8.75202537e-04
6986;4.800;2900;2950;8.73685411e-04
6987;14.900;2250;2300;8.73471879e-04
6988;9.500;2250;2300;8.71105602e-04
6989;3.900;3950;4000;8.68516606e-04
6990;8.200;3300;3350;8.68436064e-04
6991;11.900;1800;1850;8.68176724e-04
6992;11.100;2050;2100;8.67260979e-04
6993;2.900;1300;1350;8.67053127e-04
6994;4.800;2750;2800;8.65664191e-04
6995;12.400;2850;2900;8.65612800e-04
6996;1.500;1100;1150;8.65291934e-04
6997;15.900;1500;1550;8.65021075e-04
6998;11.100;1600;1650;8.62087143e-04
6999;2.200;1450;1500;8.59900525e-04
7000;15.700;2300;2350;8.59503319e-04
7001;2.900;1400;1450;8.58476888e-04
7002;14.800;1500;1550;8.57336271e-04
7003;12.600;2500;2550;8.53186633e-04
7004;2.900;2000;2050;8.52714148e-04
7005;5.000;4600;4650;8.50957035e-04
7006;10.800;1700;1750;8.50314431e-04
7007;2.900;1250;1300;8.50220693e-04
7008;14.900;2900;2950;8.49327298e-04
7009;2.800;1250;1300;8.49124070e-04
7010;15.600;1600;1650;8.48862983e-04
7011;13.800;1600;1650;8.48350650e-04
7012;7.700;2000;2050;8.46654373e-04
7013;14.500;3450;3500;8.41422423e-04
7014;8.300;3300;3350;8.37801761e-04
7015;8.300;2850;2900;8.36850684e-04
7016;14.200;4100;4150;8.34037034e-04
7017;13.200;4250;4300;8.32857341e-04
7018;11.000;1500;1550;8.29798802e-04
7019;4.600;3650;3700;8.28123729e-04
7020;15.200;2650;2700;8.27170491e-04
7021;3.000;1250;1300;8.24730246e-04
7022;9.600;2200;2250;8.24571749e-04
7023;4.300;4000;4050;8.22064499e-04
7024;3.000;50;100;8.18714709e-04
7025;2.500;1400;1450;8.18671587e-04
7026;4.300;3450;3500;8.17647877e-04
7027;2.900;100;150;8.15622355e-04
7028;14.600;2900;2950;8.13137508e-04
7029;9.100;2650;2700;8.12737395e-04
7030;6.200;3200;3250;8.12064270e-04
7031;9.100;2250;2300;8.10703900e-04
7032;15.500;2050;2100;8.10326659e-04
7033;5.300;2650;2700;8.08068133e-04
7034;11.200;1100;1150;8.07843578e-04
7035;6.400;1650;1700;8.06633047e-04
7036;3.800;1200;1250;8.06092895e-04
7037;5.900;3200;3250;8.04615425e-04
7038;7.300;1600;1650;8.04049416e-04
7039;3.100;2000;2050;8.03924472e-04
7040;6.800;2350;2400;8.02541338e-04
7041;13.400;2300;2350;8.02400482e-04
7042;14.200;3800;3850;7.96914898e-04
7043;10.500;1800;1850;7.96362379e-04
7044;14.200;3450;3500;7.92723965e-04
7045;4.100;3750;3800;7.90961545e-04
7046;6.800;2300;2350;7.86319919e-04
7047;10.000;2200;2250;7.86289125e-04
7048;15.400;2650;2700;7.86281686e-04
7049;6.100;2800;2850;7.85284178e-04
7050;14.400;2550;2600;7.83059935e-04
7051;2.000;550;600;7.81901466e-04
7052;12.700;2500;2550;7.80948472e-04
7053;14.300;4200;4250;7.80280872e-04
7054;2.700;1250;1300;7.78642367e-04
7055;1.800;1850;1900;7.76702666e-04
7056;5.100;4200;4250;7.76254768e-04
7057;1.200;1700;1750;7.75845707e-04
7058;7.400;1450;1500;7.73021469e-04
7059;4.500;3100;3150;7.72988660e-04
7060;14.600;2800;2850;7.69590805e-04
7061;15.200;2500;2550;7.68563976e-04
7062;15.400;2850;2900;7.68087400e-04
7063;3.900;3500;3550;7.65752923e-04
7064;1.600;700;750;7.65706599e-04
7065;1.300;1700;1750;7.64483653e-04
7066;14.400;3250;3300;7.63242833e-04
7067;10.900;1700;1750;7.62912668e-04
7068;14.300;4050;4100;7.59817373e-04
7069;10.300;2000;2050;7.59451146e-04
7070;8.000;2600;2650;7.59159374e-04
7071;15.300;2900;2950;7.58898721e-04
7072;0.900;2650;2700;7.58794067e-04
7073;4.600;4200;4250;7.58566709e-04
7074;13.800;1150;1200;7.58221256e-04
7075;6.900;1100;1150;7.58100935e-04
7076;11.200;1150;1200;7.55040286e-04
7077;3.900;4000;4050;7.53226817e-04
7078;15.900;1600;1650;7.53220548e-04
7079;5.800;2450;2500;7.50636123e-04
7080;6.500;2650;2700;7.49916958e-04
7081;4.900;3650;3700;7.48511151e-04
7082;4.600;3000;3050;7.48061123e-04
7083;8.100;2650;2700;7.47008877e-04
7084;7.600;1600;1650;7.46675378e-04
7085;2.300;0;50;7.45570295e-04
7086;8.000;2650;2700;7.44845100e-04
7087;5.200;2050;2100;7.41010601e-04
7088;9.200;2500;2550;7.40248580e-04
7089;4.300;3300;3350;7.39932728e-04
7090;7.000;1100;1150;7.39541855e-04
7091;5.900;2450;2500;7.39093078e-04
7092;11.400;1750;1800;7.37733492e-04
7093;12.500;2350;2400;7.36716410e-04
7094;7.800;1700;1750;7.34856428e-04
7095;2.700;100;150;7.33586303e-04
7096;3.100;1250;1300;7.32916372e-04
7097;12.000;2300;2350;7.31871216e-04
7098;11.100;1150;1200;7.31003780e-04
7099;1.800;1600;1650;7.30970295e-04
7100;6.400;2650;2700;7.25481404e-04
7101;14.600;2250;2300;7.25074189e-04
7102;14.100;3300;3350;7.23174965e-04
7103;4.900;3150;3200;7.22855188e-04
7104;14.200;4250;4300;7.21361470e-04
7105;13.700;2000;2050;7.20273724e-04
7106;15.600;1800;1850;7.19022441e-04
7107;3.900;3400;3450;7.17823288e-04
7108;13.400;2900;2950;7.16903444e-04
7109;4.900;2550;2600;7.16272507e-04
7110;11.200;1600;1650;7.15949364e-04
7111;11.000;1600;1650;7.15032691e-04
7112;4.800;2550;2600;7.14774079e-04
7113;9.900;1950;2000;7.14193833e-04
7114;0.400;2750;2800;7.11329991e-04
7115;4.600;3250;3300;7.10457675e-04
7116;2.800;2000;2050;7.10382314e-04
7117;0.200;2100;2150;7.09670193e-04
7118;14.000;4300;4350;7.07125410e-04
7119;4.200;3350;3400;7.06767031e-04
7120;5.800;2850;2900;7.05740195e-04
7121;6.700;1650;1700;7.03854402e-04
7122;13.100;2350;2400;7.03680401e-04
7123;0.800;1350;1400;7.02500396e-04
7124;15.400;2450;2500;7.00891590e-04
7125;4.400;3300;3350;6.99975580e-04
7126;13.200;2750;2800;6.99863787e-04
7127;4.900;3800;3850;6.99481993e-04
7128;4.400;3850;3900;6.99376294e-04
7129;5.500;2050;2100;6.97580739e-04
7130;9.800;2250;2300;6.97362624e-04
7131;4.400;2750;2800;6.96336651e-04
7132;13.900;2550;2600;6.95881910e-04
7133;5.700;2500;2550;6.95652059e-04
7134;14.300;3100;3150;6.94633029e-04
7135;6.500;2150;2200;6.94425826e-04
7136;2.100;550;600;6.92111663e-04
7137;11.700;1400;1450;6.92095903e-04
7138;4.600;2000;2050;6.90834668e-04
7139;14.800;2800;2850;6.90666971e-04
7140;11.400;1400;1450;6.88992188e-04
7141;11.000;1700;1750;6.88972829e-04
7142;4.900;2900;2950;6.88936992e-04
7143;15.300;2650;2700;6.88353448e-04
7144;2.500;1650;1700;6.88117508e-04
7145;4.100;4750;4800;6.88095221e-04
7146;11.700;1600;1650;6.87489716e-04
7147;12.900;2750;2800;6.86571201e-04
7148;2.100;0;50;6.85747671e-04
7149;3.900;4250;4300;6.85280122e-04
7150;5.900;2300;2350;6.84609714e-04
7151;1.500;1900;1950;6.84536247e-04
7152;13.400;2250;2300;6.83792003e-04
7153;8.900;2300;2350;6.81496281e-04
7154;6.900;2350;2400;6.81470106e-04
7155;15.100;2750;2800;6.79560722e-04
7156;1.300;2100;2150;6.79262206e-04
7157;14.200;4050;4100;6.78502114e-04
7158;5.000;4450;4500;6.78421611e-04
7159;3.900;3350;3400;6.75926106e-04
7160;13.100;3850;3900;6.75397775e-04
7161;9.100;2350;2400;6.74968178e-04
7162;12.100;2250;2300;6.74373338e-04
7163;5.100;2900;2950;6.73223348e-04
7164;3.100;300;350;6.72119924e-04
7165;2.600;1250;1300;6.71733818e-04
7166;3.000;1400;1450;6.71519568e-04
7167;13.800;2000;2050;6.69945080e-04
7168;4.000;4550;4600;6.69566168e-04
7169;13.000;4150;4200;6.69125308e-04
7170;13.100;3550;3600;6.66194560e-04
7171;3.200;2000;2050;6.65687603e-04
7172;12.300;2900;2950;6.65059888e-04
7173;11.000;2000;2050;6.61817826e-04
7174;4.300;2200;2250;6.61779203e-04
7175;1.300;950;1000;6.60240223e-04
7176;14.400;3150;3200;6.58935005e-04
7177;5.100;4300;4350;6.58430129e-04
7178;0.200;2000;2050;6.57776570e-04
7179;13.300;3200;3250;6.55641145e-04
7180;2.200;1250;1300;6.54840909e-04
7181;12.100;1900;1950;6.52393537e-04
7182;5.600;3150;3200;6.50437748e-04
7183;8.200;3000;3050;6.47536995e-04
7184;2.000;1400;1450;6.47361364e-04
7185;13.900;2000;2050;6.45404114e-04
7186;11.900;1650;1700;6.42827801e-04
7187;1.100;1800;1850;6.37453062e-04
7188;0.200;2500;2550;6.36574968e-04
7189;3.000;1300;1350;6.36409578e-04
7190;1.400;950;1000;6.35591846e-04
7191;5.300;3650;3700;6.32574030e-04
7192;13.400;3200;3250;6.32501155e-04
7193;10.900;1750;1800;6.31208687e-04
7194;4.700;4250;4300;6.28399795e-04
7195;0.700;1950;2000;6.27291283e-04
7196;15.800;1500;1550;6.24783338e-04
7197;1.400;2100;2150;6.23631173e-04
7198;5.400;3650;3700;6.23528308e-04
7199;14.100;3350;3400;6.22222216e-04
7200;15.100;2900;2950;6.20802987e-04
7201;15.700;1800;1850;6.19368363e-04
7202;1.200;900;950;6.19191532e-04
7203;13.000;3950;4000;6.17965053e-04
7204;7.100;1500;1550;6.15984325e-04
7205;14.200;3100;3150;6.15952633e-04
7206;11.100;2000;2050;6.14283325e-04
7207;14.400;2400;2450;6.12970234e-04
7208;7.600;950;1000;6.12158720e-04
7209;4.400;2350;2400;6.11194584e-04
7210;3.200;1250;1300;6.10497089e-04
7211;4.700;3100;3150;6.08831526e-04
7212;12.200;2300;2350;6.08320222e-04
7213;11.400;1500;1550;6.05030638e-04
7214;0.300;1550;1600;6.03639664e-04
7215;15.400;2050;2100;6.02177828e-04
7216;8.700;2450;2500;6.01735395e-04
7217;14.300;4250;4300;5.99845377e-04
7218;7.200;2350;2400;5.98639673e-04
7219;14.000;4100;4150;5.98435141e-04
7220;15.500;2200;2250;5.97158494e-04
7221;1.900;2750;2800;5.97133538e-04
7222;0.900;2900;2950;5.95396367e-04
7223;11.800;1600;1650;5.93805283e-04
7224;7.500;1450;1500;5.92581872e-04
7225;2.400;1400;1450;5.91336352e-04
7226;12.000;2700;2750;5.89945692e-04
7227;8.700;2500;2550;5.89459372e-04
7228;4.800;4400;4450;5.88330615e-04
7229;0.300;1750;1800;5.86982392e-04
7230;7.100;1300;1350;5.86795797e-04
7231;2.200;550;600;5.86570406e-04
7232;7.100;1100;1150;5.86201607e-04
7233;2.200;1500;1550;5.86043508e-04
7234;13.000;3550;3600;5.84728077e-04
7235;8.300;3150;3200;5.84188811e-04
7236;8.400;2450;2500;5.83311871e-04
7237;4.100;4100;4150;5.83047273e-04
7238;11.300;1750;1800;5.82647109e-04
7239;0.700;2000;2050;5.82564765e-04
7240;5.500;2400;2450;5.82007048e-04
7241;13.200;2450;2500;5.80930602e-04
7242;15.300;2050;2100;5.80715492e-04
7243;5.000;4150;4200;5.80363236e-04
7244;11.600;1600;1650;5.80183907e-04
7245;4.100;4600;4650;5.78605599e-04
7246;2.000;1650;1700;5.77472825e-04
7247;11.700;1650;1700;5.77468079e-04
7248;10.900;2050;2100;5.77029381e-04
7249;4.500;2350;2400;5.75432531e-04
7250;14.800;2750;2800;5.74332440e-04
7251;11.300;1500;1550;5.74161539e-04
7252;15.000;2750;2800;5.73963809e-04
7253;4.300;3000;3050;5.73905558e-04
7254;11.800;1650;1700;5.72951782e-04
7255;5.800;2400;2450;5.70212922e-04
7256;1.700;1650;1700;5.69111959e-04
7257;14.400;2350;2400;5.67387130e-04
7258;2.300;1500;1550;5.66946439e-04
7259;4.100;4900;4950;5.66303123e-04
7260;14.200;4800;4850;5.65795749e-04
7261;8.300;2700;2750;5.61881132e-04
7262;5.300;2050;2100;5.61671175e-04
7263;5.400;2050;2100;5.61387013e-04
7264;6.500;1300;1350;5.59850742e-04
7265;1.600;1900;1950;5.59687115e-04
7266;4.200;4800;4850;5.59332181e-04
7267;9.400;2250;2300;5.58609094e-04
7268;13.000;3350;3400;5.57310864e-04
7269;14.100;3050;3100;5.56805918e-04
7270;5.700;2250;2300;5.55629616e-04
7271;3.200;50;100;5.55021319e-04
7272;14.700;3000;3050;5.54586041e-04
7273;12.400;3150;3200;5.54553722e-04
7274;11.200;2050;2100;5.53008879e-04
7275;1.400;850;900;5.51996543e-04
7276;1.200;950;1000;5.51752201e-04
7277;8.900;2750;2800;5.51270766e-04
7278;10.200;2200;2250;5.50697570e-04
7279;1.200;2100;2150;5.50356667e-04
7280;2.500;1250;1300;5.50125043e-04
7281;10.900;1900;1950;5.49062113e-04
7282;14.400;3650;3700;5.48532100e-04
7283;11.200;1750;1800;5.48432675e-04
7284;13.800;2800;2850;5.47401158e-04
7285;3.900;4900;4950;5.47113765e-04
7286;6.600;2350;2400;5.46885751e-04
7287;9.600;2500;2550;5.46038345e-04
7288;5.000;4250;4300;5.43585505e-04
7289;13.800;2550;2600;5.41542496e-04
7290;12.800;2850;2900;5.41407912e-04
7291;14.300;3850;3900;5.39904384e-04
7292;11.300;1600;1650;5.38483516e-04
7293;2.100;1500;1550;5.37457490e-04
7294;8.400;3150;3200;5.33855374e-04
7295;13.100;3150;3200;5.33405051e-04
7296;5.500;3650;3700;5.33055282e-04
7297;15.200;2750;2800;5.33043194e-04
7298;14.200;3900;3950;5.31308632e-04
7299;2.400;1500;1550;5.30477676e-04
7300;9.600;2850;2900;5.24892941e-04
7301;6.100;2300;2350;5.24513349e-04
7302;1.100;2100;2150;5.22010815e-04
7303;10.800;1600;1650;5.21601427e-04
7304;5.600;2050;2100;5.21389239e-04
7305;4.900;2400;2450;5.21048206e-04
7306;5.000;4850;4900;5.20284822e-04
7307;4.900;2000;2050;5.19529413e-04
7308;14.800;2550;2600;5.19424840e-04
7309;15.800;1800;1850;5.19124675e-04
7310;2.900;1600;1650;5.18496620e-04
7311;8.200;2350;2400;5.17686543e-04
7312;5.100;3950;4000;5.16143294e-04
7313;4.400;4000;4050;5.15892800e-04
7314;0.700;2750;2800;5.15253303e-04
7315;5.100;4400;4450;5.14594927e-04
7316;4.700;3000;3050;5.13124524e-04
7317;3.800;1450;1500;5.12438039e-04
7318;7.400;1300;1350;5.11203501e-04
7319;9.500;2500;2550;5.11070620e-04
7320;2.700;2000;2050;5.10212954e-04
7321;0.200;1800;1850;5.09077223e-04
7322;4.600;4450;4500;5.06914694e-04
7323;6.600;2650;2700;5.04069163e-04
7324;3.400;1450;1500;5.03297008e-04
7325;2.300;1250;1300;5.02980532e-04
7326;0.600;650;700;5.02525147e-04
7327;0.900;3050;3100;5.00300930e-04
7328;11.400;1150;1200;4.99128516e-04
7329;14.800;2250;2300;4.99021893e-04
7330;3.300;2000;2050;4.98796363e-04
7331;0.700;2850;2900;4.97711486e-04
7332;4.400;2550;2600;4.97335398e-04
7333;3.300;1250;1300;4.95978890e-04
7334;1.400;1700;1750;4.95355897e-04
7335;4.400;3250;3300;4.94502438e-04
7336;7.000;2350;2400;4.94027051e-04
7337;6.300;2450;2500;4.91677020e-04
7338;7.600;1900;1950;4.90949571e-04
7339;13.500;2800;2850;4.90004068e-04
7340;1.300;2350;2400;4.87416644e-04
7341;5.700;2400;2450;4.87386888e-04
7342;11.300;1150;1200;4.83430780e-04
7343;3.100;1400;1450;4.83409190e-04
7344;5.100;3900;3950;4.83167321e-04
7345;14.900;2800;2850;4.82825798e-04
7346;5.200;3500;3550;4.81512647e-04
7347;4.600;2350;2400;4.80929480e-04
7348;11.000;1750;1800;4.80898646e-04
7349;2.400;1250;1300;4.79390495e-04
7350;8.000;2800;2850;4.79318538e-04
7351;6.500;2800;2850;4.75142362e-04
7352;1.700;2350;2400;4.75001341e-04
7353;0.700;2500;2550;4.74378065e-04
7354;6.300;2650;2700;4.74131818e-04
7355;4.800;4250;4300;4.72502882e-04
7356;10.000;2150;2200;4.72339119e-04
7357;9.200;2750;2800;4.71896576e-04
7358;11.400;1350;1400;4.71626988e-04
7359;7.200;1100;1150;4.70888152e-04
7360;11.500;1650;1700;4.70750112e-04
7361;7.500;1300;1350;4.70105025e-04
7362;12.300;3150;3200;4.69456176e-04
7363;3.900;4200;4250;4.69402395e-04
7364;7.900;2500;2550;4.67652944e-04
7365;5.700;2700;2750;4.67607055e-04
7366;9.000;2800;2850;4.66774509e-04
7367;12.800;2300;2350;4.66498080e-04
7368;14.600;2950;3000;4.66384462e-04
7369;12.000;3250;3300;4.65115258e-04
7370;14.200;3850;3900;4.64980961e-04
7371;8.200;3250;3300;4.64382318e-04
7372;5.900;2400;2450;4.63384180e-04
7373;0.800;1750;1800;4.62926480e-04
7374;5.600;2700;2750;4.61939955e-04
7375;3.100;1300;1350;4.60898056e-04
7376;7.600;1450;1500;4.60169797e-04
7377;2.500;2000;2050;4.59919366e-04
7378;3.800;300;350;4.57744030e-04
7379;12.400;2400;2450;4.57001146e-04
7380;8.000;2400;2450;4.56516803e-04
7381;8.100;2700;2750;4.56049443e-04
7382;2.500;1500;1550;4.55790756e-04
7383;3.200;300;350;4.55486180e-04
7384;6.900;2300;2350;4.55360089e-04
7385;0.500;2150;2200;4.55286574e-04
7386;11.500;1150;1200;4.54838496e-04
7387;2.300;550;600;4.54295731e-04
7388;10.900;1600;1650;4.53610042e-04
7389;6.100;2400;2450;4.53401769e-04
7390;7.300;1300;1350;4.53268257e-04
7391;12.500;2400;2450;4.52948392e-04
7392;14.100;2450;2500;4.52798175e-04
7393;7.700;950;1000;4.52178022e-04
7394;9.800;2200;2250;4.51200196e-04
7395;2.600;1650;1700;4.50805228e-04
7396;7.700;1850;1900;4.50642565e-04
7397;13.300;2450;2500;4.50637137e-04
7398;5.300;1800;1850;4.49764026e-04
7399;1.700;700;750;4.48480696e-04
7400;8.900;2650;2700;4.48069876e-04
7401;0.200;2050;2100;4.46751222e-04
7402;7.300;2350;2400;4.46141211e-04
7403;13.300;4250;4300;4.45489317e-04
7404;10.000;1950;2000;4.45338207e-04
7405;5.200;3050;3100;4.44054168e-04
7406;13.000;4600;4650;4.43607447e-04
7407;13.400;2450;2500;4.43178018e-04
7408;3.700;1450;1500;4.43164852e-04
7409;5.100;3850;3900;4.43121840e-04
7410;4.300;4650;4700;4.43024987e-04
7411;15.500;2650;2700;4.42956683e-04
7412;4.700;2550;2600;4.41244299e-04
7413;9.000;2450;2500;4.40366509e-04
7414;1.600;2350;2400;4.39746960e-04
7415;13.700;1150;1200;4.39678791e-04
7416;1.700;1900;1950;4.39675105e-04
7417;15.800;2450;2500;4.37652741e-04
7418;1.500;950;1000;4.36447842e-04
7419;14.000;3900;3950;4.35743852e-04
7420;3.900;4150;4200;4.34897235e-04
7421;6.000;2400;2450;4.34774880e-04
7422;4.700;2750;2800;4.34149821e-04
7423;14.000;3600;3650;4.32880463e-04
7424;9.000;2600;2650;4.32880228e-04
7425;9.000;2900;2950;4.32858198e-04
7426;1.500;2100;2150;4.32331376e-04
7427;0.200;2850;2900;4.32183779e-04
7428;15.700;2450;2500;4.32076280e-04
7429;11.500;1750;1800;4.31699287e-04
7430;7.100;1650;1700;4.30432796e-04
7431;7.600;1850;1900;4.29082379e-04
7432;13.100;4600;4650;4.28630238e-04
7433;7.700;2150;2200;4.25872880e-04
7434;9.900;2250;2300;4.25161239e-04
7435;6.200;2400;2450;4.24968900e-04
7436;3.000;100;150;4.24120210e-04
7437;12.900;2250;2300;4.22880081e-04
7438;10.300;2150;2200;4.22613369e-04
7439;14.200;3550;3600;4.22504081e-04
7440;13.900;2800;2850;4.21671481e-04
7441;10.900;2000;2050;4.21103246e-04
7442;1.600;1100;1150;4.19667061e-04
7443;11.500;1600;1650;4.18750757e-04
7444;13.700;2800;2850;4.18432879e-04
7445;9.300;2850;2900;4.18216141e-04
7446;2.000;1500;1550;4.16658370e-04
7447;12.600;1850;1900;4.15723022e-04
7448;0.900;2550;2600;4.15705905e-04
7449;3.700;550;600;4.14742848e-04
7450;3.900;4450;4500;4.14733822e-04
7451;8.500;2650;2700;4.14352695e-04
7452;4.200;4000;4050;4.13739170e-04
7453;14.400;4250;4300;4.11305472e-04
7454;4.500;3400;3450;4.11052901e-04
7455;15.300;2500;2550;4.09622516e-04
7456;8.400;2650;2700;4.09219985e-04
7457;12.800;2250;2300;4.09113811e-04
7458;14.700;2600;2650;4.09065294e-04
7459;11.200;2100;2150;4.08908669e-04
7460;4.200;3700;3750;4.08229743e-04
7461;8.400;3300;3350;4.08217300e-04
7462;14.000;3750;3800;4.07562015e-04
7463;10.600;1800;1850;4.06435078e-04
7464;10.300;2200;2250;4.02375280e-04
7465;15.000;3450;3500;4.01764758e-04
7466;4.500;3300;3350;4.01550193e-04
7467;8.000;2450;2500;3.99780873e-04
7468;14.200;4450;4500;3.99228946e-04
7469;9.800;2150;2200;3.98847042e-04
7470;6.400;2800;2850;3.98314877e-04
7471;3.600;550;600;3.97701846e-04
7472;4.600;4250;4300;3.97324810e-04
7473;6.600;2800;2850;3.96973170e-04
7474;14.000;3800;3850;3.96859811e-04
7475;7.100;2350;2400;3.96653077e-04
7476;14.200;3950;4000;3.94772019e-04
7477;13.800;1950;2000;3.94416876e-04
7478;9.100;2550;2600;3.94191485e-04
7479;6.700;1900;1950;3.93737821e-04
7480;11.400;1600;1650;3.93166678e-04
7481;9.700;2850;2900;3.92969767e-04
7482;7.600;2150;2200;3.91712270e-04
7483;3.400;50;100;3.90999925e-04
7484;0.500;1750;1800;3.90557402e-04
7485;12.200;3300;3350;3.90483990e-04
7486;3.600;1450;1500;3.89663078e-04
7487;4.400;3100;3150;3.88094994e-04
7488;14.600;3050;3100;3.86797388e-04
7489;14.300;3400;3450;3.85570852e-04
7490;3.500;1450;1500;3.84583418e-04
7491;5.100;3800;3850;3.84579236e-04
7492;12.400;2450;2500;3.84427756e-04
7493;13.100;2700;2750;3.84288284e-04
7494;5.100;2950;3000;3.83975624e-04
7495;7.300;1100;1150;3.83746496e-04
7496;3.400;100;150;3.83479305e-04
7497;12.300;3300;3350;3.82060439e-04
7498;11.200;2000;2050;3.81186557e-04
7499;5.100;3700;3750;3.80336198e-04
7500;14.600;2600;2650;3.77960083e-04
7501;6.600;1300;1350;3.77588745e-04
7502;9.300;2750;2800;3.77534585e-04
7503;5.200;4000;4050;3.76941061e-04
7504;4.900;3250;3300;3.75450875e-04
7505;1.000;3000;3050;3.75393634e-04
7506;9.100;2750;2800;3.75133690e-04
7507;2.400;550;600;3.74988286e-04
7508;1.800;2350;2400;3.73882428e-04
7509;14.300;4400;4450;3.73859419e-04
7510;1.100;2400;2450;3.73815763e-04
7511;11.700;1750;1800;3.73783773e-04
7512;13.000;4050;4100;3.73123682e-04
7513;8.200;3450;3500;3.72631043e-04
7514;4.400;3400;3450;3.72184257e-04
7515;8.800;2900;2950;3.71448861e-04
7516;11.300;2100;2150;3.71246779e-04
7517;2.600;2000;2050;3.70577149e-04
7518;12.300;2850;2900;3.70268267e-04
7519;15.700;1600;1650;3.69504558e-04
7520;8.500;2500;2550;3.69007438e-04
7521;6.900;1650;1700;3.67630952e-04
7522;7.200;2150;2200;3.67600584e-04
7523;0.300;2500;2550;3.67367929e-04
7524;7.200;1500;1550;3.67337247e-04
7525;6.900;2750;2800;3.67165560e-04
7526;7.900;2700;2750;3.66609916e-04
7527;9.700;2000;2050;3.65290871e-04
7528;12.900;2900;2950;3.65037666e-04
7529;3.400;1250;1300;3.63891940e-04
7530;0.500;2400;2450;3.61750582e-04
7531;2.300;1400;1450;3.61501179e-04
7532;1.100;3200;3250;3.61405617e-04
7533;4.500;2200;2250;3.61310366e-04
7534;8.600;2450;2500;3.61236362e-04
7535;9.700;2500;2550;3.61047914e-04
7536;8.000;2500;2550;3.60938791e-04
7537;8.800;2300;2350;3.60801329e-04
7538;4.300;3350;3400;3.60537956e-04
7539;5.200;2600;2650;3.60110358e-04
7540;4.600;3400;3450;3.59400223e-04
7541;4.500;2550;2600;3.59167227e-04
7542;9.400;2500;2550;3.59116264e-04
7543;11.100;1700;1750;3.59083514e-04
7544;10.800;1900;1950;3.58502316e-04
7545;5.500;2700;2750;3.58249811e-04
7546;1.800;950;1000;3.58068291e-04
7547;7.300;2750;2800;3.56988578e-04
7548;1.000;2700;2750;3.56167648e-04
7549;3.900;3900;3950;3.54593070e-04
7550;9.600;2900;2950;3.53466973e-04
7551;8.200;2700;2750;3.52935103e-04
7552;11.600;1650;1700;3.52874730e-04
7553;8.100;2600;2650;3.52576462e-04
7554;8.700;2700;2750;3.52530132e-04
7555;2.600;1500;1550;3.52395337e-04
7556;11.500;2100;2150;3.51840555e-04
7557;7.700;1450;1500;3.51403117e-04
7558;12.200;2350;2400;3.51221238e-04
7559;15.000;3000;3050;3.51161607e-04
7560;8.200;2600;2650;3.50252132e-04
7561;12.500;2900;2950;3.50082087e-04
7562;3.300;300;350;3.48395661e-04
7563;5.100;4450;4500;3.47774032e-04
7564;8.200;3050;3100;3.46608303e-04
7565;7.000;1650;1700;3.44830964e-04
7566;9.000;3550;3600;3.44649256e-04
7567;11.700;1150;1200;3.44235500e-04
7568;13.000;3250;3300;3.43708680e-04
7569;8.000;3000;3050;3.43569745e-04
7570;4.100;4500;4550;3.43279756e-04
7571;7.200;2750;2800;3.42497527e-04
7572;12.000;2750;2800;3.42445527e-04
7573;3.400;2000;2050;3.40918492e-04
7574;10.200;2150;2200;3.40894797e-04
7575;12.100;1950;2000;3.39493451e-04
7576;15.600;2050;2100;3.38026056e-04
7577;1.300;2800;2850;3.37193763e-04
7578;6.100;2500;2550;3.36613696e-04
7579;0.600;2150;2200;3.35781215e-04
7580;15.900;2450;2500;3.35494408e-04
7581;7.800;2150;2200;3.34575890e-04
7582;14.900;2750;2800;3.34498930e-04
7583;11.100;2100;2150;3.33676176e-04
7584;7.600;1300;1350;3.33214477e-04
7585;13.600;4250;4300;3.32926496e-04
7586;8.300;3450;3500;3.32769243e-04
7587;14.700;3600;3650;3.32000787e-04
7588;11.400;1700;1750;3.31991116e-04
7589;15.900;2300;2350;3.30510261e-04
7590;4.900;3850;3900;3.30238167e-04
7591;5.700;3600;3650;3.29374004e-04
7592;5.300;3050;3100;3.28502654e-04
7593;10.500;2050;2100;3.28461172e-04
7594;9.200;2650;2700;3.28024386e-04
7595;0.300;1500;1550;3.27802645e-04
7596;7.800;1300;1350;3.26431747e-04
7597;10.400;2050;2100;3.25175450e-04
7598;7.000;1300;1350;3.25122923e-04
7599;14.500;2700;2750;3.25069700e-04
7600;1.100;1750;1800;3.23940931e-04
7601;7.400;1100;1150;3.23937735e-04
7602;13.100;4100;4150;3.23664622e-04
7603;11.200;1650;1700;3.23247615e-04
7604;8.600;2650;2700;3.22489821e-04
7605;6.500;2850;2900;3.22021410e-04
7606;14.000;3850;3900;3.20528943e-04
7607;3.900;4400;4450;3.20170550e-04
7608;12.800;2500;2550;3.19387484e-04
7609;14.500;2350;2400;3.18866296e-04
7610;6.700;2650;2700;3.18199238e-04
7611;5.300;2200;2250;3.17240430e-04
7612;3.200;1400;1450;3.16719437e-04
7613;10.100;2200;2250;3.16129879e-04
7614;1.400;1800;1850;3.15780630e-04
7615;14.400;3800;3850;3.15755354e-04
7616;3.200;1300;1350;3.15578992e-04
7617;0.300;2100;2150;3.15526664e-04
7618;1.800;1900;1950;3.15485960e-04
7619;11.100;1750;1800;3.14825659e-04
7620;14.600;2400;2450;3.13553780e-04
7621;8.200;2650;2700;3.13117418e-04
7622;13.200;4600;4650;3.13058780e-04
7623;1.900;950;1000;3.12123768e-04
7624;1.600;950;1000;3.11118653e-04
7625;7.800;1450;1500;3.10063796e-04
7626;1.500;1700;1750;3.09706285e-04
7627;9.100;2800;2850;3.09400132e-04
7628;7.900;2350;2400;3.07845658e-04
7629;5.700;2200;2250;3.07749901e-04
7630;1.300;1800;1850;3.07678491e-04
7631;1.600;1500;1550;3.06567185e-04
7632;8.300;2750;2800;3.06295531e-04
7633;8.700;2250;2300;3.06287462e-04
7634;14.400;3200;3250;3.06214894e-04
7635;15.000;2800;2850;3.06035749e-04
7636;4.300;3200;3250;3.05733700e-04
7637;12.800;2900;2950;3.05233728e-04
7638;9.000;2750;2800;3.05156627e-04
7639;14.000;4450;4500;3.05081549e-04
7640;15.000;3250;3300;3.03662591e-04
7641;14.500;4050;4100;3.01999711e-04
7642;13.500;2250;2300;3.00946418e-04
7643;5.400;2200;2250;3.00089418e-04
7644;4.600;4400;4450;2.99966463e-04
7645;14.000;3950;4000;2.99087159e-04
7646;13.500;3200;3250;2.98947039e-04
7647;11.100;1500;1550;2.97927783e-04
7648;3.900;4750;4800;2.97882555e-04
7649;1.000;3600;3650;2.96824560e-04
7650;2.000;2750;2800;2.96801597e-04
7651;6.800;1650;1700;2.96625902e-04
7652;15.000;2400;2450;2.96074235e-04
7653;7.400;2750;2800;2.95439163e-04
7654;12.000;2450;2500;2.95334375e-04
7655;1.700;950;1000;2.95325256e-04
7656;6.900;1300;1350;2.94350173e-04
7657;5.600;2200;2250;2.94132534e-04
7658;5.800;2700;2750;2.93504743e-04
7659;5.400;4050;4100;2.93209501e-04
7660;5.500;1800;1850;2.92336913e-04
7661;8.800;2700;2750;2.92113695e-04
7662;14.200;4400;4450;2.92050518e-04
7663;15.900;2250;2300;2.91775395e-04
7664;12.500;2800;2850;2.91664837e-04
7665;1.800;700;750;2.91475425e-04
7666;10.500;2150;2200;2.91385044e-04
7667;14.400;3300;3350;2.91050501e-04
7668;2.400;1850;1900;2.90997890e-04
7669;2.400;0;50;2.89933945e-04
7670;12.500;2700;2750;2.89415295e-04
7671;5.200;4900;4950;2.88964905e-04
7672;12.900;2650;2700;2.88955568e-04
7673;0.200;2550;2600;2.88792312e-04
7674;10.800;1750;1800;2.88606073e-04
7675;7.900;2750;2800;2.88343323e-04
7676;12.700;2650;2700;2.88064958e-04
7677;8.400;2700;2750;2.87877242e-04
7678;4.300;3100;3150;2.87426113e-04
7679;3.700;1250;1300;2.87376086e-04
7680;14.100;2700;2750;2.87203197e-04
7681;8.000;2950;3000;2.86836591e-04
7682;14.500;3250;3300;2.86716924e-04
7683;7.800;950;1000;2.86082717e-04
7684;5.500;2200;2250;2.83847004e-04
7685;14.700;3050;3100;2.83544161e-04
7686;6.700;1300;1350;2.83017272e-04
7687;15.000;2900;2950;2.82006559e-04
7688;14.100;3400;3450;2.80691874e-04
7689;5.100;4250;4300;2.80446059e-04
7690;1.900;1650;1700;2.79652403e-04
7691;1.900;1500;1550;2.79090413e-04
7692;1.000;2250;2300;2.79023510e-04
7693;12.900;2850;2900;2.78860366e-04
7694;2.500;550;600;2.78104630e-04
7695;6.200;2850;2900;2.77934892e-04
7696;12.100;3250;3300;2.77651563e-04
7697;14.200;4850;4900;2.77581557e-04
7698;0.300;2550;2600;2.77317057e-04
7699;2.500;1850;1900;2.77189353e-04
7700;15.100;3450;3500;2.76845088e-04
7701;14.700;3450;3500;2.76641492e-04
7702;0.400;2050;2100;2.76039347e-04
7703;8.900;3000;3050;2.75657525e-04
7704;6.300;3200;3250;2.75521531e-04
7705;3.900;3850;3900;2.75042678e-04
7706;3.600;850;900;2.74974802e-04
7707;14.400;4050;4100;2.74933533e-04
7708;14.300;3550;3600;2.74673174e-04
7709;15.800;2300;2350;2.74647545e-04
7710;1.500;1800;1850;2.74500582e-04
7711;14.600;3600;3650;2.74169294e-04
7712;11.900;2300;2350;2.74005782e-04
7713;7.200;1300;1350;2.73092525e-04
7714;8.900;2600;2650;2.72880413e-04
7715;8.800;2500;2550;2.72677636e-04
7716;13.700;2550;2600;2.72081322e-04
7717;15.400;3000;3050;2.71707472e-04
7718;3.000;1600;1650;2.71256579e-04
7719;6.000;2500;2550;2.70973815e-04
7720;4.100;4350;4400;2.70781023e-04
7721;15.800;2850;2900;2.69496648e-04
7722;13.500;2300;2350;2.69101234e-04
7723;15.100;2050;2100;2.68679975e-04
7724;15.100;3250;3300;2.68017403e-04
7725;15.000;3200;3250;2.67704319e-04
7726;11.600;1750;1800;2.67077668e-04
7727;5.600;2400;2450;2.66609514e-04
7728;15.700;2850;2900;2.66318575e-04
7729;12.500;2600;2650;2.66309738e-04
7730;5.700;2050;2100;2.65575091e-04
7731;4.500;3200;3250;2.65461072e-04
7732;2.700;0;50;2.65301826e-04
7733;12.100;2650;2700;2.63527405e-04
7734;7.700;1300;1350;2.63454997e-04
7735;2.600;0;50;2.61974246e-04
7736;9.500;2850;2900;2.60245894e-04
7737;1.500;850;900;2.59313141e-04
7738;14.200;4150;4200;2.59159340e-04
7739;0.300;1800;1850;2.58747064e-04
7740;14.500;3150;3200;2.58496261e-04
7741;14.600;3450;3500;2.58323059e-04
7742;14.100;3500;3550;2.58231066e-04
7743;8.300;3100;3150;2.57728547e-04
7744;0.600;900;950;2.57447492e-04
7745;2.100;1400;1450;2.56885097e-04
7746;4.700;3400;3450;2.56813635e-04
7747;14.200;3300;3350;2.56708372e-04
7748;9.700;2050;2100;2.56541793e-04
7749;10.600;2050;2100;2.56314660e-04
7750;8.800;2850;2900;2.55957808e-04
7751;2.700;1500;1550;2.55948742e-04
7752;1.700;1600;1650;2.55948321e-04
7753;5.400;1800;1850;2.55881049e-04
7754;0.700;2050;2100;2.55701378e-04
7755;10.400;2150;2200;2.55132113e-04
7756;1.100;2150;2200;2.54934082e-04
7757;15.900;2050;2100;2.54742634e-04
7758;3.400;300;350;2.54724980e-04
7759;3.800;550;600;2.54663990e-04
7760;13.000;4700;4750;2.54368388e-04
7761;2.300;1850;1900;2.54206072e-04
7762;14.300;3950;4000;2.54182358e-04
7763;7.100;2750;2800;2.52770001e-04
7764;8.900;2550;2600;2.52584315e-04
7765;4.700;2350;2400;2.52578804e-04
7766;9.600;2650;2700;2.52484298e-04
7767;4.900;4200;4250;2.52455282e-04
7768;0.900;3150;3200;2.52174890e-04
7769;5.700;1800;1850;2.52066576e-04
7770;12.200;2650;2700;2.51976576e-04
7771;4.800;3100;3150;2.51646727e-04
7772;4.600;2200;2250;2.51579711e-04
7773;10.100;1950;2000;2.51557323e-04
7774;11.200;1500;1550;2.51203145e-04
7775;15.300;2750;2800;2.51127369e-04
7776;8.500;2700;2750;2.50975925e-04
7777;5.200;3100;3150;2.50897011e-04
7778;1.000;2850;2900;2.50810271e-04
7779;3.500;1250;1300;2.49701965e-04
7780;10.500;2200;2250;2.49086241e-04
7781;1.700;1100;1150;2.48904868e-04
7782;11.900;2250;2300;2.48597994e-04
7783;4.400;2950;3000;2.48564132e-04
7784;10.700;1750;1800;2.48297903e-04
7785;2.700;1650;1700;2.47829249e-04
7786;6.200;2500;2550;2.47636639e-04
7787;6.800;1300;1350;2.47447723e-04
7788;7.500;2150;2200;2.47111890e-04
7789;2.600;1850;1900;2.46937786e-04
7790;7.000;2300;2350;2.46936304e-04
7791;5.900;2200;2250;2.46569540e-04
7792;6.000;2300;2350;2.46142883e-04
7793;14.400;3100;3150;2.46020200e-04
7794;6.700;2800;2850;2.45377183e-04
7795;14.100;3700;3750;2.45130640e-04
7796;13.500;4250;4300;2.45060236e-04
7797;5.800;2200;2250;2.44725597e-04
7798;6.600;3200;3250;2.44712370e-04
7799;9.300;2500;2550;2.44357258e-04
7800;8.400;2750;2800;2.43872227e-04
7801;8.500;3150;3200;2.43468714e-04
7802;13.900;2250;2300;2.42984656e-04
7803;10.600;2150;2200;2.42974926e-04
7804;2.000;950;1000;2.42682564e-04
7805;12.400;2750;2800;2.42577124e-04
7806;7.900;2450;2500;2.42461429e-04
7807;15.600;2650;2700;2.41905128e-04
7808;14.300;3500;3550;2.41664108e-04
7809;14.100;4300;4350;2.41533154e-04
7810;3.500;2000;2050;2.41470966e-04
7811;14.300;4850;4900;2.41458907e-04
7812;5.300;3550;3600;2.41320169e-04
7813;9.600;2400;2450;2.40758240e-04
7814;3.200;100;150;2.40499551e-04
7815;9.300;2250;2300;2.40344342e-04
7816;14.500;3050;3100;2.40235667e-04
7817;11.300;2050;2100;2.40018675e-04
7818;1.200;1800;1850;2.39609133e-04
7819;5.600;1800;1850;2.39039804e-04
7820;11.300;1700;1750;2.39025552e-04
7821;3.500;1650;1700;2.38535636e-04
7822;0.800;2550;2600;2.38479122e-04
7823;1.900;1850;1900;2.38376347e-04
7824;4.400;2200;2250;2.38059543e-04
7825;9.500;2400;2450;2.37639506e-04
7826;15.400;2900;2950;2.36905686e-04
7827;14.700;2400;2450;2.36724915e-04
7828;7.600;1650;1700;2.36711450e-04
7829;7.200;1650;1700;2.36488485e-04
7830;4.900;3100;3150;2.36284551e-04
7831;12.200;3250;3300;2.35566216e-04
7832;8.200;3150;3200;2.35419707e-04
7833;0.400;2400;2450;2.34889642e-04
7834;6.000;3150;3200;2.34100329e-04
7835;13.300;2750;2800;2.33980099e-04
7836;9.800;2850;2900;2.33971325e-04
7837;14.300;4800;4850;2.33551011e-04
7838;7.900;2600;2650;2.33491356e-04
7839;1.500;2350;2400;2.33182104e-04
7840;14.600;2350;2400;2.32955165e-04
7841;10.400;2200;2250;2.32374817e-04
7842;8.200;2450;2500;2.32272655e-04
7843;9.000;2700;2750;2.31991228e-04
7844;7.800;1850;1900;2.31946862e-04
7845;4.100;4700;4750;2.31902298e-04
7846;4.800;2350;2400;2.31658817e-04
7847;9.300;2650;2700;2.31549507e-04
7848;14.100;3600;3650;2.31384310e-04
7849;1.600;2100;2150;2.31346216e-04
7850;14.500;3200;3250;2.31327502e-04
7851;6.100;3150;3200;2.31227093e-04
7852;6.400;2850;2900;2.31053326e-04
7853;13.000;3600;3650;2.29844222e-04
7854;8.400;2500;2550;2.28773239e-04
7855;8.300;2400;2450;2.28672360e-04
7856;14.200;3650;3700;2.28641530e-04
7857;10.100;2100;2150;2.28617582e-04
7858;7.500;1600;1650;2.28323575e-04
7859;1.900;2350;2400;2.27666832e-04
7860;15.900;2200;2250;2.27094474e-04
7861;12.000;2500;2550;2.26998800e-04
7862;5.500;4050;4100;2.26866636e-04
7863;4.400;3450;3500;2.26852628e-04
7864;10.600;1950;2000;2.26562954e-04
7865;13.400;4250;4300;2.26539984e-04
7866;4.200;3550;3600;2.25956283e-04
7867;14.100;3150;3200;2.25321835e-04
7868;3.100;100;150;2.24595456e-04
7869;11.800;1750;1800;2.24259625e-04
7870;13.200;4200;4250;2.24155803e-04
7871;10.500;2000;2050;2.23825364e-04
7872;15.100;3200;3250;2.23452299e-04
7873;8.000;3700;3750;2.23366751e-04
7874;3.900;3650;3700;2.23318719e-04
7875;12.200;3000;3050;2.23089718e-04
7876;8.700;2550;2600;2.22915316e-04
7877;15.800;2250;2300;2.22023105e-04
7878;0.500;2350;2400;2.22010581e-04
7879;5.700;3150;3200;2.22009431e-04
7880;9.100;2450;2500;2.21915508e-04
7881;8.800;2450;2500;2.21511389e-04
7882;15.600;2850;2900;2.21433209e-04
7883;8.900;2800;2850;2.20998572e-04
7884;6.500;3200;3250;2.20975706e-04
7885;14.900;3200;3250;2.20644468e-04
7886;14.500;3100;3150;2.19980016e-04
7887;14.000;4600;4650;2.19585281e-04
7888;9.400;2750;2800;2.19120443e-04
7889;3.900;3300;3350;2.19084369e-04
7890;6.000;2050;2100;2.18995150e-04
7891;4.900;3050;3100;2.18967306e-04
7892;0.900;2950;3000;2.18831924e-04
7893;13.200;3550;3600;2.17403402e-04
7894;6.300;2400;2450;2.16192570e-04
7895;3.800;1350;1400;2.15814091e-04
7896;2.700;850;900;2.15060171e-04
7897;9.000;3250;3300;2.14787533e-04
7898;13.200;2650;2700;2.14681504e-04
7899;5.900;2050;2100;2.14562175e-04
7900;12.900;2450;2500;2.14264460e-04
7901;10.500;1950;2000;2.14078564e-04
7902;12.200;2400;2450;2.13893320e-04
7903;5.800;2250;2300;2.13313977e-04
7904;15.200;2550;2600;2.12848484e-04
7905;8.200;2750;2800;2.12652956e-04
7906;4.600;2550;2600;2.12228512e-04
7907;14.000;4650;4700;2.11679414e-04
7908;14.200;3350;3400;2.11479216e-04
7909;7.300;1650;1700;2.11442332e-04
7910;2.200;950;1000;2.11432715e-04
7911;3.800;1600;1650;2.11411489e-04
7912;11.900;2200;2250;2.11328207e-04
7913;14.600;3200;3250;2.11010678e-04
7914;14.900;3000;3050;2.09732445e-04
7915;12.400;3300;3350;2.09708083e-04
7916;8.100;3000;3050;2.09636706e-04
7917;8.300;2300;2350;2.09552793e-04
7918;14.700;2350;2400;2.08943577e-04
7919;15.700;2050;2100;2.08828697e-04
7920;14.600;3250;3300;2.08102221e-04
7921;14.000;4550;4600;2.07793991e-04
7922;7.400;1600;1650;2.07681453e-04
7923;10.400;1950;2000;2.07589912e-04
7924;3.700;1300;1350;2.07574993e-04
7925;3.300;1300;1350;2.07439943e-04
7926;3.600;2000;2050;2.07402078e-04
7927;12.400;2350;2400;2.07275356e-04
7928;4.400;4650;4700;2.07013064e-04
7929;2.600;850;900;2.06736182e-04
7930;3.500;850;900;2.06594813e-04
7931;4.200;3950;4000;2.06529646e-04
7932;7.900;2650;2700;2.06022490e-04
7933;2.800;850;900;2.05821319e-04
7934;5.400;2700;2750;2.05616764e-04
7935;8.400;2400;2450;2.05535975e-04
7936;1.900;1900;1950;2.05109716e-04
7937;14.800;3000;3050;2.04949789e-04
7938;9.200;2400;2450;2.04125398e-04
7939;0.400;2150;2200;2.03989384e-04
7940;6.100;3600;3650;2.03815735e-04
7941;2.100;950;1000;2.03773373e-04
7942;7.900;3450;3500;2.03541366e-04
7943;1.600;1800;1850;2.03430480e-04
7944;13.200;2400;2450;2.03090982e-04
7945;8.000;2550;2600;2.02205620e-04
7946;14.900;3250;3300;2.01986844e-04
7947;15.500;2850;2900;2.01917909e-04
7948;6.400;2450;2500;2.01405567e-04
7949;2.200;1400;1450;2.01341401e-04
7950;2.500;850;900;2.01257589e-04
7951;2.300;950;1000;2.01227774e-04
7952;7.500;1650;1700;2.01185385e-04
7953;2.900;850;900;2.00627171e-04
7954;2.600;550;600;2.00517481e-04
7955;8.900;2700;2750;2.00180510e-04
7956;12.000;2600;2650;2.00041311e-04
7957;7.800;1500;1550;1.99891223e-04
7958;0.200;2150;2200;1.99781500e-04
7959;9.400;2400;2450;1.99750035e-04
7960;13.000;4000;4050;1.99466839e-04
7961;4.300;3950;4000;1.99238809e-04
7962;12.500;3150;3200;1.99174220e-04
7963;4.200;4050;4100;1.98758703e-04
7964;2.400;850;900;1.98626114e-04
7965;3.000;850;900;1.98306676e-04
7966;13.800;2250;2300;1.98244370e-04
7967;10.700;1800;1850;1.98074962e-04
7968;10.600;2000;2050;1.97834744e-04
7969;13.000;3650;3700;1.97646441e-04
7970;8.200;2500;2550;1.96727155e-04
7971;8.100;2750;2800;1.96582399e-04
7972;5.400;2900;2950;1.95883431e-04
7973;1.300;650;700;1.95649993e-04
7974;14.500;4200;4250;1.95623141e-04
7975;8.500;2400;2450;1.95615359e-04
7976;4.500;4000;4050;1.94834395e-04
7977;6.300;3600;3650;1.94690835e-04
7978;10.700;1950;2000;1.93971151e-04
7979;8.500;3300;3350;1.93884552e-04
7980;7.500;1100;1150;1.93843907e-04
7981;13.600;2650;2700;1.93747394e-04
7982;9.700;2650;2700;1.93683134e-04
7983;9.700;2400;2450;1.92490171e-04
7984;13.100;3000;3050;1.92479615e-04
7985;0.400;2500;2550;1.92014657e-04
7986;12.000;2650;2700;1.91847139e-04
7987;15.500;2250;2300;1.91776749e-04
7988;3.700;1600;1650;1.91576631e-04
7989;13.000;3750;3800;1.91080128e-04
7990;1.000;2550;2600;1.90741625e-04
7991;12.100;2700;2750;1.90488153e-04
7992;7.400;1650;1700;1.90286575e-04
7993;13.200;3450;3500;1.89985244e-04
7994;3.300;1400;1450;1.89984924e-04
7995;8.700;2650;2700;1.89603943e-04
7996;12.200;3450;3500;1.89452479e-04
7997;1.800;1650;1700;1.89356803e-04
7998;10.200;1950;2000;1.89159099e-04
7999;10.900;2150;2200;1.88988140e-04
8000;3.800;850;900;1.88436398e-04
8001;12.500;2750;2800;1.88430287e-04
8002;8.200;2950;3000;1.88166692e-04
8003;5.200;4200;4250;1.88076277e-04
8004;7.500;2750;2800;1.87788080e-04
8005;3.600;1350;1400;1.86968205e-04
8006;5.800;1800;1850;1.86528722e-04
8007;10.000;2250;2300;1.86212023e-04
8008;12.300;3450;3500;1.86071182e-04
8009;14.300;4000;4050;1.85826311e-04
8010;2.700;1850;1900;1.85678275e-04
8011;10.400;2000;2050;1.85596458e-04
8012;1.000;3300;3350;1.85223523e-04
8013;5.600;3650;3700;1.84840006e-04
8014;1.900;700;750;1.84169887e-04
8015;9.800;2500;2550;1.84016915e-04
8016;12.400;3100;3150;1.83356919e-04
8017;8.400;2800;2850;1.83290931e-04
8018;14.900;2700;2750;1.83211131e-04
8019;14.200;4650;4700;1.83086744e-04
8020;14.800;2400;2450;1.80993632e-04
8021;13.000;3500;3550;1.80866941e-04
8022;3.100;850;900;1.80764610e-04
8023;14.900;2550;2600;1.80665446e-04
8024;7.000;2750;2800;1.80566881e-04
8025;3.500;1300;1350;1.79931890e-04
8026;3.700;1350;1400;1.79685790e-04
8027;13.200;3200;3250;1.79540389e-04
8028;14.100;3850;3900;1.79382975e-04
8029;13.100;3100;3150;1.79369592e-04
8030;11.600;1150;1200;1.79216392e-04
8031;4.300;2950;3000;1.79048388e-04
8032;11.000;2150;2200;1.78745300e-04
8033;10.700;2150;2200;1.78733607e-04
8034;4.800;3250;3300;1.77624798e-04
8035;12.300;2700;2750;1.77600253e-04
8036;5.900;2700;2750;1.77379122e-04
8037;5.900;2500;2550;1.77053168e-04
8038;12.700;2700;2750;1.76978113e-04
8039;2.500;950;1000;1.76784396e-04
8040;3.800;1650;1700;1.76487946e-04
8041;13.200;3400;3450;1.76415467e-04
8042;15.300;3000;3050;1.76367192e-04
8043;12.000;2800;2850;1.76045436e-04
8044;3.800;1250;1300;1.75954970e-04
8045;2.400;950;1000;1.75949996e-04
8046;1.100;2200;2250;1.75891697e-04
8047;2.800;1500;1550;1.75855650e-04
8048;14.500;3800;3850;1.75688772e-04
8049;4.600;3450;3500;1.75636935e-04
8050;4.400;3950;4000;1.75617531e-04
8051;4.800;3000;3050;1.75365224e-04
8052;15.400;2750;2800;1.75260562e-04
8053;2.500;0;50;1.75219445e-04
8054;3.600;1600;1650;1.74960637e-04
8055;5.800;2050;2100;1.74898187e-04
8056;8.300;2650;2700;1.74791047e-04
8057;14.300;3900;3950;1.74652914e-04
8058;3.200;850;900;1.74266627e-04
8059;2.800;0;50;1.74223866e-04
8060;6.300;2800;2850;1.73728174e-04
8061;8.000;3200;3250;1.73432868e-04
8062;15.800;2200;2250;1.72565126e-04
8063;11.100;1900;1950;1.72279016e-04
8064;4.500;3450;3500;1.71807115e-04
8065;13.600;2250;2300;1.71792448e-04
8066;8.200;2800;2850;1.71597209e-04
8067;4.700;3450;3500;1.71477022e-04
8068;8.000;2350;2400;1.71226502e-04
8069;12.000;2350;2400;1.71150210e-04
8070;8.800;2550;2600;1.70924171e-04
8071;15.300;2350;2400;1.70747174e-04
8072;15.400;2500;2550;1.70723540e-04
8073;13.700;2250;2300;1.70500988e-04
8074;15.200;3250;3300;1.69514479e-04
8075;12.200;2500;2550;1.69513465e-04
8076;11.000;1900;1950;1.68517482e-04
8077;14.500;3600;3650;1.68427166e-04
8078;2.600;950;1000;1.68285739e-04
8079;7.300;1500;1550;1.67848568e-04
8080;14.800;3050;3100;1.67844266e-04
8081;14.400;3850;3900;1.67815109e-04
8082;0.600;1150;1200;1.67752964e-04
8083;4.200;3500;3550;1.67561616e-04
8084;5.300;2900;2950;1.67451160e-04
8085;5.400;4950;5000;1.67172393e-04
8086;4.100;4300;4350;1.67099175e-04
8087;12.400;2500;2550;1.66649134e-04
8088;14.200;3400;3450;1.66565216e-04
8089;5.200;4500;4550;1.66471218e-04
8090;6.400;2400;2450;1.66378461e-04
8091;6.200;2650;2700;1.66074540e-04
8092;6.600;2850;2900;1.65836110e-04
8093;8.300;3250;3300;1.65492913e-04
8094;8.500;2750;2800;1.65398609e-04
8095;2.700;1100;1150;1.65190459e-04
8096;7.700;1900;1950;1.65031929e-04
8097;13.500;2650;2700;1.64876659e-04
8098;4.900;3000;3050;1.64707901e-04
8099;6.100;2050;2100;1.64396581e-04
8100;11.900;2100;2150;1.64358158e-04
8101;14.900;3450;3500;1.64224963e-04
8102;15.000;2700;2750;1.64097728e-04
8103;11.900;2150;2200;1.63374058e-04
8104;6.000;2200;2250;1.63243056e-04
8105;2.200;1850;1900;1.62956748e-04
8106;4.900;2950;3000;1.62755103e-04
8107;5.300;2700;2750;1.62212461e-04
8108;11.200;1700;1750;1.61875219e-04
8109;0.500;1500;1550;1.61872919e-04
8110;7.600;1100;1150;1.61112877e-04
8111;0.900;3200;3250;1.60957118e-04
8112;11.800;1150;1200;1.60925089e-04
8113;3.300;850;900;1.60881172e-04
8114;8.600;3300;3350;1.59925542e-04
8115;8.700;3300;3350;1.59778185e-04
8116;15.700;2250;2300;1.59351972e-04
8117;9.100;2300;2350;1.59158437e-04
8118;10.300;1950;2000;1.59155105e-04
8119;12.300;3100;3150;1.59021013e-04
8120;8.500;2350;2400;1.59010283e-04
8121;2.300;850;900;1.58978261e-04
8122;14.800;3600;3650;1.58903868e-04
8123;5.100;4750;4800;1.58792614e-04
8124;3.500;550;600;1.58759466e-04
8125;15.400;3450;3500;1.58607872e-04
8126;15.200;2050;2100;1.58567386e-04
8127;0.800;1950;2000;1.58325534e-04
8128;6.700;3200;3250;1.57903141e-04
8129;3.300;1650;1700;1.57577753e-04
8130;13.600;2800;2850;1.57574307e-04
8131;8.400;2600;2650;1.57335585e-04
8132;4.500;4800;4850;1.57036843e-04
8133;9.400;2300;2350;1.56986277e-04
8134;4.200;3900;3950;1.56598645e-04
8135;11.300;2000;2050;1.56398666e-04
8136;14.900;2600;2650;1.56047149e-04
8137;2.700;950;1000;1.55980204e-04
8138;1.200;2400;2450;1.55855478e-04
8139;3.400;1650;1700;1.55804584e-04
8140;11.400;2100;2150;1.55490785e-04
8141;7.700;1500;1550;1.55107219e-04
8142;8.100;2400;2450;1.55018554e-04
8143;13.100;3500;3550;1.54801475e-04
8144;12.500;2550;2600;1.54694279e-04
8145;8.400;3000;3050;1.54651296e-04
8146;2.400;700;750;1.54388359e-04
8147;8.200;3400;3450;1.54207718e-04
8148;9.200;2250;2300;1.54191958e-04
8149;14.700;2250;2300;1.53526466e-04
8150;13.100;4050;4100;1.53344851e-04
8151;9.000;3000;3050;1.53279151e-04
8152;15.100;2800;2850;1.52385517e-04
8153;4.900;4450;4500;1.51882603e-04
8154;6.400;3600;3650;1.51739200e-04
8155;10.800;1950;2000;1.51534760e-04
8156;11.600;2100;2150;1.51500775e-04
8157;11.700;1700;1750;1.51491623e-04
8158;5.800;2500;2550;1.51434102e-04
8159;12.200;3150;3200;1.51291480e-04
8160;5.300;2600;2650;1.51264645e-04
8161;3.900;3250;3300;1.50364859e-04
8162;15.800;1600;1650;1.49767007e-04
8163;2.200;850;900;1.49080415e-04
8164;8.900;3550;3600;1.48781839e-04
8165;14.700;3650;3700;1.48479075e-04
8166;2.800;1100;1150;1.48335391e-04
8167;4.700;3250;3300;1.48271064e-04
8168;11.500;1700;1750;1.47973268e-04
8169;11.900;2050;2100;1.47757168e-04
8170;0.900;2250;2300;1.47327253e-04
8171;2.500;1100;1150;1.46574878e-04
8172;8.200;3100;3150;1.46293986e-04
8173;12.500;3050;3100;1.46218826e-04
8174;3.700;850;900;1.46200180e-04
8175;2.600;1100;1150;1.46015473e-04
8176;1.600;1700;1750;1.45983678e-04
8177;15.500;3000;3050;1.45481105e-04
8178;1.800;1500;1550;1.45159605e-04
8179;3.500;1600;1650;1.45086362e-04
8180;9.400;2650;2700;1.44227856e-04
8181;12.600;2800;2850;1.44211901e-04
8182;8.100;2300;2350;1.43972545e-04
8183;15.400;2350;2400;1.43959595e-04
8184;3.600;700;750;1.43453048e-04
8185;6.400;3200;3250;1.43356346e-04
8186;3.400;1300;1350;1.43099304e-04
8187;5.500;2900;2950;1.43048489e-04
8188;3.100;1600;1650;1.42944167e-04
8189;9.500;2300;2350;1.42927129e-04
8190;4.300;4800;4850;1.42372222e-04
8191;10.800;2050;2100;1.42199487e-04
8192;1.000;2950;3000;1.42140196e-04
8193;1.100;2050;2100;1.42124955e-04
8194;15.200;3200;3250;1.42123025e-04
8195;14.800;2600;2650;1.42071398e-04
8196;5.900;3650;3700;1.41747829e-04
8197;1.000;3100;3150;1.41645774e-04
8198;1.800;1100;1150;1.41612902e-04
8199;4.600;3200;3250;1.41376848e-04
8200;3.400;850;900;1.41297682e-04
8201;13.900;1950;2000;1.40915120e-04
8202;12.900;2500;2550;1.40664146e-04
8203;12.300;2650;2700;1.40171276e-04
8204;14.200;4000;4050;1.40088183e-04
8205;14.100;4100;4150;1.40084491e-04
8206;14.300;4650;4700;1.39809884e-04
8207;3.200;1650;1700;1.39381542e-04
8208;9.800;2400;2450;1.39356683e-04
8209;2.500;700;750;1.39277079e-04
8210;14.500;4450;4500;1.39060893e-04
8211;8.200;3350;3400;1.38553431e-04
8212;0.200;2950;3000;1.38522616e-04
8213;7.900;4350;4400;1.38464690e-04
8214;15.200;2350;2400;1.38332441e-04
8215;13.600;2550;2600;1.38324887e-04
8216;14.600;4450;4500;1.38264520e-04
8217;2.400;1100;1150;1.37932275e-04
8218;8.400;2350;2400;1.37869264e-04
8219;15.000;2350;2400;1.37361075e-04
8220;8.000;3450;3500;1.37328073e-04
8221;15.100;3150;3200;1.37201460e-04
8222;0.300;1950;2000;1.37140280e-04
8223;2.300;700;750;1.37066116e-04
8224;3.700;2000;2050;1.36344899e-04
8225;3.000;1100;1150;1.36261202e-04
8226;14.800;3350;3400;1.36159562e-04
8227;12.200;2600;2650;1.36143836e-04
8228;13.800;2900;2950;1.35974340e-04
8229;12.700;2950;3000;1.35904690e-04
8230;15.600;2450;2500;1.35879360e-04
8231;15.800;2500;2550;1.35678891e-04
8232;8.400;3100;3150;1.35440008e-04
8233;0.400;2000;2050;1.35202392e-04
8234;8.900;3250;3300;1.35180542e-04
8235;10.800;1800;1850;1.35078714e-04
8236;5.100;4700;4750;1.35066683e-04
8237;15.900;2850;2900;1.35015111e-04
8238;13.900;2300;2350;1.34751452e-04
8239;4.400;4100;4150;1.34671380e-04
8240;13.000;3700;3750;1.34662235e-04
8241;4.300;4050;4100;1.34659863e-04
8242;10.800;2150;2200;1.34463051e-04
8243;3.600;900;950;1.34311436e-04
8244;12.600;2600;2650;1.34240649e-04
8245;11.200;1800;1850;1.33931753e-04
8246;9.400;2850;2900;1.33926041e-04
8247;14.000;4000;4050;1.33791554e-04
8248;0.400;2350;2400;1.33407383e-04
8249;3.600;1100;1150;1.33340722e-04
8250;3.900;4300;4350;1.33162519e-04
8251;2.700;550;600;1.33048239e-04
8252;2.000;1900;1950;1.32542426e-04
8253;14.300;3750;3800;1.32521467e-04
8254;4.300;4100;4150;1.32502570e-04
8255;9.500;2900;2950;1.32043076e-04
8256;15.900;2500;2550;1.32020960e-04
8257;11.300;1800;1850;1.31463246e-04
8258;12.200;2450;2500;1.31350880e-04
8259;13.600;3200;3250;1.31273953e-04
8260;4.200;4600;4650;1.31228456e-04
8261;6.200;2050;2100;1.31159407e-04
8262;12.400;2800;2850;1.31031822e-04
8263;7.700;1100;1150;1.30677287e-04
8264;15.300;2550;2600;1.30654284e-04
8265;2.900;1100;1150;1.29876682e-04
8266;13.700;3200;3250;1.29869863e-04
8267;1.600;850;900;1.29686017e-04
8268;9.200;2350;2400;1.29202219e-04
8269;4.100;4950;5000;1.28949858e-04
8270;14.700;3350;3400;1.28877179e-04
8271;9.500;2650;2700;1.28743729e-04
8272;6.100;2650;2700;1.28503469e-04
8273;8.400;2950;3000;1.28187912e-04
8274;6.200;3150;3200;1.28147541e-04
8275;6.100;2200;2250;1.27793229e-04
8276;11.800;1700;1750;1.27753358e-04
8277;13.300;3150;3200;1.27597740e-04
8278;5.800;3200;3250;1.27422210e-04
8279;6.200;3600;3650;1.27281798e-04
8280;1.700;2800;2850;1.27267889e-04
8281;3.900;4950;5000;1.27247437e-04
8282;15.500;2450;2500;1.27110674e-04
8283;2.800;1850;1900;1.26978338e-04
8284;12.700;3050;3100;1.26779608e-04
8285;1.100;2500;2550;1.26737135e-04
8286;2.800;1650;1700;1.26490337e-04
8287;12.300;2500;2550;1.25947101e-04
8288;5.800;3650;3700;1.25838434e-04
8289;1.700;1800;1850;1.25797144e-04
8290;1.000;2900;2950;1.25792118e-04
8291;0.400;2600;2650;1.24988383e-04
8292;11.100;1800;1850;1.24799625e-04
8293;8.100;3200;3250;1.24441281e-04
8294;10.100;2150;2200;1.24228129e-04
8295;8.000;4350;4400;1.24197254e-04
8296;14.300;4150;4200;1.24184250e-04
8297;13.500;2450;2500;1.24020523e-04
8298;0.300;2300;2350;1.23910771e-04
8299;12.000;3150;3200;1.23770378e-04
8300;14.800;3250;3300;1.23291562e-04
8301;5.900;3150;3200;1.23268603e-04
8302;6.800;2650;2700;1.22968937e-04
8303;1.100;3600;3650;1.22419396e-04
8304;0.900;2700;2750;1.22344907e-04
8305;11.900;1900;1950;1.22261772e-04
8306;14.800;2700;2750;1.22252710e-04
8307;10.900;1950;2000;1.22239602e-04
8308;13.200;2350;2400;1.22218588e-04
8309;0.800;2750;2800;1.22179397e-04
8310;0.300;2900;2950;1.22134819e-04
8311;3.800;1400;1450;1.21658993e-04
8312;1.600;2800;2850;1.21576884e-04
8313;12.000;2400;2450;1.21028795e-04
8314;8.000;3500;3550;1.20657801e-04
8315;6.300;2500;2550;1.19645696e-04
8316;4.400;3200;3250;1.19523295e-04
8317;12.200;3200;3250;1.19387295e-04
8318;9.500;2350;2400;1.19368787e-04
8319;12.200;2750;2800;1.19038241e-04
8320;8.700;2400;2450;1.18867092e-04
8321;12.100;2600;2650;1.18594510e-04
8322;15.700;2500;2550;1.18581076e-04
8323;8.200;3700;3750;1.18406376e-04
8324;10.800;2000;2050;1.18403428e-04
8325;8.900;4100;4150;1.18334665e-04
8326;14.900;2400;2450;1.18323684e-04
8327;13.500;2400;2450;1.18305505e-04
8328;14.400;3050;3100;1.18137683e-04
8329;14.000;3650;3700;1.18124472e-04
8330;2.100;850;900;1.18049131e-04
8331;9.200;2800;2850;1.17645269e-04
8332;9.600;2350;2400;1.17561578e-04
8333;11.800;2100;2150;1.17349862e-04
8334;9.900;2850;2900;1.17024082e-04
8335;12.700;2400;2450;1.16947684e-04
8336;8.000;3750;3800;1.16486307e-04
8337;14.400;3400;3450;1.16008298e-04
8338;8.300;2550;2600;1.15977513e-04
8339;2.300;1100;1150;1.15967462e-04
8340;14.300;4100;4150;1.15933705e-04
8341;14.600;3650;3700;1.15754477e-04
8342;15.000;2600;2650;1.15609429e-04
8343;8.400;2550;2600;1.15532361e-04
8344;13.400;2750;2800;1.15439390e-04
8345;12.700;3150;3200;1.15436415e-04
8346;3.100;1100;1150;1.15268213e-04
8347;4.400;3900;3950;1.15191067e-04
8348;7.700;1650;1700;1.15133635e-04
8349;15.900;2650;2700;1.14947780e-04
8350;8.200;2400;2450;1.14846074e-04
8351;4.300;3900;3950;1.14827247e-04
8352;14.400;3500;3550;1.14814648e-04
8353;2.800;950;1000;1.14707715e-04
8354;3.600;1400;1450;1.14464718e-04
8355;14.100;4600;4650;1.14239888e-04
8356;9.300;2300;2350;1.14206027e-04
8357;15.100;2550;2600;1.14114350e-04
8358;8.900;2950;3000;1.13894451e-04
8359;2.100;2750;2800;1.13407874e-04
8360;4.800;4850;4900;1.12657443e-04
8361;4.100;4550;4600;1.12553435e-04
8362;14.400;3350;3400;1.12383658e-04
8363;13.800;3200;3250;1.12349647e-04
8364;2.200;700;750;1.12258016e-04
8365;15.600;2200;2250;1.12139392e-04
8366;2.000;700;750;1.11751834e-04
8367;14.600;3350;3400;1.11547732e-04
8368;8.000;3550;3600;1.11544161e-04
8369;12.300;2750;2800;1.11478652e-04
8370;6.200;2250;2300;1.11379517e-04
8371;3.900;3550;3600;1.11338286e-04
8372;5.300;4050;4100;1.11296939e-04
8373;3.400;1400;1450;1.10897092e-04
8374;8.200;2550;2600;1.10661980e-04
8375;3.800;1100;1150;1.10629821e-04
8376;12.700;2600;2650;1.10597170e-04
8377;11.400;1800;1850;1.10482111e-04
8378;12.000;3700;3750;1.10404158e-04
8379;14.000;4800;4850;1.09904773e-04
8380;8.000;3250;3300;1.09887032e-04
8381;0.200;2700;2750;1.09762330e-04
8382;6.800;2800;2850;1.09323217e-04
8383;9.300;2400;2450;1.09160636e-04
8384;7.400;2350;2400;1.09119122e-04
8385;12.300;2300;2350;1.09113727e-04
8386;0.200;3000;3050;1.09042417e-04
8387;14.700;3250;3300;1.08953508e-04
8388;14.000;4500;4550;1.08914898e-04
8389;3.100;1650;1700;1.08809195e-04
8390;8.000;3150;3200;1.08675742e-04
8391;14.400;4400;4450;1.08635642e-04
8392;14.700;2950;3000;1.08457265e-04
8393;1.000;3050;3100;1.08039048e-04
8394;5.300;4950;5000;1.07999052e-04
8395;15.300;2400;2450;1.07857308e-04
8396;13.100;3050;3100;1.07844365e-04
8397;4.400;3350;3400;1.07613328e-04
8398;10.900;1800;1850;1.07430189e-04
8399;2.900;1500;1550;1.06990310e-04
8400;15.100;2700;2750;1.06943113e-04
8401;14.000;4850;4900;1.06785767e-04
8402;4.900;2350;2400;1.06447933e-04
8403;14.600;3800;3850;1.05934411e-04
8404;0.700;2600;2650;1.05908128e-04
8405;9.200;2550;2600;1.05735002e-04
8406;13.900;2900;2950;1.05123715e-04
8407;3.500;900;950;1.05051062e-04
8408;8.200;3550;3600;1.05005888e-04
8409;3.500;1400;1450;1.04660972e-04
8410;14.800;4050;4100;1.04557281e-04
8411;3.900;3800;3850;1.04517707e-04
8412;7.900;3250;3300;1.04326263e-04
8413;8.700;2950;3000;1.03990758e-04
8414;4.500;4100;4150;1.03885373e-04
8415;12.600;3150;3200;1.03787871e-04
8416;14.400;4450;4500;1.03665483e-04
8417;1.400;2800;2850;1.03134033e-04
8418;3.900;4700;4750;1.03110413e-04
8419;11.600;1700;1750;1.03076034e-04
8420;13.100;3250;3300;1.02738670e-04
8421;2.000;2350;2400;1.02629226e-04
8422;14.900;3050;3100;1.02597079e-04
8423;15.500;3450;3500;1.02451091e-04
8424;14.000;4200;4250;1.01976254e-04
8425;15.700;2900;2950;1.01917206e-04
8426;15.800;2050;2100;1.01833121e-04
8427;7.900;3400;3450;1.01724290e-04
8428;13.500;2900;2950;1.01597612e-04
8429;14.100;4650;4700;1.01584322e-04
8430;2.200;1700;1750;1.01056674e-04
8431;3.600;1300;1350;1.01048302e-04
8432;6.200;2800;2850;1.00940590e-04
8433;2.100;1900;1950;1.00909808e-04
8434;13.000;4750;4800;1.00858833e-04
8435;0.400;2450;2500;1.00697556e-04
8436;14.200;3500;3550;1.00470590e-04
8437;1.800;2800;2850;1.00244671e-04
8438;12.300;3250;3300;1.00194860e-04
8439;12.400;2700;2750;9.98794883e-05
8440;3.200;1100;1150;9.98751713e-05
8441;3.100;950;1000;9.97267382e-05
8442;3.600;1650;1700;9.96081024e-05
8443;1.100;2300;2350;9.93809927e-05
8444;7.900;2950;3000;9.92957452e-05
8445;2.900;950;1000;9.92633044e-05
8446;13.000;4950;5000;9.92246284e-05
8447;4.300;3700;3750;9.90895503e-05
8448;5.900;2250;2300;9.89722647e-05
8449;12.200;3100;3150;9.88387406e-05
8450;3.600;1250;1300;9.75463901e-05
8451;14.200;4300;4350;9.74658299e-05
8452;0.200;3050;3100;9.71853078e-05
8453;7.900;2400;2450;9.71696004e-05
8454;13.800;2300;2350;9.71389224e-05
8455;13.000;3800;3850;9.70944726e-05
8456;6.500;2250;2300;9.70451289e-05
8457;9.100;2700;2750;9.70153084e-05
8458;8.400;3250;3300;9.69835210e-05
8459;7.800;2000;2050;9.68260523e-05
8460;3.500;1100;1150;9.67587663e-05
8461;0.900;3100;3150;9.67415139e-05
8462;12.500;3300;3350;9.66098226e-05
8463;8.100;3150;3200;9.64981504e-05
8464;3.600;1500;1550;9.60591122e-05
8465;4.900;4250;4300;9.60163762e-05
8466;0.700;2550;2600;9.59864119e-05
8467;8.800;2650;2700;9.58623813e-05
8468;3.000;950;1000;9.58599261e-05
8469;12.200;2700;2750;9.57413797e-05
8470;9.700;2350;2400;9.56922131e-05
8471;14.700;4200;4250;9.55914610e-05
8472;12.600;3450;3500;9.54778004e-05
8473;8.900;3300;3350;9.53962435e-05
8474;13.300;4200;4250;9.53755554e-05
8475;7.600;2750;2800;9.53752199e-05
8476;14.000;4700;4750;9.52292943e-05
8477;13.100;2950;3000;9.49331965e-05
8478;2.200;1100;1150;9.48648615e-05
8479;2.600;700;750;9.48648092e-05
8480;13.200;3900;3950;9.48601763e-05
8481;9.700;2900;2950;9.47977770e-05
8482;1.900;1100;1150;9.44740104e-05
8483;12.300;2350;2400;9.42321792e-05
8484;2.000;850;900;9.41595865e-05
8485;12.500;3600;3650;9.40851391e-05
8486;14.600;3100;3150;9.40242122e-05
8487;14.500;3850;3900;9.38894367e-05
8488;15.100;2400;2450;9.35276300e-05
8489;9.400;2350;2400;9.33295665e-05
8490;13.700;2900;2950;9.33209248e-05
8491;2.100;700;750;9.31148167e-05
8492;12.700;3000;3050;9.29759209e-05
8493;8.000;3050;3100;9.28299848e-05
8494;6.400;2250;2300;9.28148538e-05
8495;14.200;3750;3800;9.28060893e-05
8496;3.700;1400;1450;9.25367075e-05
8497;11.400;2050;2100;9.25069217e-05
8498;9.600;2550;2600;9.24996811e-05
8499;11.000;1800;1850;9.24528289e-05
8500;2.300;1700;1750;9.24380831e-05
8501;8.200;3600;3650;9.24196521e-05
8502;9.100;3250;3300;9.18834498e-05
8503;7.400;2150;2200;9.16577365e-05
8504;14.000;4150;4200;9.14871526e-05
8505;13.600;2400;2450;9.13755896e-05
8506;9.800;2650;2700;9.12366030e-05
8507;13.400;3550;3600;9.12024819e-05
8508;15.600;2900;2950;9.10993243e-05
8509;5.500;2600;2650;9.10096623e-05
8510;2.200;1900;1950;9.09204203e-05
8511;3.800;2000;2050;9.09007519e-05
8512;14.700;2700;2750;9.06976782e-05
8513;7.100;2300;2350;9.06461999e-05
8514;11.500;1800;1850;9.05854806e-05
8515;15.100;3300;3350;9.04357276e-05
8516;8.700;3050;3100;9.03381013e-05
8517;7.600;1500;1550;9.03158629e-05
8518;13.300;2400;2450;9.02500465e-05
8519;9.500;2550;2600;9.01792976e-05
8520;7.800;1100;1150;9.01423403e-05
8521;11.900;2000;2050;9.00996320e-05
8522;13.400;2400;2450;8.98381326e-05
8523;8.600;2400;2450;8.97968954e-05
8524;3.700;1650;1700;8.96805895e-05
8525;8.800;3300;3350;8.91532286e-05
8526;12.700;2550;2600;8.91308528e-05
8527;8.800;3450;3500;8.90839026e-05
8528;1.500;2800;2850;8.86086141e-05
8529;13.400;3150;3200;8.85328455e-05
8530;3.400;1600;1650;8.85225553e-05
8531;15.000;2950;3000;8.81477038e-05
8532;7.900;3700;3750;8.75968290e-05
8533;12.100;2750;2800;8.75799968e-05
8534;15.800;2550;2600;8.71306062e-05
8535;3.200;950;1000;8.71112905e-05
8536;5.100;3750;3800;8.69555853e-05
8537;2.400;1700;1750;8.68374686e-05
8538;4.900;3200;3250;8.67610840e-05
8539;2.800;550;600;8.67202474e-05
8540;0.500;2650;2700;8.67033828e-05
8541;5.400;3050;3100;8.65223101e-05
8542;9.600;2300;2350;8.63077362e-05
8543;5.200;4350;4400;8.62114140e-05
8544;12.200;2950;3000;8.61977049e-05
8545;13.300;3900;3950;8.61092125e-05
8546;3.600;950;1000;8.60179560e-05
8547;0.800;2000;2050;8.60138412e-05
8548;1.700;2100;2150;8.59328317e-05
8549;4.500;3950;4000;8.58745342e-05
8550;1.700;1500;1550;8.58301468e-05
8551;6.300;2250;2300;8.57006251e-05
8552;5.700;2600;2650;8.56147324e-05
8553;11.200;1900;1950;8.55854837e-05
8554;14.100;4450;4500;8.52198327e-05
8555;15.000;3300;3350;8.50914063e-05
8556;6.600;2250;2300;8.50845343e-05
8557;8.000;3400;3450;8.49384030e-05
8558;0.400;2550;2600;8.47425348e-05
8559;12.800;2700;2750;8.47396227e-05
8560;12.800;2550;2600;8.47182325e-05
8561;8.500;3000;3050;8.46648004e-05
8562;14.200;4700;4750;8.46362799e-05
8563;7.900;2800;2850;8.46259831e-05
8564;14.600;4050;4100;8.45409606e-05
8565;2.300;1900;1950;8.44747134e-05
8566;9.000;3200;3250;8.44446951e-05
8567;15.900;2550;2600;8.41247510e-05
8568;8.500;3200;3250;8.41078704e-05
8569;7.300;2150;2200;8.38706621e-05
8570;12.800;3150;3200;8.37141498e-05
8571;3.700;1100;1150;8.36779896e-05
8572;3.300;1100;1150;8.31660756e-05
8573;4.600;3300;3350;8.31363457e-05
8574;1.700;850;900;8.30739820e-05
8575;14.000;4400;4450;8.30004130e-05
8576;5.100;4800;4850;8.26907594e-05
8577;9.200;2300;2350;8.23403796e-05
8578;8.000;4000;4050;8.23220156e-05
8579;6.000;1800;1850;8.21944024e-05
8580;2.100;1100;1150;8.21047272e-05
8581;15.200;3000;3050;8.19544026e-05
8582;8.600;2550;2600;8.18336219e-05
8583;15.300;3450;3500;8.18012597e-05
8584;3.800;1300;1350;8.17929498e-05
8585;8.000;3300;3350;8.17634191e-05
8586;15.600;2250;2300;8.16495481e-05
8587;12.100;2400;2450;8.15563192e-05
8588;14.700;3150;3200;8.13851674e-05
8589;8.700;3150;3200;8.11417398e-05
8590;14.500;4400;4450;8.10660366e-05
8591;9.400;2900;2950;8.08681912e-05
8592;8.000;4200;4250;8.07212979e-05
8593;4.500;2950;3000;8.06338074e-05
8594;15.000;3150;3200;8.05701699e-05
8595;14.500;3550;3600;8.05043475e-05
8596;13.000;4650;4700;8.04372597e-05
8597;14.800;3200;3250;8.03128946e-05
8598;11.700;2100;2150;8.02513177e-05
8599;7.800;1650;1700;8.02392001e-05
8600;13.000;4300;4350;8.00946627e-05
8601;8.300;2350;2400;7.94558662e-05
8602;4.400;4050;4100;7.94056774e-05
8603;3.000;1650;1700;7.91367690e-05
8604;6.700;2250;2300;7.90992089e-05
8605;14.500;4850;4900;7.90425710e-05
8606;8.100;2450;2500;7.89492737e-05
8607;8.400;3450;3500;7.89082363e-05
8608;14.200;4750;4800;7.88427551e-05
8609;4.600;4800;4850;7.86213381e-05
8610;3.700;1500;1550;7.83123710e-05
8611;6.200;2200;2250;7.83006397e-05
8612;5.900;1800;1850;7.82320854e-05
8613;9.900;2400;2450;7.80322509e-05
8614;5.600;2600;2650;7.79354285e-05
8615;2.900;1650;1700;7.79062627e-05
8616;14.800;3150;3200;7.77533131e-05
8617;3.800;700;750;7.77150802e-05
8618;6.300;2050;2100;7.76910846e-05
8619;0.300;3450;3500;7.76846905e-05
8620;3.900;4600;4650;7.76223601e-05
8621;8.300;2600;2650;7.73041173e-05
8622;15.500;2350;2400;7.72752669e-05
8623;1.000;3550;3600;7.70590613e-05
8624;0.400;2300;2350;7.69049163e-05
8625;3.600;650;700;7.68478121e-05
8626;13.300;3850;3900;7.67808791e-05
8627;14.800;3650;3700;7.66288648e-05
8628;12.700;2800;2850;7.65880702e-05
8629;2.100;1700;1750;7.64252856e-05
8630;11.000;1950;2000;7.64174439e-05
8631;14.500;4250;4300;7.63325693e-05
8632;14.700;3200;3250;7.63046260e-05
8633;14.300;4600;4650;7.58705052e-05
8634;12.400;3000;3050;7.58585281e-05
8635;12.700;3450;3500;7.54483628e-05
8636;13.500;3550;3600;7.54103951e-05
8637;1.900;850;900;7.53769555e-05
8638;8.500;2550;2600;7.53598289e-05
8639;15.100;2350;2400;7.53306334e-05
8640;3.700;700;750;7.53305951e-05
8641;4.400;4800;4850;7.52805433e-05
8642;4.700;4100;4150;7.52425692e-05
8643;2.100;1850;1900;7.51587308e-05
8644;5.400;4000;4050;7.46390612e-05
8645;3.900;3600;3650;7.44478508e-05
8646;8.100;2500;2550;7.44180022e-05
8647;4.600;4000;4050;7.42992310e-05
8648;1.000;3350;3400;7.42447289e-05
8649;9.300;2350;2400;7.41337184e-05
8650;4.200;4150;4200;7.40217148e-05
8651;15.500;2750;2800;7.39914595e-05
8652;6.000;3650;3700;7.38419734e-05
8653;6.500;2400;2450;7.36099856e-05
8654;0.300;2050;2100;7.34603633e-05
8655;12.600;2700;2750;7.34500991e-05
8656;2.900;1850;1900;7.30692203e-05
8657;3.200;1600;1650;7.30343441e-05
8658;4.700;4000;4050;7.29911759e-05
8659;7.400;1500;1550;7.29712761e-05
8660;5.600;3050;3100;7.29182885e-05
8661;4.700;4650;4700;7.28769524e-05
8662;2.000;1100;1150;7.27833252e-05
8663;14.400;3550;3600;7.26278177e-05
8664;5.200;4250;4300;7.26266794e-05
8665;7.000;2450;2500;7.25953237e-05
8666;12.200;2550;2600;7.20293834e-05
8667;12.200;3350;3400;7.19362968e-05
8668;4.700;4850;4900;7.18384107e-05
8669;8.700;3450;3500;7.16863385e-05
8670;6.900;2450;2500;7.11164820e-05
8671;9.200;2450;2500;7.09383247e-05
8672;9.400;2550;2600;7.08623581e-05
8673;13.200;3850;3900;7.08456447e-05
8674;0.300;2000;2050;7.07533307e-05
8675;2.400;1900;1950;7.07204840e-05
8676;11.500;2050;2100;7.06302201e-05
8677;13.100;3300;3350;7.04695894e-05
8678;8.600;2700;2750;7.03710164e-05
8679;5.200;3250;3300;7.02974022e-05
8680;14.100;3900;3950;7.02326260e-05
8681;7.900;3150;3200;7.00878517e-05
8682;1.400;650;700;7.00640948e-05
8683;6.800;2250;2300;6.99438216e-05
8684;14.500;4300;4350;6.96310447e-05
8685;13.700;4250;4300;6.96244651e-05
8686;15.200;2800;2850;6.93397531e-05
8687;8.100;2550;2600;6.90252318e-05
8688;8.300;2800;2850;6.89830965e-05
8689;5.200;2550;2600;6.88474228e-05
8690;3.400;1100;1150;6.87640340e-05
8691;8.900;3050;3100;6.84543432e-05
8692;12.100;2300;2350;6.80804194e-05
8693;12.200;2800;2850;6.79770679e-05
8694;0.300;2850;2900;6.77519316e-05
8695;9.800;2350;2400;6.76309891e-05
8696;9.500;2750;2800;6.73768180e-05
8697;8.100;3750;3800;6.69792501e-05
8698;3.900;4500;4550;6.67893701e-05
8699;5.400;2600;2650;6.64583022e-05
8700;13.500;2750;2800;6.63955868e-05
8701;3.800;1500;1550;6.62272516e-05
8702;12.800;3450;3500;6.61984443e-05
8703;3.500;950;1000;6.60734495e-05
8704;11.600;1800;1850;6.60081897e-05
8705;9.700;2300;2350;6.59515775e-05
8706;12.300;3200;3250;6.59509456e-05
8707;1.800;1800;1850;6.59086514e-05
8708;4.500;3350;3400;6.58418810e-05
8709;8.700;3000;3050;6.56181723e-05
8710;5.200;3000;3050;6.55613411e-05
8711;12.300;2600;2650;6.53427574e-05
8712;5.300;3000;3050;6.53366172e-05
8713;5.200;4450;4500;6.53188575e-05
8714;14.000;4350;4400;6.52589824e-05
8715;9.000;3150;3200;6.48193126e-05
8716;9.700;2550;2600;6.48155227e-05
8717;11.800;1900;1950;6.47880483e-05
8718;15.700;2550;2600;6.42643079e-05
8719;0.200;3150;3200;6.42639442e-05
8720;15.300;3250;3300;6.42432501e-05
8721;8.500;2600;2650;6.41041264e-05
8722;0.700;2900;2950;6.39914581e-05
8723;12.500;3000;3050;6.39349457e-05
8724;8.400;3050;3100;6.39161841e-05
8725;6.800;3200;3250;6.38217225e-05
8726;6.000;2700;2750;6.35589426e-05
8727;4.200;3750;3800;6.35426634e-05
8728;11.900;2850;2900;6.35413896e-05
8729;2.000;1850;1900;6.35043465e-05
8730;14.600;3850;3900;6.34872582e-05
8731;5.800;2600;2650;6.34800931e-05
8732;5.600;4050;4100;6.34075581e-05
8733;6.900;2850;2900;6.33849978e-05
8734;12.700;3300;3350;6.32923545e-05
8735;13.100;4950;5000;6.32232974e-05
8736;14.500;3650;3700;6.31846501e-05
8737;15.700;2650;2700;6.31724687e-05
8738;11.700;1900;1950;6.31570511e-05
8739;3.500;1500;1550;6.30382290e-05
8740;5.600;2900;2950;6.30268693e-05
8741;12.100;2450;2500;6.29575086e-05
8742;12.800;2650;2700;6.29413800e-05
8743;13.600;4200;4250;6.28704758e-05
8744;8.500;3250;3300;6.28680391e-05
8745;14.200;4600;4650;6.27561234e-05
8746;4.700;3300;3350;6.26292670e-05
8747;6.500;2450;2500;6.24710145e-05
8748;4.700;3200;3250;6.23613828e-05
8749;13.000;4400;4450;6.22914438e-05
8750;4.900;4400;4450;6.21430372e-05
8751;15.700;2200;2250;6.19018340e-05
8752;11.400;1900;1950;6.18991116e-05
8753;14.500;3950;4000;6.17155824e-05
8754;14.800;3450;3500;6.16969127e-05
8755;13.400;2350;2400;6.15414025e-05
8756;8.300;3350;3400;6.15178434e-05
8757;3.300;950;1000;6.15088058e-05
8758;14.100;4700;4750;6.14550184e-05
8759;1.900;2800;2850;6.13052306e-05
8760;12.400;2650;2700;6.12280295e-05
8761;8.100;2800;2850;6.11340279e-05
8762;3.000;0;50;6.10823069e-05
8763;5.500;3250;3300;6.10676724e-05
8764;12.200;3700;3750;6.10417510e-05
8765;8.500;2800;2850;6.10159218e-05
8766;12.600;3600;3650;6.08931502e-05
8767;8.100;2950;3000;6.08420127e-05
8768;9.800;2900;2950;6.07955867e-05
8769;13.200;2600;2650;6.05724884e-05
8770;11.500;1900;1950;6.05695622e-05
8771;1.100;3150;3200;6.05055647e-05
8772;6.500;3600;3650;6.01589018e-05
8773;2.500;1700;1750;6.01126141e-05
8774;9.900;2500;2550;6.00293511e-05
8775;14.400;4850;4900;5.99288255e-05
8776;15.200;2400;2450;5.98646818e-05
8777;8.100;2350;2400;5.98535154e-05
8778;7.900;3000;3050;5.96909299e-05
8779;3.300;1600;1650;5.96257303e-05
8780;0.600;1350;1400;5.94754869e-05
8781;14.900;3350;3400;5.93762075e-05
8782;8.300;2450;2500;5.92812772e-05
8783;14.300;4750;4800;5.91413638e-05
8784;9.300;2900;2950;5.91021667e-05
8785;4.300;4150;4200;5.89314378e-05
8786;13.600;2900;2950;5.88864378e-05
8787;12.500;3450;3500;5.88384371e-05
8788;12.500;3250;3300;5.87948105e-05
8789;3.900;4650;4700;5.87870229e-05
8790;4.500;3900;3950;5.85378120e-05
8791;15.400;2400;2450;5.85297546e-05
8792;6.700;2400;2450;5.84333511e-05
8793;3.000;1500;1550;5.80736696e-05
8794;14.800;2350;2400;5.80646533e-05
8795;5.500;4000;4050;5.80198929e-05
8796;8.300;3550;3600;5.79669776e-05
8797;1.800;850;900;5.78399259e-05
8798;4.800;3400;3450;5.77912329e-05
8799;2.500;2750;2800;5.77787978e-05
8800;14.300;4300;4350;5.76827141e-05
8801;15.200;3450;3500;5.76169664e-05
8802;4.600;4650;4700;5.76078349e-05
8803;8.100;3600;3650;5.75895931e-05
8804;14.500;3300;3350;5.74771993e-05
8805;8.600;2500;2550;5.74194842e-05
8806;15.400;2950;3000;5.73425452e-05
8807;14.700;3800;3850;5.71890811e-05
8808;8.700;2600;2650;5.70874150e-05
8809;0.200;2300;2350;5.69049357e-05
8810;4.400;4150;4200;5.68166923e-05
8811;5.400;4500;4550;5.67073378e-05
8812;12.300;2550;2600;5.66195359e-05
8813;8.500;2950;3000;5.65516188e-05
8814;8.400;3200;3250;5.63934645e-05
8815;14.600;2700;2750;5.61937882e-05
8816;11.400;2000;2050;5.58899141e-05
8817;0.200;2450;2500;5.58891129e-05
8818;15.100;2600;2650;5.56943884e-05
8819;14.000;4950;5000;5.56370236e-05
8820;14.900;2950;3000;5.55716416e-05
8821;7.000;2850;2900;5.54800947e-05
8822;10.700;2000;2050;5.52398084e-05
8823;4.200;4700;4750;5.51035834e-05
8824;13.500;2350;2400;5.50911726e-05
8825;5.200;3800;3850;5.50180530e-05
8826;3.100;0;50;5.50179752e-05
8827;12.000;2950;3000;5.49334914e-05
8828;14.500;3350;3400;5.48412608e-05
8829;14.600;3300;3350;5.47869000e-05
8830;0.200;2400;2450;5.47612248e-05
8831;3.300;50;100;5.47574151e-05
8832;10.000;2850;2900;5.46773778e-05
8833;10.500;2250;2300;5.45734277e-05
8834;2.400;2750;2800;5.45345652e-05
8835;14.900;3150;3200;5.43302659e-05
8836;2.900;550;600;5.43066010e-05
8837;9.900;2650;2700;5.42229485e-05
8838;4.900;4850;4900;5.41200426e-05
8839;5.200;2900;2950;5.40877016e-05
8840;12.300;2450;2500;5.40244564e-05
8841;11.900;2350;2400;5.37803960e-05
8842;5.400;3250;3300;5.37424076e-05
8843;14.600;4300;4350;5.36033709e-05
8844;11.100;2150;2200;5.35676458e-05
8845;12.900;2600;2650;5.34423116e-05
8846;12.600;3300;3350;5.33794352e-05
8847;13.200;3500;3550;5.31586700e-05
8848;12.000;2550;2600;5.29881277e-05
8849;11.100;1950;2000;5.28190682e-05
8850;12.500;3100;3150;5.27305398e-05
8851;8.100;3300;3350;5.26143504e-05
8852;7.300;2650;2700;5.24764429e-05
8853;8.900;3350;3400;5.23768166e-05
8854;11.100;2200;2250;5.23400973e-05
8855;14.600;4400;4450;5.22862237e-05
8856;15.100;3000;3050;5.22753483e-05
8857;6.300;2200;2250;5.22475286e-05
8858;11.900;2450;2500;5.21353019e-05
8859;12.300;2400;2450;5.20344278e-05
8860;2.500;1900;1950;5.20121595e-05
8861;3.400;0;50;5.19416195e-05
8862;1.300;2150;2200;5.19238360e-05
8863;2.000;1700;1750;5.16658019e-05
8864;3.500;700;750;5.12616376e-05
8865;8.800;2400;2450;5.12443250e-05
8866;3.500;650;700;5.12329746e-05
8867;7.200;2650;2700;5.12084758e-05
8868;13.300;2350;2400;5.11258668e-05
8869;11.900;2500;2550;5.08916703e-05
8870;6.800;2050;2100;5.08901833e-05
8871;6.400;2500;2550;5.08240255e-05
8872;3.500;1700;1750;5.08177836e-05
8873;7.900;3200;3250;5.08038006e-05
8874;4.800;4650;4700;5.06933447e-05
8875;10.100;2250;2300;5.06104978e-05
8876;7.500;1500;1550;5.05963738e-05
8877;13.200;3150;3200;5.05599448e-05
8878;4.800;3200;3250;5.05539528e-05
8879;12.000;3450;3500;5.05509182e-05
8880;5.900;3050;3100;5.04539741e-05
8881;14.400;3950;4000;5.03247470e-05
8882;15.300;3200;3250;5.02828995e-05
8883;10.800;2200;2250;5.02502799e-05
8884;14.500;3500;3550;5.02437155e-05
8885;14.300;3700;3750;5.02383809e-05
8886;9.000;3500;3550;5.01458702e-05
8887;8.000;3600;3650;5.01055470e-05
8888;10.700;2050;2100;5.00985555e-05
8889;4.700;2950;3000;5.00359222e-05
8890;5.500;4950;5000;5.00296424e-05
8891;12.400;2600;2650;4.99853188e-05
8892;12.700;3200;3250;4.99019724e-05
8893;15.800;2900;2950;4.98350148e-05
8894;15.400;2800;2850;4.98315214e-05
8895;13.300;3550;3600;4.98229366e-05
8896;14.400;4650;4700;4.97167399e-05
8897;6.100;2250;2300;4.96998142e-05
8898;11.600;2050;2100;4.96964617e-05
8899;5.300;3100;3150;4.94484778e-05
8900;12.200;3400;3450;4.94162426e-05
8901;0.500;2050;2100;4.92224511e-05
8902;9.200;2700;2750;4.90918176e-05
8903;4.500;4050;4100;4.90720815e-05
8904;6.300;3150;3200;4.89226203e-05
8905;1.700;1700;1750;4.88557514e-05
8906;6.800;2450;2500;4.88510182e-05
8907;12.100;3000;3050;4.87635951e-05
8908;8.100;3250;3300;4.87634464e-05
8909;13.400;4600;4650;4.87539763e-05
8910;15.800;2750;2800;4.87192749e-05
8911;7.900;3550;3600;4.85977675e-05
8912;11.600;1900;1950;4.84586173e-05
8913;8.200;3750;3800;4.81320040e-05
8914;5.700;3650;3700;4.80417544e-05
8915;13.600;2350;2400;4.78852909e-05
8916;15.600;3000;3050;4.78132793e-05
8917;8.100;3700;3750;4.76688233e-05
8918;15.300;2800;2850;4.75687051e-05
8919;1.200;2150;2200;4.75045497e-05
8920;1.300;900;950;4.74846191e-05
8921;12.400;2550;2600;4.74531296e-05
8922;13.000;4800;4850;4.74393341e-05
8923;13.600;2450;2500;4.72711549e-05
8924;12.000;3000;3050;4.72455834e-05
8925;5.400;2550;2600;4.71510348e-05
8926;12.600;3050;3100;4.70912966e-05
8927;8.300;2950;3000;4.70397947e-05
8928;13.100;3950;4000;4.70162457e-05
8929;1.400;2150;2200;4.70076643e-05
8930;11.300;1900;1950;4.68199235e-05
8931;3.300;100;150;4.68042107e-05
8932;4.600;3950;4000;4.67250447e-05
8933;5.300;3500;3550;4.65648498e-05
8934;2.700;700;750;4.64522772e-05
8935;11.500;2000;2050;4.64430221e-05
8936;0.400;2650;2700;4.62642438e-05
8937;2.200;2750;2800;4.62442544e-05
8938;2.600;2750;2800;4.62419494e-05
8939;11.700;1800;1850;4.62363643e-05
8940;9.800;2300;2350;4.60819031e-05
8941;3.700;650;700;4.58428340e-05
8942;8.700;2800;2850;4.55956244e-05
8943;5.700;3050;3100;4.55756589e-05
8944;8.700;3200;3250;4.55301247e-05
8945;14.600;4200;4250;4.55114642e-05
8946;4.400;3550;3600;4.55073471e-05
8947;12.600;2400;2450;4.54829748e-05
8948;8.600;3200;3250;4.53516257e-05
8949;6.900;2050;2100;4.53214595e-05
8950;15.400;2550;2600;4.52759782e-05
8951;12.900;2550;2600;4.52139888e-05
8952;8.200;3200;3250;4.51484757e-05
8953;7.100;2450;2500;4.50823316e-05
8954;14.500;3400;3450;4.49366724e-05
8955;4.800;3450;3500;4.48741621e-05
8956;6.900;2650;2700;4.47751414e-05
8957;8.900;3600;3650;4.47740671e-05
8958;0.800;2800;2850;4.47619481e-05
8959;10.600;2250;2300;4.47189135e-05
8960;8.300;2500;2550;4.45867790e-05
8961;13.000;4550;4600;4.45365012e-05
8962;0.300;3150;3200;4.43761249e-05
8963;12.300;3000;3050;4.43757551e-05
8964;4.800;2950;3000;4.43283367e-05
8965;15.900;3000;3050;4.43049710e-05
8966;15.000;3050;3100;4.41556822e-05
8967;8.500;3100;3150;4.41535763e-05
8968;15.100;3050;3100;4.40486207e-05
8969;8.600;3250;3300;4.39253436e-05
8970;13.300;4600;4650;4.39087224e-05
8971;1.100;2850;2900;4.38828300e-05
8972;15.100;3100;3150;4.38601273e-05
8973;7.800;2300;2350;4.38201245e-05
8974;13.000;4850;4900;4.37268311e-05
8975;0.200;3450;3500;4.35854908e-05
8976;14.700;4050;4100;4.35807634e-05
8977;1.500;650;700;4.35452396e-05
8978;7.700;2750;2800;4.34802401e-05
8979;8.000;3650;3700;4.34634738e-05
8980;13.100;3350;3400;4.34514443e-05
8981;14.700;4250;4300;4.32326286e-05
8982;0.300;3400;3450;4.31443049e-05
8983;11.300;2150;2200;4.29986319e-05
8984;15.000;2550;2600;4.28620972e-05
8985;8.300;3600;3650;4.28610175e-05
8986;5.400;3000;3050;4.28449683e-05
8987;11.900;2900;2950;4.27670011e-05
8988;2.300;2750;2800;4.27424686e-05
8989;5.100;4650;4700;4.26692172e-05
8990;15.500;2900;2950;4.26576650e-05
8991;9.000;3650;3700;4.25271205e-05
8992;7.900;3500;3550;4.23169967e-05
8993;4.700;3900;3950;4.23139710e-05
8994;12.100;3150;3200;4.23049192e-05
8995;15.900;2750;2800;4.23047766e-05
8996;12.300;2800;2850;4.21714292e-05
8997;3.600;2850;2900;4.19021456e-05
8998;14.900;2350;2400;4.18638230e-05
8999;14.800;4450;4500;4.18240506e-05
9000;7.400;2650;2700;4.18218630e-05
9001;9.300;2550;2600;4.17695511e-05
9002;13.700;2450;2500;4.16820167e-05
9003;3.900;4350;4400;4.14594552e-05
9004;15.800;2650;2700;4.13908823e-05
9005;13.900;2450;2500;4.13757149e-05
9006;0.200;2600;2650;4.13541227e-05
9007;9.300;2450;2500;4.12904519e-05
9008;15.200;2700;2750;4.12811371e-05
9009;12.000;4350;4400;4.12676260e-05
9010;5.300;2550;2600;4.11239515e-05
9011;3.400;950;1000;4.10879855e-05
9012;9.100;2600;2650;4.10564934e-05
9013;4.500;4150;4200;4.10423078e-05
9014;0.900;4100;4150;4.09787408e-05
9015;3.200;700;750;4.09304565e-05
9016;12.400;3250;3300;4.08827555e-05
9017;9.300;2700;2750;4.08355097e-05
9018;0.600;2650;2700;4.06901717e-05
9019;6.800;2400;2450;4.06817960e-05
9020;1.400;900;950;4.04882704e-05
9021;2.600;1700;1750;4.04158360e-05
9022;5.200;3450;3500;4.04011610e-05
9023;10.000;2400;2450;4.03366765e-05
9024;13.700;2300;2350;4.03098405e-05
9025;12.600;2350;2400;4.02196229e-05
9026;5.300;4500;4550;4.01289580e-05
9027;3.700;950;1000;4.00658130e-05
9028;4.700;3950;4000;4.00157714e-05
9029;9.000;3050;3100;3.99767554e-05
9030;13.200;2700;2750;3.98976503e-05
9031;14.800;2950;3000;3.98837093e-05
9032;14.800;3300;3350;3.98180455e-05
9033;11.200;2150;2200;3.98109399e-05
9034;14.900;4050;4100;3.97758107e-05
9035;8.900;3650;3700;3.95058153e-05
9036;5.300;4000;4050;3.95051567e-05
9037;8.300;3000;3050;3.94871084e-05
9038;2.600;2350;2400;3.94416711e-05
9039;2.500;2350;2400;3.94131300e-05
9040;13.500;4200;4250;3.94049187e-05
9041;9.900;2350;2400;3.94012055e-05
9042;13.400;2650;2700;3.93824756e-05
9043;10.400;2250;2300;3.93287032e-05
9044;3.600;1750;1800;3.92973744e-05
9045;14.700;3300;3350;3.92657937e-05
9046;3.600;2450;2500;3.92558703e-05
9047;11.500;2150;2200;3.91611350e-05
9048;5.500;3050;3100;3.91606800e-05
9049;15.200;3050;3100;3.91216768e-05
9050;6.600;3150;3200;3.90818207e-05
9051;13.900;4250;4300;3.90642174e-05
9052;7.000;2050;2100;3.90495696e-05
9053;12.400;3050;3100;3.88305163e-05
9054;5.200;3300;3350;3.87641958e-05
9055;12.900;3150;3200;3.86889223e-05
9056;3.000;1850;1900;3.86438408e-05
9057;13.800;2650;2700;3.85958981e-05
9058;0.500;2300;2350;3.85689870e-05
9059;13.700;2400;2450;3.85420047e-05
9060;14.700;3100;3150;3.83246262e-05
9061;15.600;2500;2550;3.82795295e-05
9062;3.600;1850;1900;3.81578443e-05
9063;12.300;3700;3750;3.80894404e-05
9064;5.100;4100;4150;3.80303320e-05
9065;6.900;2400;2450;3.79918375e-05
9066;12.100;2350;2400;3.78249076e-05
9067;13.600;4600;4650;3.75906670e-05
9068;6.700;2050;2100;3.74283844e-05
9069;14.400;4600;4650;3.74150648e-05
9070;3.100;700;750;3.72980282e-05
9071;12.400;2950;3000;3.72591871e-05
9072;15.600;2350;2400;3.70930559e-05
9073;11.900;1950;2000;3.69993236e-05
9074;13.200;4650;4700;3.69914214e-05
9075;8.900;3500;3550;3.69308261e-05
9076;12.000;3200;3250;3.68678070e-05
9077;15.300;2950;3000;3.68632644e-05
9078;11.400;2150;2200;3.68175000e-05
9079;4.600;3900;3950;3.67614842e-05
9080;13.500;3150;3200;3.66945787e-05
9081;3.600;2350;2400;3.66328672e-05
9082;3.700;1850;1900;3.66065465e-05
9083;3.700;900;950;3.66004408e-05
9084;4.700;3350;3400;3.65652633e-05
9085;11.600;2000;2050;3.65621804e-05
9086;12.500;3550;3600;3.65072659e-05
9087;3.500;1350;1400;3.64863029e-05
9088;2.600;1900;1950;3.64833973e-05
9089;8.800;3150;3200;3.64797428e-05
9090;0.900;3300;3350;3.63780669e-05
9091;8.900;3150;3200;3.62679558e-05
9092;4.900;3300;3350;3.62320476e-05
9093;6.500;3150;3200;3.62201546e-05
9094;14.300;4700;4750;3.62008058e-05
9095;14.700;4450;4500;3.61185881e-05
9096;6.900;2800;2850;3.60534684e-05
9097;15.000;3100;3150;3.60193943e-05
9098;5.400;4900;4950;3.59983808e-05
9099;15.200;3300;3350;3.59639019e-05
9100;7.100;2650;2700;3.59557019e-05
9101;0.900;3250;3300;3.59518251e-05
9102;12.500;3650;3700;3.57090785e-05
9103;7.200;2300;2350;3.56000382e-05
9104;5.800;3150;3200;3.55730660e-05
9105;6.800;2850;2900;3.55234362e-05
9106;7.300;2800;2850;3.54196511e-05
9107;8.200;3500;3550;3.52954435e-05
9108;8.900;3450;3500;3.52811117e-05
9109;15.700;2750;2800;3.52733588e-05
9110;4.300;3550;3600;3.52586067e-05
9111;15.300;2700;2750;3.52198866e-05
9112;13.100;4650;4700;3.51039797e-05
9113;12.500;2950;3000;3.49645072e-05
9114;13.900;3200;3250;3.49560908e-05
9115;13.300;3450;3500;3.48949117e-05
9116;13.200;3100;3150;3.48414517e-05
9117;14.200;3700;3750;3.47060932e-05
9118;3.500;2350;2400;3.46542176e-05
9119;14.100;4550;4600;3.46271214e-05
9120;5.900;2600;2650;3.46219862e-05
9121;13.400;4200;4250;3.46206095e-05
9122;2.900;0;50;3.45879507e-05
9123;7.900;2550;2600;3.45855052e-05
9124;12.000;3550;3600;3.45550012e-05
9125;0.200;2800;2850;3.41871321e-05
9126;12.300;2950;3000;3.41852950e-05
9127;12.500;3800;3850;3.41734889e-05
9128;7.200;2800;2850;3.41585386e-05
9129;9.800;2550;2600;3.41523342e-05
9130;9.000;3400;3450;3.41401517e-05
9131;0.400;1950;2000;3.41141077e-05
9132;3.800;2850;2900;3.41060669e-05
9133;14.800;4200;4250;3.40805360e-05
9134;7.900;3950;4000;3.39982468e-05
9135;14.100;3950;4000;3.39870599e-05
9136;9.600;2700;2750;3.39061748e-05
9137;4.800;4000;4050;3.38811604e-05
9138;10.600;2200;2250;3.38243587e-05
9139;0.600;1500;1550;3.37680123e-05
9140;8.800;3400;3450;3.37598495e-05
9141;13.600;3550;3600;3.36784926e-05
9142;12.100;2800;2850;3.36745592e-05
9143;5.200;4300;4350;3.36026875e-05
9144;6.400;2700;2750;3.35836145e-05
9145;12.500;4100;4150;3.35692716e-05
9146;9.000;3300;3350;3.34937988e-05
9147;15.400;2700;2750;3.34561808e-05
9148;5.300;4900;4950;3.33865764e-05
9149;0.700;2300;2350;3.33156320e-05
9150;13.200;4050;4100;3.31785372e-05
9151;8.300;3400;3450;3.31758080e-05
9152;12.400;3550;3600;3.28529021e-05
9153;14.700;3850;3900;3.28315755e-05
9154;0.200;3200;3250;3.28281810e-05
9155;13.300;3400;3450;3.28022457e-05
9156;14.000;4250;4300;3.27672617e-05
9157;8.600;3000;3050;3.27612643e-05
9158;7.600;2350;2400;3.27180550e-05
9159;9.100;3550;3600;3.26429381e-05
9160;15.600;3250;3300;3.26370322e-05
9161;8.600;2750;2800;3.26060224e-05
9162;3.600;2050;2100;3.25814612e-05
9163;6.500;2700;2750;3.25774544e-05
9164;6.400;2200;2250;3.25448276e-05
9165;6.400;2050;2100;3.24944963e-05
9166;1.400;3200;3250;3.24922960e-05
9167;8.600;2600;2650;3.24169410e-05
9168;7.900;4000;4050;3.24137887e-05
9169;1.400;2350;2400;3.23768307e-05
9170;3.300;700;750;3.23514750e-05
9171;8.900;3200;3250;3.23293494e-05
9172;12.800;2800;2850;3.23286870e-05
9173;14.700;3550;3600;3.22206908e-05
9174;15.500;2800;2850;3.22147642e-05
9175;6.900;2250;2300;3.21116183e-05
9176;8.400;3750;3800;3.21101187e-05
9177;5.300;3350;3400;3.20646770e-05
9178;6.600;2400;2450;3.20536137e-05
9179;4.600;2950;3000;3.19801182e-05
9180;5.200;3850;3900;3.19555317e-05
9181;12.700;3100;3150;3.19303983e-05
9182;14.900;3600;3650;3.18397103e-05
9183;1.500;2150;2200;3.18087186e-05
9184;6.100;1800;1850;3.17804185e-05
9185;2.100;2350;2400;3.17505065e-05
9186;7.600;2300;2350;3.16493323e-05
9187;3.800;650;700;3.15398081e-05
9188;0.500;2500;2550;3.15247861e-05
9189;3.600;2250;2300;3.14691251e-05
9190;4.300;4600;4650;3.14525717e-05
9191;4.800;4100;4150;3.13915481e-05
9192;14.400;3750;3800;3.13664755e-05
9193;2.700;2350;2400;3.13562729e-05
9194;4.200;4750;4800;3.13137179e-05
9195;3.600;2200;2250;3.12777758e-05
9196;12.400;4100;4150;3.11978039e-05
9197;12.800;3400;3450;3.09795537e-05
9198;3.100;1500;1550;3.09353542e-05
9199;14.500;3900;3950;3.08810433e-05
9200;5.400;4200;4250;3.08729401e-05
9201;14.200;4950;5000;3.08018400e-05
9202;8.700;3250;3300;3.07907981e-05
9203;8.300;3700;3750;3.07581085e-05
9204;7.900;4400;4450;3.07071006e-05
9205;1.200;3200;3250;3.07053424e-05
9206;7.400;2800;2850;3.06280035e-05
9207;15.500;2400;2450;3.06241775e-05
9208;11.400;2200;2250;3.06228329e-05
9209;14.400;3900;3950;3.06174866e-05
9210;7.000;2400;2450;3.05827708e-05
9211;4.400;3700;3750;3.05727449e-05
9212;3.800;900;950;3.05688639e-05
9213;15.200;2600;2650;3.05625115e-05
9214;14.700;4100;4150;3.05315957e-05
9215;0.900;3550;3600;3.02818245e-05
9216;14.600;3400;3450;3.02379282e-05
9217;2.400;2350;2400;3.02372996e-05
9218;10.000;2900;2950;3.02251738e-05
9219;3.500;3200;3250;3.02000584e-05
9220;3.500;2200;2250;3.01922502e-05
9221;4.200;4100;4150;3.01865343e-05
9222;5.300;4200;4250;3.01595804e-05
9223;0.500;2000;2050;3.01503968e-05
9224;4.300;3750;3800;3.01401799e-05
9225;8.600;2800;2850;3.00907136e-05
9226;8.000;3100;3150;3.00645975e-05
9227;3.700;1750;1800;2.99794446e-05
9228;3.600;1700;1750;2.99122592e-05
9229;0.300;2150;2200;2.99069975e-05
9230;8.000;4300;4350;2.98584141e-05
9231;10.700;2250;2300;2.98313758e-05
9232;5.800;3050;3100;2.98298570e-05
9233;9.000;2950;3000;2.97967257e-05
9234;7.000;2650;2700;2.97659057e-05
9235;8.800;3250;3300;2.97601490e-05
9236;4.600;4100;4150;2.97297833e-05
9237;13.600;3900;3950;2.96675171e-05
9238;0.400;3000;3050;2.95582074e-05
9239;3.500;2250;2300;2.94609385e-05
9240;5.500;3800;3850;2.94063636e-05
9241;2.700;2750;2800;2.93344179e-05
9242;11.300;1950;2000;2.92537275e-05
9243;4.400;3750;3800;2.91324282e-05
9244;10.700;2200;2250;2.91236736e-05
9245;2.200;2100;2150;2.90733031e-05
9246;14.100;4800;4850;2.90705509e-05
9247;15.500;2950;3000;2.89754790e-05
9248;15.200;3150;3200;2.88849087e-05
9249;2.700;1900;1950;2.87589332e-05
9250;5.500;2550;2600;2.86980011e-05
9251;7.800;1900;1950;2.86765154e-05
9252;8.200;3950;4000;2.86494843e-05
9253;1.300;2400;2450;2.86177016e-05
9254;2.000;2800;2850;2.86046832e-05
9255;15.600;3200;3250;2.85246972e-05
9256;14.100;3800;3850;2.85159849e-05
9257;9.400;2450;2500;2.84586597e-05
9258;3.600;2800;2850;2.84139981e-05
9259;1.000;3250;3300;2.83866815e-05
9260;7.500;2350;2400;2.83800142e-05
9261;1.000;3700;3750;2.82770343e-05
9262;6.400;3150;3200;2.82727565e-05
9263;13.000;4450;4500;2.82293044e-05
9264;14.400;4100;4150;2.82213070e-05
9265;0.700;2800;2850;2.81492971e-05
9266;11.200;1950;2000;2.81472929e-05
9267;5.100;4850;4900;2.80916835e-05
9268;15.500;2500;2550;2.80377532e-05
9269;15.600;3450;3500;2.80236144e-05
9270;15.600;2750;2800;2.79311137e-05
9271;15.500;3250;3300;2.77879494e-05
9272;12.600;3650;3700;2.77832224e-05
9273;12.300;3400;3450;2.77805142e-05
9274;14.500;4100;4150;2.77480971e-05
9275;5.400;3550;3600;2.76879621e-05
9276;3.500;2050;2100;2.74142395e-05
9277;12.200;3600;3650;2.73875056e-05
9278;2.800;1900;1950;2.73670707e-05
9279;12.200;3550;3600;2.73640106e-05
9280;1.900;1800;1850;2.73593250e-05
9281;6.300;2850;2900;2.73359703e-05
9282;11.900;2400;2450;2.73247846e-05
9283;13.600;3850;3900;2.73034892e-05
9284;0.400;2900;2950;2.72210130e-05
9285;5.600;2550;2600;2.71824683e-05
9286;3.500;1850;1900;2.71321198e-05
9287;5.200;3400;3450;2.71294651e-05
9288;14.500;3750;3800;2.71228237e-05
9289;10.300;2900;2950;2.71116283e-05
9290;1.100;2550;2600;2.70099816e-05
9291;2.900;1900;1950;2.68335320e-05
9292;15.400;3250;3300;2.67442344e-05
9293;5.600;3250;3300;2.65690522e-05
9294;12.700;2350;2400;2.65496117e-05
9295;4.600;3350;3400;2.65329279e-05
9296;10.300;2850;2900;2.64616028e-05
9297;3.000;550;600;2.63648586e-05
9298;4.900;4650;4700;2.63548617e-05
9299;0.600;2400;2450;2.63153467e-05
9300;8.700;3100;3150;2.62747309e-05
9301;11.500;1950;2000;2.62668499e-05
9302;7.100;2400;2450;2.61250911e-05
9303;9.100;3400;3450;2.60883116e-05
9304;4.300;3500;3550;2.60801633e-05
9305;2.100;2100;2150;2.59674568e-05
9306;15.500;3150;3200;2.59646532e-05
9307;7.200;2400;2450;2.58761419e-05
9308;8.700;3400;3450;2.58206549e-05
9309;14.600;3150;3200;2.58091986e-05
9310;8.000;4400;4450;2.57959661e-05
9311;8.100;3100;3150;2.57952956e-05
9312;15.300;3050;3100;2.57624551e-05
9313;12.700;3350;3400;2.57139866e-05
9314;9.900;2900;2950;2.56430778e-05
9315;1.000;3950;4000;2.55691345e-05
9316;15.300;3150;3200;2.55659833e-05
9317;14.100;4150;4200;2.55319727e-05
9318;7.500;2650;2700;2.54250992e-05
9319;9.000;3350;3400;2.53782282e-05
9320;5.100;4550;4600;2.53614152e-05
9321;0.900;3350;3400;2.53328170e-05
9322;7.700;2300;2350;2.52302326e-05
9323;1.700;2400;2450;2.51542559e-05
9324;0.800;2050;2100;2.51129659e-05
9325;12.900;3000;3050;2.50474046e-05
9326;3.200;0;50;2.50082772e-05
9327;7.100;2850;2900;2.49595494e-05
9328;6.700;3150;3200;2.49329825e-05
9329;6.000;2250;2300;2.49267924e-05
9330;4.500;4650;4700;2.48500681e-05
9331;15.400;2600;2650;2.47001220e-05
9332;12.800;2600;2650;2.46204473e-05
9333;5.200;3950;4000;2.46119600e-05
9334;1.600;2400;2450;2.45649866e-05
9335;11.600;1950;2000;2.45380771e-05
9336;12.200;3050;3100;2.45307610e-05
9337;8.600;3150;3200;2.44798319e-05
9338;11.800;1800;1850;2.44493769e-05
9339;14.400;4800;4850;2.44226793e-05
9340;7.800;2750;2800;2.43775558e-05
9341;10.100;2850;2900;2.42864093e-05
9342;12.200;3950;4000;2.42748679e-05
9343;6.700;2450;2500;2.41172563e-05
9344;11.700;1950;2000;2.40614063e-05
9345;12.600;3250;3300;2.40424524e-05
9346;9.300;3550;3600;2.39929347e-05
9347;15.700;3250;3300;2.39662093e-05
9348;2.300;2100;2150;2.38829762e-05
9349;13.800;4250;4300;2.38778813e-05
9350;14.100;3750;3800;2.38553468e-05
9351;7.300;2300;2350;2.38050491e-05
9352;7.900;3300;3350;2.37802717e-05
9353;7.900;3050;3100;2.37531060e-05
9354;7.100;2800;2850;2.37421237e-05
9355;1.500;3200;3250;2.37324954e-05
9356;12.200;3500;3550;2.37281337e-05
9357;8.400;3600;3650;2.37256200e-05
9358;8.600;3450;3500;2.36571246e-05
9359;14.300;4950;5000;2.35998978e-05
9360;3.800;1700;1750;2.35897571e-05
9361;11.800;1950;2000;2.35696143e-05
9362;1.000;3650;3700;2.35599472e-05
9363;0.900;3700;3750;2.35135459e-05
9364;10.100;2900;2950;2.35055211e-05
9365;4.800;3950;4000;2.35018237e-05
9366;6.000;2900;2950;2.34910125e-05
9367;6.700;2850;2900;2.34906012e-05
9368;0.700;2650;2700;2.34462046e-05
9369;12.100;2950;3000;2.34339596e-05
9370;15.800;3000;3050;2.33936818e-05
9371;7.100;2050;2100;2.33429958e-05
9372;5.400;3800;3850;2.33408764e-05
9373;13.000;4350;4400;2.33373209e-05
9374;3.800;950;1000;2.33331870e-05
9375;3.000;1900;1950;2.32795102e-05
9376;8.000;3950;4000;2.32671504e-05
9377;0.200;2350;2400;2.32508555e-05
9378;12.400;3450;3500;2.32382744e-05
9379;12.000;3100;3150;2.32198326e-05
9380;6.600;2700;2750;2.31916280e-05
9381;0.900;3800;3850;2.31786636e-05
9382;9.900;2750;2800;2.31518960e-05
9383;11.600;2150;2200;2.30518298e-05
9384;9.000;4100;4150;2.30474063e-05
9385;15.500;3200;3250;2.30171415e-05
9386;5.200;3900;3950;2.29959276e-05
9387;13.600;2750;2800;2.29771188e-05
9388;3.800;2800;2850;2.29762461e-05
9389;15.000;3350;3400;2.29578151e-05
9390;14.200;4350;4400;2.29343831e-05
9391;14.700;3500;3550;2.29204011e-05
9392;6.200;1800;1850;2.28669863e-05
9393;5.300;3250;3300;2.28092024e-05
9394;15.600;2800;2850;2.28075764e-05
9395;0.200;3100;3150;2.27951713e-05
9396;1.100;3550;3600;2.27469272e-05
9397;13.500;3900;3950;2.27335371e-05
9398;12.100;3700;3750;2.27012761e-05
9399;12.000;3750;3800;2.26304044e-05
9400;9.300;2800;2850;2.26120395e-05
9401;5.600;3800;3850;2.25991964e-05
9402;12.500;3900;3950;2.25776151e-05
9403;12.000;4000;4050;2.25722561e-05
9404;10.300;2500;2550;2.25692519e-05
9405;13.400;3500;3550;2.25522056e-05
9406;5.800;3800;3850;2.25356040e-05
9407;12.500;3400;3450;2.25068810e-05
9408;1.100;2700;2750;2.23835618e-05
9409;9.900;2300;2350;2.23253378e-05
9410;8.700;2350;2400;2.23097264e-05
9411;13.900;2750;2800;2.22873978e-05
9412;6.300;2700;2750;2.22750948e-05
9413;9.700;2700;2750;2.22368574e-05
9414;12.000;3400;3450;2.22223231e-05
9415;12.900;3050;3100;2.21794528e-05
9416;14.100;4000;4050;2.21464612e-05
9417;12.000;3650;3700;2.21295342e-05
9418;15.800;3450;3500;2.20965475e-05
9419;9.300;3250;3300;2.20823645e-05
9420;15.100;3350;3400;2.20750934e-05
9421;12.600;2550;2600;2.20701302e-05
9422;1.600;650;700;2.18885991e-05
9423;8.300;3500;3550;2.18868761e-05
9424;0.200;3400;3450;2.18702206e-05
9425;12.700;3400;3450;2.18450012e-05
9426;14.300;4900;4950;2.18395372e-05
9427;3.000;700;750;2.18340634e-05
9428;0.900;3950;4000;2.18235321e-05
9429;14.600;3550;3600;2.17896493e-05
9430;13.300;2600;2650;2.17887888e-05
9431;1.900;1700;1750;2.17854471e-05
9432;14.300;4550;4600;2.17052694e-05
9433;1.000;3500;3550;2.16903885e-05
9434;8.700;3350;3400;2.16403149e-05
9435;6.600;2050;2100;2.15916592e-05
9436;3.700;2850;2900;2.14555447e-05
9437;10.000;2650;2700;2.14524890e-05
9438;9.800;2750;2800;2.14524248e-05
9439;8.000;3350;3400;2.14213086e-05
9440;8.900;3400;3450;2.14042169e-05
9441;8.100;4000;4050;2.14017645e-05
9442;15.700;3200;3250;2.13674766e-05
9443;0.200;2650;2700;2.13636917e-05
9444;5.700;3800;3850;2.13222046e-05
9445;1.800;2100;2150;2.12835361e-05
9446;2.800;2350;2400;2.12593508e-05
9447;3.100;1850;1900;2.12167471e-05
9448;11.400;1950;2000;2.11297503e-05
9449;3.500;1750;1800;2.11269055e-05
9450;7.200;2450;2500;2.10933684e-05
9451;8.400;3700;3750;2.10790809e-05
9452;15.000;3500;3550;2.10285676e-05
9453;13.100;3700;3750;2.09909858e-05
9454;14.200;4900;4950;2.09871186e-05
9455;2.700;1700;1750;2.09859977e-05
9456;7.900;3650;3700;2.09404845e-05
9457;3.600;2650;2700;2.09303297e-05
9458;9.000;3900;3950;2.08927782e-05
9459;14.400;4550;4600;2.06858013e-05
9460;9.400;2700;2750;2.06821503e-05
9461;13.500;3850;3900;2.05950631e-05
9462;12.600;3000;3050;2.05827939e-05
9463;0.200;3300;3350;2.05524239e-05
9464;5.200;4400;4450;2.05516889e-05
9465;1.500;900;950;2.05514098e-05
9466;9.000;3450;3500;2.05375794e-05
9467;13.100;4700;4750;2.04684559e-05
9468;8.900;4200;4250;2.04577653e-05
9469;3.600;2100;2150;2.04008904e-05
9470;12.400;3200;3250;2.03612411e-05
9471;4.300;4500;4550;2.02255954e-05
9472;7.000;2250;2300;2.02024974e-05
9473;0.700;3200;3250;2.01517193e-05
9474;8.300;3200;3250;2.01331207e-05
9475;7.900;3750;3800;2.01195168e-05
9476;15.800;2800;2850;2.01065968e-05
9477;3.400;1500;1550;2.00604165e-05
9478;8.500;3450;3500;1.99803754e-05
9479;8.500;3700;3750;1.99756450e-05
9480;9.100;3200;3250;1.99725472e-05
9481;13.500;4600;4650;1.99568536e-05
9482;12.800;2400;2450;1.99290603e-05
9483;12.000;3950;4000;1.98580068e-05
9484;3.700;1700;1750;1.98023205e-05
9485;5.900;2900;2950;1.97986315e-05
9486;7.300;2400;2450;1.97873146e-05
9487;11.900;2750;2800;1.97849620e-05
9488;4.900;3950;4000;1.97688399e-05
9489;8.900;3900;3950;1.97168953e-05
9490;15.400;3200;3250;1.96631664e-05
9491;9.500;2700;2750;1.96427303e-05
9492;13.200;2950;3000;1.95890936e-05
9493;12.800;3100;3150;1.95349249e-05
9494;13.800;2750;2800;1.95134432e-05
9495;12.900;3450;3500;1.94957590e-05
9496;13.700;3150;3200;1.94452494e-05
9497;13.000;4500;4550;1.94269119e-05
9498;7.500;2800;2850;1.94208194e-05
9499;13.200;4100;4150;1.93864559e-05
9500;12.500;3850;3900;1.93667711e-05
9501;13.100;3650;3700;1.92993484e-05
9502;7.600;2450;2500;1.92827855e-05
9503;12.400;3600;3650;1.92538808e-05
9504;6.500;2050;2100;1.92433782e-05
9505;7.100;3200;3250;1.92413004e-05
9506;1.800;2400;2450;1.92224336e-05
9507;14.800;3550;3600;1.90984472e-05
9508;5.500;4200;4250;1.90685697e-05
9509;12.000;3050;3100;1.90340012e-05
9510;15.900;2400;2450;1.89953819e-05
9511;12.500;3350;3400;1.89834466e-05
9512;3.800;1850;1900;1.89323986e-05
9513;13.100;4400;4450;1.89066093e-05
9514;8.000;4050;4100;1.88073902e-05
9515;8.500;3350;3400;1.87959022e-05
9516;3.700;3400;3450;1.87833410e-05
9517;9.100;2950;3000;1.87784444e-05
9518;12.400;3350;3400;1.87661280e-05
9519;15.700;2350;2400;1.87577868e-05
9520;11.600;2200;2250;1.87415684e-05
9521;3.800;2100;2150;1.87244409e-05
9522;7.900;4300;4350;1.87155031e-05
9523;7.500;2450;2500;1.86908191e-05
9524;1.000;4100;4150;1.86599281e-05
9525;4.700;4050;4100;1.86469178e-05
9526;15.600;2550;2600;1.86426459e-05
9527;3.700;3000;3050;1.86239696e-05
9528;15.500;2700;2750;1.86016356e-05
9529;15.200;2950;3000;1.85069375e-05
9530;9.000;4250;4300;1.84528770e-05
9531;6.700;1800;1850;1.84375173e-05
9532;12.900;2700;2750;1.83836838e-05
9533;9.000;3600;3650;1.83486710e-05
9534;12.100;2550;2600;1.83301294e-05
9535;14.800;3100;3150;1.82981464e-05
9536;12.500;4800;4850;1.82708984e-05
9537;13.100;4750;4800;1.82526371e-05
9538;3.200;1500;1550;1.82401048e-05
9539;10.000;2750;2800;1.82267433e-05
9540;8.800;2600;2650;1.82027484e-05
9541;7.000;2800;2850;1.81645459e-05
9542;8.500;3050;3100;1.81352823e-05
9543;5.500;4500;4550;1.81200657e-05
9544;14.300;4350;4400;1.81182854e-05
9545;13.700;2650;2700;1.80830959e-05
9546;3.600;2400;2450;1.80527473e-05
9547;14.900;3100;3150;1.80401690e-05
9548;4.800;3300;3350;1.80220724e-05
9549;14.300;4500;4550;1.79739884e-05
9550;11.900;3250;3300;1.79702643e-05
9551;0.600;2300;2350;1.79152408e-05
9552;3.400;700;750;1.79090562e-05
9553;14.400;4300;4350;1.78893707e-05
9554;3.600;3050;3100;1.78697409e-05
9555;4.200;4300;4350;1.78666141e-05
9556;7.900;3900;3950;1.78532705e-05
9557;15.700;2800;2850;1.78067654e-05
9558;12.000;3300;3350;1.78057207e-05
9559;9.200;3250;3300;1.77352690e-05
9560;0.400;3050;3100;1.77225933e-05
9561;14.800;4400;4450;1.77119851e-05
9562;4.700;3550;3600;1.76904016e-05
9563;12.000;3600;3650;1.76747737e-05
9564;0.500;2600;2650;1.76072971e-05
9565;12.000;3500;3550;1.75779576e-05
9566;6.500;1800;1850;1.75311114e-05
9567;0.700;2450;2500;1.75016133e-05
9568;5.500;3550;3600;1.74942876e-05
9569;10.000;2350;2400;1.74829032e-05
9570;0.400;3450;3500;1.74820492e-05
9571;6.900;3200;3250;1.74681424e-05
9572;7.000;2500;2550;1.74625935e-05
9573;0.800;2300;2350;1.74179606e-05
9574;9.600;2750;2800;1.73969094e-05
9575;6.800;3600;3650;1.73735972e-05
9576;14.900;3300;3350;1.73614731e-05
9577;13.500;2700;2750;1.73196803e-05
9578;10.200;2500;2550;1.73064258e-05
9579;1.600;2150;2200;1.72969997e-05
9580;13.200;3250;3300;1.72769283e-05
9581;8.600;2950;3000;1.72359969e-05
9582;4.800;3900;3950;1.72200716e-05
9583;3.500;2850;2900;1.72167754e-05
9584;12.100;3750;3800;1.72050551e-05
9585;3.100;1900;1950;1.71936228e-05
9586;4.200;4500;4550;1.71826738e-05
9587;9.500;2450;2500;1.71803442e-05
9588;1.900;3200;3250;1.71601856e-05
9589;8.400;3350;3400;1.71102558e-05
9590;0.700;2250;2300;1.70940139e-05
9591;3.700;2800;2850;1.70749406e-05
9592;13.500;3500;3550;1.70636230e-05
9593;5.600;4000;4050;1.70382855e-05
9594;5.400;4450;4500;1.70099873e-05
9595;5.900;3800;3850;1.70070024e-05
9596;12.900;3300;3350;1.69349492e-05
9597;4.400;4700;4750;1.69310211e-05
9598;14.200;4550;4600;1.68691028e-05
9599;1.200;2300;2350;1.68330620e-05
9600;4.400;3500;3550;1.67829044e-05
9601;6.300;1800;1850;1.67727359e-05
9602;0.400;2850;2900;1.67601138e-05
9603;12.600;2750;2800;1.67498978e-05
9604;11.900;2600;2650;1.67163471e-05
9605;6.900;2500;2550;1.67136481e-05
9606;13.100;3750;3800;1.66713618e-05
9607;8.200;3650;3700;1.66610298e-05
9608;10.100;2400;2450;1.66473695e-05
9609;3.700;2450;2500;1.66430384e-05
9610;3.600;2600;2650;1.66248582e-05
9611;8.300;3750;3800;1.66108249e-05
9612;0.500;2700;2750;1.65809169e-05
9613;13.400;3900;3950;1.65749764e-05
9614;4.200;4900;4950;1.65647007e-05
9615;13.600;2300;2350;1.65275015e-05
9616;13.100;3600;3650;1.65159695e-05
9617;9.000;3100;3150;1.64682495e-05
9618;6.600;1800;1850;1.63808071e-05
9619;4.500;3750;3800;1.63768320e-05
9620;1.000;3800;3850;1.63557987e-05
9621;14.100;4200;4250;1.63511242e-05
9622;2.400;2100;2150;1.63149638e-05
9623;12.500;4200;4250;1.63003521e-05
9624;14.700;4400;4450;1.62668064e-05
9625;8.500;3650;3700;1.62174545e-05
9626;0.600;2350;2400;1.61893356e-05
9627;1.000;3400;3450;1.61832441e-05
9628;11.000;2200;2250;1.61529408e-05
9629;4.200;4350;4400;1.61500965e-05
9630;15.000;4200;4250;1.61422705e-05
9631;8.400;4100;4150;1.61383725e-05
9632;4.500;3700;3750;1.61355571e-05
9633;7.200;3200;3250;1.61143600e-05
9634;0.500;1950;2000;1.61029965e-05
9635;13.600;3150;3200;1.60595962e-05
9636;14.600;4250;4300;1.59753299e-05
9637;12.400;3500;3550;1.59661878e-05
9638;10.300;2250;2300;1.59578380e-05
9639;11.900;3450;3500;1.59216237e-05
9640;4.600;4150;4200;1.58752104e-05
9641;2.500;1800;1850;1.58456327e-05
9642;10.200;2850;2900;1.58162592e-05
9643;4.600;4050;4100;1.57979825e-05
9644;2.400;1800;1850;1.57856644e-05
9645;3.800;3200;3250;1.57765125e-05
9646;13.000;4900;4950;1.57741363e-05
9647;14.900;3650;3700;1.57299521e-05
9648;15.900;3450;3500;1.57296481e-05
9649;7.700;2450;2500;1.57130214e-05
9650;4.900;3350;3400;1.57084233e-05
9651;3.700;3200;3250;1.56515846e-05
9652;13.700;2350;2400;1.56369705e-05
9653;3.300;1500;1550;1.56205460e-05
9654;2.000;2100;2150;1.56205428e-05
9655;8.800;2800;2850;1.55964364e-05
9656;3.700;2050;2100;1.55841163e-05
9657;13.700;4200;4250;1.55662296e-05
9658;3.600;1800;1850;1.55017736e-05
9659;10.900;2200;2250;1.54934498e-05
9660;6.800;1800;1850;1.54870287e-05
9661;9.400;3550;3600;1.54638039e-05
9662;1.200;1350;1400;1.54413510e-05
9663;12.100;3600;3650;1.54390219e-05
9664;8.100;4200;4250;1.54359548e-05
9665;13.800;3150;3200;1.54261772e-05
9666;7.400;2450;2500;1.54130384e-05
9667;8.300;3050;3100;1.53792053e-05
9668;15.300;2600;2650;1.53791347e-05
9669;3.800;2050;2100;1.53742016e-05
9670;4.700;4150;4200;1.53668173e-05
9671;2.300;2350;2400;1.53580085e-05
9672;10.800;2250;2300;1.53507078e-05
9673;5.700;2550;2600;1.53327510e-05
9674;10.400;2500;2550;1.53093602e-05
9675;12.300;3050;3100;1.53087011e-05
9676;9.700;3250;3300;1.52861035e-05
9677;15.600;2400;2450;1.52472961e-05
9678;6.700;2700;2750;1.52336823e-05
9679;13.800;2450;2500;1.52259505e-05
9680;3.700;2200;2250;1.51740641e-05
9681;14.600;3500;3550;1.51726916e-05
9682;12.500;3700;3750;1.51459375e-05
9683;15.900;2800;2850;1.50963871e-05
9684;13.300;3100;3150;1.50826368e-05
9685;4.700;3750;3800;1.50228234e-05
9686;8.900;3100;3150;1.50184386e-05
9687;0.700;3000;3050;1.50060362e-05
9688;12.100;3300;3350;1.49702157e-05
9689;8.900;4250;4300;1.49434546e-05
9690;3.700;1900;1950;1.49212423e-05
9691;0.900;4500;4550;1.49022370e-05
9692;14.800;3400;3450;1.48920181e-05
9693;14.900;4300;4350;1.48575404e-05
9694;0.200;2250;2300;1.48390282e-05
9695;12.200;3750;3800;1.47932339e-05
9696;15.400;3150;3200;1.47279925e-05
9697;11.700;2050;2100;1.46766818e-05
9698;0.900;3500;3550;1.46759913e-05
9699;5.500;3850;3900;1.46670427e-05
9700;3.700;3050;3100;1.46488504e-05
9701;0.800;2900;2950;1.45810914e-05
9702;14.900;3550;3600;1.45772713e-05
9703;7.300;2450;2500;1.45724321e-05
9704;4.700;4800;4850;1.45708697e-05
9705;2.800;700;750;1.45510805e-05
9706;7.000;3200;3250;1.45394191e-05
9707;10.400;2850;2900;1.45305435e-05
9708;7.500;2300;2350;1.45176897e-05
9709;14.400;4700;4750;1.45152844e-05
9710;8.500;3600;3650;1.45044386e-05
9711;8.000;3900;3950;1.44600523e-05
9712;14.700;3400;3450;1.44286768e-05
9713;5.300;3300;3350;1.43786320e-05
9714;7.700;2350;2400;1.43718899e-05
9715;0.300;2950;3000;1.43529514e-05
9716;3.300;1700;1750;1.43320293e-05
9717;2.800;2750;2800;1.43186413e-05
9718;8.100;3550;3600;1.43089938e-05
9719;8.100;3450;3500;1.43079003e-05
9720;14.700;4300;4350;1.43010497e-05
9721;6.500;2500;2550;1.42754638e-05
9722;6.300;3650;3700;1.42722918e-05
9723;14.400;4000;4050;1.42549711e-05
9724;0.800;2400;2450;1.42367833e-05
9725;14.500;4000;4050;1.42184106e-05
9726;15.600;2600;2650;1.41497371e-05
9727;15.300;4050;4100;1.41290045e-05
9728;12.100;3550;3600;1.40133564e-05
9729;13.600;2700;2750;1.39381232e-05
9730;9.600;2800;2850;1.39274350e-05
9731;1.000;3450;3500;1.39200964e-05
9732;4.400;4500;4550;1.38944407e-05
9733;2.000;3200;3250;1.38654775e-05
9734;3.400;1700;1750;1.38375800e-05
9735;15.000;3400;3450;1.38350734e-05
9736;13.900;2650;2700;1.37897017e-05
9737;4.300;4750;4800;1.37838762e-05
9738;12.100;2500;2550;1.37731779e-05
9739;7.500;2850;2900;1.37220102e-05
9740;12.500;3950;4000;1.37022263e-05
9741;15.800;2400;2450;1.36947653e-05
9742;3.200;1850;1900;1.36812712e-05
9743;13.300;3500;3550;1.36568552e-05
9744;8.600;3700;3750;1.36512605e-05
9745;6.800;2500;2550;1.36421143e-05
9746;4.500;3500;3550;1.35833045e-05
9747;3.800;2250;2300;1.35556603e-05
9748;3.800;2350;2400;1.35385533e-05
9749;12.600;3100;3150;1.35345776e-05
9750;9.300;3200;3250;1.35291149e-05
9751;3.100;550;600;1.35110554e-05
9752;9.700;2800;2850;1.34884616e-05
9753;3.500;2450;2500;1.34382470e-05
9754;13.300;2700;2750;1.33992033e-05
9755;1.800;3200;3250;1.33914297e-05
9756;3.600;2750;2800;1.33232563e-05
9757;15.100;2950;3000;1.33044933e-05
9758;3.500;3000;3050;1.32582124e-05
9759;3.500;3050;3100;1.32309076e-05
9760;1.500;2400;2450;1.32150110e-05
9761;0.200;2200;2250;1.32036300e-05
9762;2.600;1800;1850;1.31979048e-05
9763;13.200;3000;3050;1.31873050e-05
9764;7.000;1800;1850;1.31846898e-05
9765;10.200;2900;2950;1.31372884e-05
9766;12.500;3500;3550;1.30895530e-05
9767;3.600;3200;3250;1.30840381e-05
9768;4.900;4100;4150;1.30746136e-05
9769;0.700;3900;3950;1.30626932e-05
9770;8.800;2350;2400;1.30622005e-05
9771;11.700;2000;2050;1.30590590e-05
9772;12.900;2800;2850;1.30526363e-05
9773;5.300;4850;4900;1.30092807e-05
9774;5.400;4250;4300;1.29972297e-05
9775;12.800;2950;3000;1.29645893e-05
9776;13.800;2400;2450;1.29540721e-05
9777;7.900;4100;4150;1.29512693e-05
9778;2.300;1800;1850;1.29420092e-05
9779;14.900;3400;3450;1.29329941e-05
9780;4.900;3900;3950;1.28950584e-05
9781;13.900;2400;2450;1.28774462e-05
9782;9.800;3250;3300;1.28751863e-05
9783;9.400;3250;3300;1.28565625e-05
9784;0.400;2700;2750;1.28549391e-05
9785;5.900;4050;4100;1.28335665e-05
9786;3.600;3100;3150;1.28128884e-05
9787;8.400;3400;3450;1.28008665e-05
9788;0.200;3350;3400;1.27727991e-05
9789;12.900;2950;3000;1.27493175e-05
9790;12.600;3800;3850;1.27483866e-05
9791;6.100;3650;3700;1.27458092e-05
9792;11.800;2150;2200;1.27258332e-05
9793;9.100;3300;3350;1.27224509e-05
9794;1.800;1700;1750;1.27174587e-05
9795;6.400;1800;1850;1.26471211e-05
9796;12.000;3900;3950;1.26379713e-05
9797;3.600;3000;3050;1.26116977e-05
9798;9.000;4200;4250;1.26097106e-05
9799;5.300;4350;4400;1.24518808e-05
9800;5.200;4700;4750;1.24289536e-05
9801;7.600;2650;2700;1.24130378e-05
9802;1.300;1350;1400;1.24041632e-05
9803;3.600;2700;2750;1.23886078e-05
9804;0.400;3500;3550;1.23713851e-05
9805;9.600;2450;2500;1.23597944e-05
9806;2.900;2350;2400;1.23328559e-05
9807;12.300;3600;3650;1.23249341e-05
9808;9.900;2550;2600;1.22916471e-05
9809;3.900;4550;4600;1.22789763e-05
9810;0.300;2700;2750;1.22365097e-05
9811;5.300;4450;4500;1.22256483e-05
9812;11.800;2000;2050;1.22211558e-05
9813;3.200;1700;1750;1.22132149e-05
9814;11.800;2050;2100;1.21932442e-05
9815;7.800;2450;2500;1.21859864e-05
9816;15.700;2400;2450;1.21814719e-05
9817;13.700;2750;2800;1.21723611e-05
9818;5.700;4200;4250;1.21508995e-05
9819;5.700;3250;3300;1.21403723e-05
9820;6.000;2600;2650;1.21366506e-05
9821;0.900;3600;3650;1.21319357e-05
9822;13.100;4000;4050;1.21062211e-05
9823;3.500;2150;2200;1.20772463e-05
9824;1.200;1750;1800;1.20653924e-05
9825;9.100;3450;3500;1.20642769e-05
9826;9.200;2600;2650;1.20554544e-05
9827;3.500;1900;1950;1.20453334e-05
9828;8.100;3500;3550;1.19962173e-05
9829;13.400;3850;3900;1.19819471e-05
9830;15.200;3100;3150;1.19741357e-05
9831;8.500;3750;3800;1.19146444e-05
9832;7.200;2050;2100;1.19091080e-05
9833;15.400;4050;4100;1.19016310e-05
9834;8.900;4800;4850;1.18873494e-05
9835;3.600;2300;2350;1.18756928e-05
9836;6.100;2900;2950;1.18614601e-05
9837;8.100;3950;4000;1.18299196e-05
9838;1.900;2400;2450;1.18250936e-05
9839;5.300;3800;3850;1.18211011e-05
9840;3.700;2350;2400;1.18201309e-05
9841;15.600;2950;3000;1.17894150e-05
9842;8.500;3550;3600;1.17872764e-05
9843;13.200;4950;5000;1.17795166e-05
9844;14.000;4750;4800;1.17431762e-05
9845;15.700;3450;3500;1.17162776e-05
9846;1.100;2450;2500;1.17082872e-05
9847;12.500;3200;3250;1.16968726e-05
9848;3.500;2100;2150;1.16845851e-05
9849;11.300;2200;2250;1.16771358e-05
9850;8.400;3550;3600;1.16757586e-05
9851;12.900;3100;3150;1.16666947e-05
9852;12.600;2950;3000;1.16509275e-05
9853;3.600;2500;2550;1.15845184e-05
9854;1.300;3200;3250;1.15804643e-05
9855;6.400;3650;3700;1.15788303e-05
9856;8.100;3050;3100;1.15780372e-05
9857;12.600;4200;4250;1.15672086e-05
9858;5.200;3350;3400;1.15613507e-05
9859;5.700;2900;2950;1.15519330e-05
9860;3.500;2800;2850;1.15450766e-05
9861;3.400;550;600;1.15406752e-05
9862;14.800;4250;4300;1.15405545e-05
9863;5.400;3850;3900;1.15090630e-05
9864;5.800;4200;4250;1.15056444e-05
9865;8.200;4000;4050;1.14769483e-05
9866;7.900;4200;4250;1.14655640e-05
9867;6.800;3150;3200;1.14555616e-05
9868;12.000;3350;3400;1.14219001e-05
9869;5.500;3000;3050;1.14118852e-05
9870;15.100;3400;3450;1.13784297e-05
9871;1.000;4350;4400;1.13702123e-05
9872;11.900;2700;2750;1.13600691e-05
9873;0.400;2250;2300;1.13455316e-05
9874;6.200;2700;2750;1.13406948e-05
9875;3.600;1900;1950;1.13386093e-05
9876;15.600;2700;2750;1.13274682e-05
9877;15.300;3100;3150;1.12925508e-05
9878;7.400;2850;2900;1.12904715e-05
9879;5.600;3850;3900;1.12820591e-05
9880;8.100;3400;3450;1.12779677e-05
9881;3.400;1850;1900;1.12728242e-05
9882;0.700;4100;4150;1.12630949e-05
9883;4.400;4600;4650;1.12562796e-05
9884;15.200;3350;3400;1.12491647e-05
9885;5.900;2550;2600;1.12406752e-05
9886;14.100;4400;4450;1.12336639e-05
9887;6.900;1800;1850;1.12308824e-05
9888;5.800;3850;3900;1.12064564e-05
9889;4.600;3750;3800;1.12004759e-05
9890;12.600;3200;3250;1.11925249e-05
9891;4.500;4700;4750;1.11789657e-05
9892;5.300;4250;4300;1.11761080e-05
9893;12.600;3400;3450;1.11498902e-05
9894;4.300;4700;4750;1.11260769e-05
9895;3.600;2150;2200;1.11065103e-05
9896;3.200;1900;1950;1.11011034e-05
9897;8.000;4150;4200;1.10943202e-05
9898;12.000;4200;4250;1.10851786e-05
9899;4.500;3550;3600;1.10823019e-05
9900;8.900;4700;4750;1.10751866e-05
9901;5.300;2950;3000;1.10661892e-05
9902;9.400;3150;3200;1.10605196e-05
9903;3.300;1850;1900;1.10558933e-05
9904;12.200;4100;4150;1.10460516e-05
9905;0.400;3400;3450;1.10423050e-05
9906;15.000;3550;3600;1.10258392e-05
9907;8.900;4050;4100;1.10203662e-05
9908;12.800;3000;3050;1.09954470e-05
9909;5.400;3350;3400;1.09472324e-05
9910;11.900;3550;3600;1.09370141e-05
9911;7.900;4850;4900;1.09273852e-05
9912;4.200;4950;5000;1.09271592e-05
9913;5.500;4450;4500;1.09035570e-05
9914;10.000;2300;2350;1.08944363e-05
9915;1.700;650;700;1.08868816e-05
9916;0.400;3550;3600;1.08175122e-05
9917;6.500;2200;2250;1.07531700e-05
9918;8.100;3650;3700;1.07406268e-05
9919;6.700;3600;3650;1.07283319e-05
9920;5.400;3100;3150;1.07148729e-05
9921;6.600;3600;3650;1.07054993e-05
9922;13.300;3250;3300;1.06598432e-05
9923;12.500;4050;4100;1.06426415e-05
9924;0.700;2350;2400;1.06250825e-05
9925;6.200;2600;2650;1.06158673e-05
9926;12.900;3400;3450;1.05973793e-05
9927;6.100;2600;2650;1.05900168e-05
9928;13.200;3300;3350;1.05814990e-05
9929;15.500;3100;3150;1.05812496e-05
9930;1.200;2500;2550;1.05715325e-05
9931;0.600;2050;2100;1.05509562e-05
9932;8.600;3750;3800;1.04834953e-05
9933;11.900;3000;3050;1.04628500e-05
9934;0.900;3750;3800;1.04615338e-05
9935;5.500;4900;4950;1.04555760e-05
9936;5.200;2950;3000;1.04531882e-05
9937;7.900;3600;3650;1.04452466e-05
9938;2.500;2100;2150;1.04445099e-05
9939;13.100;4150;4200;1.04417762e-05
9940;14.600;4850;4900;1.04273426e-05
9941;15.900;2700;2750;1.04236786e-05
9942;1.100;3650;3700;1.04180204e-05
9943;1.800;650;700;1.03961733e-05
9944;12.800;2350;2400;1.03857952e-05
9945;3.800;1900;1950;1.03802217e-05
9946;15.800;3250;3300;1.03783385e-05
9947;0.800;2600;2650;1.03656408e-05
9948;12.300;3550;3600;1.03629371e-05
9949;14.500;4650;4700;1.03482198e-05
9950;8.700;3650;3700;1.03376135e-05
9951;7.900;3350;3400;1.03274339e-05
9952;14.800;4300;4350;1.03252271e-05
9953;15.000;3600;3650;1.03120506e-05
9954;12.400;3400;3450;1.03085830e-05
9955;6.200;3050;3100;1.03024224e-05
9956;3.500;3100;3150;1.02973839e-05
9957;14.800;4100;4150;1.02885813e-05
9958;15.700;3000;3050;1.02774543e-05
9959;0.300;2800;2850;1.02733263e-05
9960;0.700;3050;3100;1.02639604e-05
9961;8.900;3700;3750;1.02341217e-05
9962;1.600;900;950;1.02335555e-05
9963;2.800;1700;1750;1.02069418e-05
9964;8.200;4100;4150;1.02063496e-05
9965;0.300;3100;3150;1.01513179e-05
9966;5.600;3550;3600;1.01437064e-05
9967;0.800;2350;2400;1.01307414e-05
9968;6.000;3050;3100;1.01229851e-05
9969;8.100;4550;4600;1.00999933e-05
9970;8.600;3050;3100;1.00741184e-05
9971;9.800;2700;2750;1.00692618e-05
9972;0.500;2900;2950;1.00649841e-05
9973;10.100;2750;2800;1.00023309e-05
9974;2.100;2800;2850;9.97392779e-06
9975;8.700;3700;3750;9.96221407e-06
9976;14.500;4800;4850;9.95763557e-06
9977;3.700;2100;2150;9.93772771e-06
9978;12.800;3300;3350;9.93440472e-06
9979;13.700;3550;3600;9.92934309e-06
9980;12.700;3250;3300;9.91421452e-06
9981;0.600;2700;2750;9.89582387e-06
9982;7.100;2500;2550;9.86643213e-06
9983;7.600;2800;2850;9.86637457e-06
9984;8.400;4200;4250;9.85854193e-06
9985;5.700;3850;3900;9.85098367e-06
9986;12.200;3900;3950;9.83911739e-06
9987;15.900;2950;3000;9.83691602e-06
9988;3.500;2400;2450;9.82017435e-06
9989;3.600;3150;3200;9.81760558e-06
9990;8.200;4300;4350;9.81252763e-06
9991;0.700;3150;3200;9.79359747e-06
9992;7.600;2850;2900;9.79296338e-06
9993;6.900;3600;3650;9.78064857e-06
9994;5.800;3550;3600;9.75668626e-06
9995;14.800;3800;3850;9.74910566e-06
9996;3.600;3400;3450;9.73227135e-06
9997;5.500;3350;3400;9.72054152e-06
9998;15.800;3200;3250;9.71646303e-06
9999;6.100;2700;2750;9.71210346e-06
10000;5.300;3950;4000;9.69168128e-06
10001;5.800;4050;4100;9.66388930e-06
10002;8.900;4150;4200;9.64171935e-06
10003;4.800;4800;4850;9.63214675e-06
10004;14.600;3950;4000;9.61428854e-06
10005;6.600;2200;2250;9.55413428e-06
10006;14.100;3650;3700;9.54849355e-06
10007;15.000;4100;4150;9.53647202e-06
10008;3.100;1700;1750;9.52142111e-06
10009;4.300;4350;4400;9.49107211e-06
10010;14.900;3500;3550;9.46221736e-06
10011;11.200;2200;2250;9.44376870e-06
10012;8.600;2350;2400;9.42415096e-06
10013;3.600;4400;4450;9.41035807e-06
10014;12.700;3600;3650;9.40849834e-06
10015;3.800;2600;2650;9.39118982e-06
10016;15.000;4250;4300;9.39034598e-06
10017;15.100;3600;3650;9.38817768e-06
10018;11.900;3500;3550;9.38549362e-06
10019;4.800;4050;4100;9.38106212e-06
10020;14.100;4500;4550;9.35056815e-06
10021;13.100;3800;3850;9.33444114e-06
10022;12.400;3900;3950;9.32483344e-06
10023;6.000;2550;2600;9.30244263e-06
10024;6.300;3050;3100;9.28511721e-06
10025;8.200;4350;4400;9.24264452e-06
10026;0.700;4250;4300;9.21828312e-06
10027;13.700;3900;3950;9.21056090e-06
10028;2.900;700;750;9.21001451e-06
10029;6.500;2600;2650;9.20977463e-06
10030;3.800;2200;2250;9.19526503e-06
10031;4.700;4700;4750;9.17547825e-06
10032;12.000;3850;3900;9.17445385e-06
10033;7.700;2050;2100;9.15106168e-06
10034;15.100;4450;4500;9.13772948e-06
10035;3.700;2500;2550;9.13405768e-06
10036;15.100;3500;3550;9.12151925e-06
10037;15.000;3800;3850;9.09828862e-06
10038;12.900;2350;2400;9.09138813e-06
10039;2.700;1800;1850;9.08379206e-06
10040;12.700;3550;3600;9.07887362e-06
10041;12.900;3250;3300;9.07078635e-06
10042;7.800;2350;2400;9.04928878e-06
10043;0.900;4050;4100;9.02688781e-06
10044;9.500;2800;2850;9.02350090e-06
10045;3.800;3000;3050;9.02255342e-06
10046;12.000;4300;4350;9.02007653e-06
10047;8.800;3100;3150;9.00136844e-06
10048;3.700;2900;2950;8.99289684e-06
10049;5.900;3850;3900;8.98415606e-06
10050;1.300;1750;1800;8.96994834e-06
10051;13.400;3250;3300;8.96428541e-06
10052;8.000;4100;4150;8.93655084e-06
10053;8.700;3750;3800;8.93499667e-06
10054;3.800;1750;1800;8.90610797e-06
10055;7.300;3200;3250;8.89533118e-06
10056;10.000;2500;2550;8.89347745e-06
10057;9.800;2800;2850;8.88063415e-06
10058;8.800;2950;3000;8.85747463e-06
10059;12.700;3650;3700;8.83842366e-06
10060;3.600;2900;2950;8.82912797e-06
10061;3.600;3550;3600;8.79518670e-06
10062;12.500;3750;3800;8.78462971e-06
10063;8.000;4550;4600;8.77271201e-06
10064;3.700;2250;2300;8.76434907e-06
10065;10.200;2250;2300;8.69106687e-06
10066;11.500;2200;2250;8.68616816e-06
10067;3.500;3550;3600;8.67440040e-06
10068;4.800;4150;4200;8.67399222e-06
10069;13.700;3850;3900;8.67064728e-06
10070;14.400;3700;3750;8.66648631e-06
10071;7.600;2050;2100;8.64784720e-06
10072;7.100;2250;2300;8.61336819e-06
10073;8.500;4200;4250;8.61002253e-06
10074;12.000;3800;3850;8.59355906e-06
10075;10.200;2650;2700;8.57823398e-06
10076;15.400;3100;3150;8.56286020e-06
10077;13.300;2650;2700;8.55063468e-06
10078;8.900;3950;4000;8.55042894e-06
10079;12.000;4450;4500;8.54921718e-06
10080;5.200;3700;3750;8.53898253e-06
10081;3.300;550;600;8.53724757e-06
10082;14.900;4450;4500;8.53495942e-06
10083;2.200;2350;2400;8.50978221e-06
10084;15.000;3950;4000;8.50531862e-06
10085;0.300;3200;3250;8.46800738e-06
10086;3.500;2300;2350;8.46117046e-06
10087;8.100;4350;4400;8.46046649e-06
10088;10.500;2850;2900;8.43266242e-06
10089;12.500;4250;4300;8.43243076e-06
10090;8.900;4400;4450;8.42517899e-06
10091;11.300;2250;2300;8.41341386e-06
10092;2.000;1800;1850;8.39772959e-06
10093;0.700;2400;2450;8.37613757e-06
10094;11.700;2150;2200;8.34781895e-06
10095;0.500;2200;2250;8.32695310e-06
10096;14.600;4100;4150;8.32412266e-06
10097;14.100;4750;4800;8.31106267e-06
10098;8.200;3900;3950;8.29812470e-06
10099;8.100;3350;3400;8.29480813e-06
10100;9.000;3850;3900;8.28358460e-06
10101;1.400;3600;3650;8.28043540e-06
10102;0.700;2700;2750;8.24023004e-06
10103;9.300;3150;3200;8.22428390e-06
10104;8.600;3100;3150;8.22185154e-06
10105;9.100;3150;3200;8.21772220e-06
10106;12.700;3750;3800;8.21745187e-06
10107;11.900;3150;3200;8.19663797e-06
10108;14.100;4250;4300;8.19337235e-06
10109;4.900;3400;3450;8.18708615e-06
10110;9.700;2750;2800;8.18642701e-06
10111;12.500;4150;4200;8.16837102e-06
10112;10.400;2900;2950;8.15297090e-06
10113;3.600;4650;4700;8.13505181e-06
10114;4.900;3450;3500;8.09490432e-06
10115;13.700;4600;4650;8.09247102e-06
10116;15.200;3600;3650;8.08443269e-06
10117;15.500;2600;2650;8.06491224e-06
10118;12.100;3200;3250;8.06322643e-06
10119;13.400;2600;2650;8.05699249e-06
10120;13.900;4200;4250;8.04444506e-06
10121;5.100;4150;4200;8.03110139e-06
10122;6.600;2450;2500;8.02425067e-06
10123;10.100;2350;2400;8.02376025e-06
10124;12.100;3050;3100;8.00566044e-06
10125;13.200;3050;3100;7.98345857e-06
10126;6.700;2500;2550;7.97020284e-06
10127;12.500;4400;4450;7.96453859e-06
10128;5.500;4250;4300;7.96350383e-06
10129;1.300;2500;2550;7.94967257e-06
10130;9.500;3150;3200;7.94574261e-06
10131;3.700;2750;2800;7.94206607e-06
10132;9.200;2950;3000;7.93968181e-06
10133;2.200;1800;1850;7.92994367e-06
10134;5.800;2550;2600;7.91524333e-06
10135;1.200;3600;3650;7.90322203e-06
10136;7.200;2850;2900;7.89657712e-06
10137;13.600;3500;3550;7.88915902e-06
10138;12.900;2400;2450;7.85598210e-06
10139;1.300;3600;3650;7.85390629e-06
10140;3.500;2650;2700;7.83658918e-06
10141;6.200;3650;3700;7.83560700e-06
10142;13.300;4650;4700;7.83270988e-06
10143;7.900;4050;4100;7.80926621e-06
10144;10.900;2250;2300;7.80763879e-06
10145;3.500;3400;3450;7.78818435e-06
10146;5.700;3550;3600;7.78624933e-06
10147;8.700;4200;4250;7.76419900e-06
10148;2.600;2100;2150;7.76319849e-06
10149;4.500;4900;4950;7.76102213e-06
10150;12.600;3850;3900;7.74031808e-06
10151;3.800;2750;2800;7.73594979e-06
10152;12.300;3350;3400;7.70445032e-06
10153;1.100;2600;2650;7.69453048e-06
10154;14.700;4700;4750;7.68432165e-06
10155;6.100;2550;2600;7.66386685e-06
10156;1.600;3200;3250;7.64268261e-06
10157;10.400;2650;2700;7.63027344e-06
10158;1.700;900;950;7.62906297e-06
10159;3.500;3800;3850;7.61156543e-06
10160;5.600;3000;3050;7.59214890e-06
10161;9.400;2800;2850;7.57568869e-06
10162;4.800;3750;3800;7.54564831e-06
10163;2.000;900;950;7.53326177e-06
10164;3.800;2650;2700;7.53121759e-06
10165;12.700;3800;3850;7.51060495e-06
10166;12.500;4000;4050;7.47217555e-06
10167;5.100;4600;4650;7.46892875e-06
10168;7.800;2050;2100;7.46600636e-06
10169;3.600;4050;4100;7.44106215e-06
10170;9.000;3700;3750;7.41142130e-06
10171;0.900;3900;3950;7.40544695e-06
10172;3.700;3650;3700;7.38612965e-06
10173;0.400;2950;3000;7.38128250e-06
10174;8.600;3600;3650;7.36839445e-06
10175;4.200;4550;4600;7.33503242e-06
10176;8.900;4750;4800;7.31890799e-06
10177;0.800;3200;3250;7.30696557e-06
10178;2.300;900;950;7.29843253e-06
10179;8.600;3550;3600;7.24242536e-06
10180;3.700;2400;2450;7.22769279e-06
10181;0.200;3650;3700;7.20499407e-06
10182;2.100;3200;3250;7.19133912e-06
10183;8.700;3550;3600;7.18088244e-06
10184;0.900;4650;4700;7.17296386e-06
10185;8.200;4400;4450;7.16967315e-06
10186;11.400;2250;2300;7.16239606e-06
10187;15.000;3700;3750;7.12685604e-06
10188;14.700;4600;4650;7.11040297e-06
10189;3.800;2150;2200;7.10684332e-06
10190;2.700;2100;2150;7.09850195e-06
10191;0.900;4150;4200;7.09838965e-06
10192;0.700;4200;4250;7.09137796e-06
10193;1.000;3750;3800;7.09132118e-06
10194;9.000;3950;4000;7.07706438e-06
10195;10.500;2500;2550;7.07580421e-06
10196;9.600;3250;3300;7.04751460e-06
10197;12.100;3100;3150;7.04313223e-06
10198;3.800;3250;3300;7.01314060e-06
10199;7.100;1800;1850;7.01128034e-06
10200;1.100;2650;2700;6.99697895e-06
10201;15.900;2900;2950;6.99486653e-06
10202;8.400;3650;3700;6.99380467e-06
10203;14.700;4650;4700;6.99223667e-06
10204;5.700;3350;3400;6.97088683e-06
10205;5.600;3100;3150;6.96638587e-06
10206;3.500;2750;2800;6.96509877e-06
10207;3.700;2650;2700;6.95800692e-06
10208;0.900;4200;4250;6.94873037e-06
10209;3.300;1900;1950;6.92304117e-06
10210;3.500;3250;3300;6.89583755e-06
10211;2.800;2100;2150;6.88231051e-06
10212;13.300;2950;3000;6.87196097e-06
10213;8.300;4000;4050;6.86377270e-06
10214;1.900;650;700;6.85303510e-06
10215;1.200;2050;2100;6.82689024e-06
10216;3.800;3400;3450;6.81587238e-06
10217;3.500;2900;2950;6.81087932e-06
10218;4.900;3750;3800;6.80035712e-06
10219;15.600;3050;3100;6.78951914e-06
10220;12.000;4050;4100;6.78339749e-06
10221;3.500;1800;1850;6.78294878e-06
10222;1.900;900;950;6.78070305e-06
10223;4.700;4600;4650;6.77631736e-06
10224;9.200;3200;3250;6.77615409e-06
10225;4.900;4150;4200;6.76286138e-06
10226;11.200;2250;2300;6.75869744e-06
10227;0.300;3000;3050;6.75301151e-06
10228;4.300;4900;4950;6.74341358e-06
10229;5.800;2900;2950;6.73946040e-06
10230;6.100;3050;3100;6.72969239e-06
10231;8.000;4650;4700;6.72876393e-06
10232;4.900;4800;4850;6.68470472e-06
10233;6.400;2600;2650;6.68321625e-06
10234;9.200;3450;3500;6.67152801e-06
10235;9.500;3550;3600;6.66866065e-06
10236;14.900;4200;4250;6.65929263e-06
10237;12.400;4050;4100;6.65616716e-06
10238;8.400;3900;3950;6.63781038e-06
10239;8.800;3050;3100;6.63421111e-06
10240;5.700;4950;5000;6.62987260e-06
10241;15.300;3350;3400;6.60102891e-06
10242;5.500;3100;3150;6.59884708e-06
10243;11.900;3700;3750;6.59524548e-06
10244;5.900;3550;3600;6.59507164e-06
10245;4.800;3550;3600;6.59409355e-06
10246;8.100;4650;4700;6.58796831e-06
10247;8.900;4500;4550;6.57029702e-06
10248;3.500;3150;3200;6.55247863e-06
10249;14.600;4150;4200;6.54722725e-06
10250;13.800;2350;2400;6.54447115e-06
10251;4.400;4750;4800;6.52615781e-06
10252;8.200;4550;4600;6.52509628e-06
10253;1.700;2150;2200;6.52374156e-06
10254;15.700;3150;3200;6.51731342e-06
10255;14.500;4600;4650;6.51522769e-06
10256;12.400;4850;4900;6.50975811e-06
10257;7.900;4650;4700;6.50911310e-06
10258;8.800;3200;3250;6.48650065e-06
10259;7.200;1800;1850;6.48050193e-06
10260;9.000;4050;4100;6.47763677e-06
10261;13.400;2700;2750;6.47711851e-06
10262;12.400;4150;4200;6.46731743e-06
10263;15.300;3300;3350;6.46476938e-06
10264;8.200;4250;4300;6.46438948e-06
10265;12.900;3600;3650;6.45806785e-06
10266;6.000;3800;3850;6.45797774e-06
10267;15.900;2350;2400;6.45366600e-06
10268;1.100;3500;3550;6.44544555e-06
10269;8.400;4800;4850;6.43569161e-06
10270;12.300;3500;3550;6.43121842e-06
10271;1.900;2100;2150;6.42738241e-06
10272;2.900;1700;1750;6.42219580e-06
10273;4.700;4750;4800;6.42010180e-06
10274;9.900;2450;2500;6.41052130e-06
10275;8.400;3500;3550;6.37661419e-06
10276;9.900;2700;2750;6.33913013e-06
10277;10.800;2900;2950;6.33889715e-06
10278;7.400;2400;2450;6.31709840e-06
10279;8.600;3500;3550;6.29001632e-06
10280;4.700;3500;3550;6.28783971e-06
10281;12.100;3950;4000;6.28693277e-06
10282;3.600;3800;3850;6.25088218e-06
10283;4.400;4350;4400;6.22839607e-06
10284;14.700;3900;3950;6.22136758e-06
10285;5.400;2950;3000;6.20627239e-06
10286;12.100;3850;3900;6.19753524e-06
10287;12.400;4800;4850;6.18948891e-06
10288;3.200;550;600;6.18558801e-06
10289;0.400;3150;3200;6.17296399e-06
10290;8.000;3850;3900;6.16301125e-06
10291;0.300;2600;2650;6.15595146e-06
10292;2.900;2750;2800;6.14928323e-06
10293;9.400;2600;2650;6.14435394e-06
10294;11.900;2800;2850;6.14330388e-06
10295;12.500;4450;4500;6.14083132e-06
10296;2.900;2100;2150;6.13477308e-06
10297;1.000;3900;3950;6.12055977e-06
10298;1.000;4050;4100;6.11963095e-06
10299;3.000;1700;1750;6.11307685e-06
10300;14.500;4150;4200;6.08030390e-06
10301;6.300;2600;2650;6.07315014e-06
10302;12.200;4250;4300;6.07220586e-06
10303;9.900;3250;3300;6.06809226e-06
10304;10.100;2500;2550;6.06346133e-06
10305;14.500;3700;3750;6.03997846e-06
10306;14.900;3950;4000;6.03020362e-06
10307;5.700;3000;3050;6.02462267e-06
10308;15.500;3050;3100;6.02082625e-06
10309;3.000;2350;2400;6.01467964e-06
10310;0.700;3300;3350;6.01382438e-06
10311;8.700;3500;3550;6.00459808e-06
10312;13.300;4950;5000;6.00283949e-06
10313;12.900;3200;3250;5.96886366e-06
10314;2.600;900;950;5.94916552e-06
10315;8.600;4200;4250;5.94527877e-06
10316;4.700;3700;3750;5.93130183e-06
10317;2.100;900;950;5.91408593e-06
10318;12.500;4850;4900;5.91155857e-06
10319;1.700;3200;3250;5.90776843e-06
10320;14.800;3500;3550;5.87901521e-06
10321;1.200;3150;3200;5.87430917e-06
10322;1.000;3850;3900;5.87270675e-06
10323;13.800;4200;4250;5.86215152e-06
10324;7.500;2050;2100;5.85995625e-06
10325;3.800;3050;3100;5.85798334e-06
10326;15.300;4200;4250;5.85529616e-06
10327;9.300;2600;2650;5.85221280e-06
10328;2.400;650;700;5.84818772e-06
10329;2.200;900;950;5.83884867e-06
10330;3.500;2950;3000;5.83418516e-06
10331;11.900;2950;3000;5.82042313e-06
10332;14.700;4150;4200;5.81140198e-06
10333;12.100;3450;3500;5.79912950e-06
10334;15.400;3500;3550;5.77115986e-06
10335;8.800;3000;3050;5.75796082e-06
10336;14.500;4700;4750;5.75515426e-06
10337;14.900;4850;4900;5.74268789e-06
10338;1.000;4500;4550;5.73956783e-06
10339;12.000;4400;4450;5.73887630e-06
10340;6.800;2700;2750;5.73327775e-06
10341;2.500;2800;2850;5.72727201e-06
10342;11.900;2550;2600;5.70616308e-06
10343;8.000;4700;4750;5.70509027e-06
10344;13.900;2350;2400;5.70104412e-06
10345;13.100;4800;4850;5.67584463e-06
10346;14.700;4000;4050;5.67214479e-06
10347;14.400;4150;4200;5.65601264e-06
10348;8.000;4850;4900;5.64628388e-06
10349;4.600;3700;3750;5.63358590e-06
10350;4.400;4900;4950;5.62553826e-06
10351;6.200;2550;2600;5.62527240e-06
10352;3.500;2600;2650;5.62323359e-06
10353;3.600;3300;3350;5.61442327e-06
10354;10.600;2400;2450;5.61306609e-06
10355;15.800;2600;2650;5.61254812e-06
10356;14.100;4950;5000;5.60383928e-06
10357;11.900;3300;3350;5.59708176e-06
10358;13.400;4650;4700;5.59069385e-06
10359;15.000;3900;3950;5.57651182e-06
10360;12.600;3350;3400;5.56533977e-06
10361;2.500;650;700;5.56381450e-06
10362;4.900;4000;4050;5.55302894e-06
10363;0.700;3100;3150;5.53063318e-06
10364;0.700;3850;3900;5.52838588e-06
10365;9.000;4600;4650;5.52394585e-06
10366;1.200;2550;2600;5.52104598e-06
10367;15.800;2950;3000;5.51900020e-06
10368;14.800;4150;4200;5.51636529e-06
10369;0.400;3650;3700;5.50464279e-06
10370;12.300;3850;3900;5.49196651e-06
10371;3.700;3150;3200;5.49015746e-06
10372;14.200;4500;4550;5.48609137e-06
10373;4.800;4700;4750;5.48411391e-06
10374;5.300;3850;3900;5.47887144e-06
10375;8.000;4800;4850;5.47716493e-06
10376;8.900;4650;4700;5.45475730e-06
10377;0.500;2850;2900;5.45061183e-06
10378;13.400;3400;3450;5.44966762e-06
10379;12.200;3650;3700;5.44058006e-06
10380;9.100;3050;3100;5.43195996e-06
10381;12.800;3050;3100;5.42758435e-06
10382;14.900;3900;3950;5.42213563e-06
10383;12.000;4650;4700;5.41588401e-06
10384;3.700;2300;2350;5.41453991e-06
10385;0.500;2450;2500;5.39869713e-06
10386;13.900;3150;3200;5.39864180e-06
10387;9.600;3150;3200;5.38693266e-06
10388;15.400;3050;3100;5.37156107e-06
10389;0.200;3750;3800;5.36204749e-06
10390;5.600;3400;3450;5.35521981e-06
10391;8.300;3650;3700;5.34631576e-06
10392;2.400;2800;2850;5.33912944e-06
10393;12.100;3400;3450;5.33804011e-06
10394;8.200;4650;4700;5.33651235e-06
10395;9.700;3550;3600;5.32713544e-06
10396;1.200;2200;2250;5.31026489e-06
10397;2.800;1800;1850;5.31017566e-06
10398;12.200;3850;3900;5.29661951e-06
10399;8.700;3600;3650;5.26283970e-06
10400;13.500;2600;2650;5.25406598e-06
10401;3.800;2400;2450;5.25305929e-06
10402;12.400;4200;4250;5.24684761e-06
10403;4.800;3350;3400;5.24602286e-06
10404;5.900;3000;3050;5.22856010e-06
10405;2.500;900;950;5.22693192e-06
10406;0.800;4250;4300;5.21721113e-06
10407;15.000;4050;4100;5.20949028e-06
10408;8.300;4100;4150;5.20249560e-06
10409;3.700;2600;2650;5.19139319e-06
10410;10.500;2650;2700;5.18590431e-06
10411;5.200;4850;4900;5.17744581e-06
10412;8.500;3400;3450;5.17712589e-06
10413;5.500;3400;3450;5.17365584e-06
10414;14.900;4100;4150;5.17336504e-06
10415;0.200;3550;3600;5.17241591e-06
10416;5.200;4650;4700;5.16522045e-06
10417;7.700;2650;2700;5.15812667e-06
10418;1.800;900;950;5.15618234e-06
10419;6.000;3250;3300;5.14805121e-06
10420;2.000;2400;2450;5.14472850e-06
10421;15.500;2550;2600;5.13742702e-06
10422;3.600;4200;4250;5.11753228e-06
10423;7.400;2300;2350;5.11080215e-06
10424;12.000;4100;4150;5.10778909e-06
10425;12.800;3250;3300;5.10772850e-06
10426;8.400;4050;4100;5.10286081e-06
10427;0.200;3250;3300;5.10196559e-06
10428;3.800;2450;2500;5.09523368e-06
10429;8.500;3500;3550;5.09114925e-06
10430;5.400;3300;3350;5.08907552e-06
10431;0.900;4600;4650;5.04454231e-06
10432;3.500;4100;4150;5.03755203e-06
10433;0.200;4650;4700;5.03310217e-06
10434;3.400;1900;1950;5.02587983e-06
10435;5.300;3400;3450;5.01392274e-06
10436;10.600;2850;2900;5.00944069e-06
10437;3.700;1800;1850;5.00813279e-06
10438;0.800;2250;2300;5.00699009e-06
10439;8.100;4300;4350;4.99390125e-06
10440;3.500;3450;3500;4.98891934e-06
10441;1.400;3150;3200;4.98136159e-06
10442;0.500;3550;3600;4.97706462e-06
10443;5.900;3250;3300;4.97343749e-06
10444;2.200;650;700;4.96507144e-06
10445;11.900;4000;4050;4.95715650e-06
10446;7.900;3100;3150;4.95600412e-06
10447;4.600;3550;3600;4.94625179e-06
10448;6.800;2200;2250;4.94551197e-06
10449;12.200;4000;4050;4.93920208e-06
10450;0.500;2550;2600;4.93662203e-06
10451;9.000;4400;4450;4.93262645e-06
10452;12.300;4250;4300;4.92624005e-06
10453;6.500;3650;3700;4.91362914e-06
10454;3.700;3550;3600;4.90347993e-06
10455;10.300;2550;2600;4.89393613e-06
10456;8.900;3850;3900;4.88795640e-06
10457;8.000;4950;5000;4.88640174e-06
10458;10.300;2650;2700;4.87790802e-06
10459;0.700;2950;3000;4.87671625e-06
10460;1.300;2550;2600;4.85958932e-06
10461;12.100;3350;3400;4.84844099e-06
10462;10.700;2400;2450;4.84455766e-06
10463;3.300;0;50;4.84402324e-06
10464;11.100;2250;2300;4.83075166e-06
10465;8.900;4850;4900;4.81470888e-06
10466;10.100;2650;2700;4.79987284e-06
10467;15.600;3150;3200;4.79442214e-06
10468;3.800;4200;4250;4.78333305e-06
10469;1.100;2250;2300;4.77238336e-06
10470;0.400;3300;3350;4.77141463e-06
10471;2.400;900;950;4.76917913e-06
10472;8.900;3800;3850;4.76611887e-06
10473;15.700;3050;3100;4.76318058e-06
10474;12.700;3500;3550;4.76317945e-06
10475;3.800;3350;3400;4.76309394e-06
10476;7.000;2200;2250;4.75622520e-06
10477;10.800;2850;2900;4.75281758e-06
10478;15.100;3650;3700;4.74229945e-06
10479;8.000;4250;4300;4.72287454e-06
10480;3.800;2900;2950;4.71779965e-06
10481;2.600;2800;2850;4.70996696e-06
10482;11.700;2200;2250;4.70478783e-06
10483;15.000;3750;3800;4.69066464e-06
10484;13.400;3300;3350;4.68597952e-06
10485;5.700;4050;4100;4.68273741e-06
10486;8.900;3750;3800;4.66192253e-06
10487;9.900;2800;2850;4.65524806e-06
10488;7.300;2050;2100;4.65425177e-06
10489;3.700;4200;4250;4.64435467e-06
10490;13.400;3450;3500;4.63440141e-06
10491;4.900;3550;3600;4.62009424e-06
10492;1.300;2300;2350;4.61540921e-06
10493;3.700;2150;2200;4.61225822e-06
10494;7.600;2500;2550;4.60938896e-06
10495;7.900;4150;4200;4.60815484e-06
10496;14.600;4700;4750;4.60744946e-06
10497;1.700;3600;3650;4.60032887e-06
10498;15.900;2600;2650;4.59519854e-06
10499;12.200;4300;4350;4.59217972e-06
10500;12.600;4250;4300;4.58604847e-06
10501;14.600;4000;4050;4.58555505e-06
10502;10.100;2300;2350;4.57757774e-06
10503;5.400;3400;3450;4.57210156e-06
10504;0.400;3250;3300;4.56879319e-06
10505;0.500;3000;3050;4.56577096e-06
10506;15.100;3800;3850;4.56443846e-06
10507;8.300;3950;4000;4.56425957e-06
10508;3.600;3750;3800;4.56004080e-06
10509;12.800;3200;3250;4.55816671e-06
10510;7.800;2650;2700;4.55053005e-06
10511;8.300;4200;4250;4.53019411e-06
10512;6.300;2550;2600;4.52347847e-06
10513;14.700;4750;4800;4.50833348e-06
10514;5.700;4250;4300;4.47013566e-06
10515;0.500;3400;3450;4.46653452e-06
10516;3.600;3600;3650;4.45656406e-06
10517;2.100;1800;1850;4.45434354e-06
10518;2.300;650;700;4.44379576e-06
10519;14.800;3850;3900;4.42527970e-06
10520;3.000;2100;2150;4.41779146e-06
10521;10.500;2400;2450;4.41757400e-06
10522;6.500;3050;3100;4.41400178e-06
10523;15.100;4400;4450;4.41336470e-06
10524;5.300;3450;3500;4.41167591e-06
10525;7.900;3850;3900;4.41151309e-06
10526;6.600;2600;2650;4.41092588e-06
10527;12.200;4400;4450;4.40940483e-06
10528;12.700;3700;3750;4.40720808e-06
10529;14.600;4600;4650;4.40387547e-06
10530;13.900;2600;2650;4.39755039e-06
10531;14.900;4400;4450;4.39525915e-06
10532;0.600;2500;2550;4.38691662e-06
10533;1.400;2500;2550;4.38686241e-06
10534;11.900;4100;4150;4.37961008e-06
10535;3.700;2950;3000;4.37525399e-06
10536;12.400;3850;3900;4.37042258e-06
10537;15.700;2600;2650;4.37016147e-06
10538;11.000;2250;2300;4.36247015e-06
10539;15.800;2350;2400;4.36137302e-06
10540;15.000;3850;3900;4.34608956e-06
10541;8.100;4400;4450;4.34008396e-06
10542;12.100;4000;4050;4.33483803e-06
10543;7.400;1800;1850;4.33428566e-06
10544;7.200;2500;2550;4.32197302e-06
10545;3.600;4350;4400;4.31283853e-06
10546;12.900;3650;3700;4.30762185e-06
10547;3.500;4300;4350;4.30602813e-06
10548;14.400;4750;4800;4.29529626e-06
10549;3.600;4100;4150;4.29064830e-06
10550;14.800;3950;4000;4.28508160e-06
10551;8.800;3350;3400;4.27840995e-06
10552;12.200;3800;3850;4.27192337e-06
10553;0.400;2200;2250;4.26649489e-06
10554;0.900;4350;4400;4.24605721e-06
10555;4.900;4700;4750;4.24226738e-06
10556;10.700;2900;2950;4.24172043e-06
10557;8.400;3950;4000;4.23062281e-06
10558;13.500;3300;3350;4.22584207e-06
10559;0.900;3850;3900;4.22563365e-06
10560;14.800;4850;4900;4.22497345e-06
10561;7.900;4550;4600;4.21880285e-06
10562;14.700;3950;4000;4.21743482e-06
10563;10.700;2850;2900;4.21513749e-06
10564;15.700;2700;2750;4.19382677e-06
10565;12.400;3700;3750;4.19323668e-06
10566;14.400;4500;4550;4.18656823e-06
10567;5.400;4400;4450;4.18492193e-06
10568;9.400;3200;3250;4.18191382e-06
10569;13.100;4300;4350;4.17932072e-06
10570;3.600;3650;3700;4.17665587e-06
10571;15.200;3650;3700;4.17429262e-06
10572;3.700;2550;2600;4.17388093e-06
10573;7.500;2500;2550;4.17058745e-06
10574;0.900;3650;3700;4.16709196e-06
10575;13.100;4450;4500;4.16707080e-06
10576;5.500;3300;3350;4.16584616e-06
10577;3.600;4000;4050;4.16111524e-06
10578;15.000;3650;3700;4.15935154e-06
10579;7.300;1800;1850;4.15833414e-06
10580;3.700;3100;3150;4.15237015e-06
10581;12.000;4850;4900;4.13893873e-06
10582;15.800;3100;3150;4.13785321e-06
10583;12.100;3800;3850;4.13504182e-06
10584;0.900;4000;4050;4.13321134e-06
10585;5.200;4100;4150;4.13290195e-06
10586;0.700;3450;3500;4.12678831e-06
10587;3.800;2500;2550;4.11252961e-06
10588;9.500;3300;3350;4.11071279e-06
10589;0.300;3050;3100;4.10502593e-06
10590;6.000;4050;4100;4.10474441e-06
10591;13.600;4650;4700;4.08911833e-06
10592;5.800;3000;3050;4.08561644e-06
10593;15.700;2950;3000;4.08149902e-06
10594;13.900;2700;2750;4.06959086e-06
10595;9.200;3000;3050;4.06877148e-06
10596;5.700;3100;3150;4.06490450e-06
10597;5.800;4250;4300;4.05901898e-06
10598;5.500;4400;4450;4.05793580e-06
10599;3.500;4200;4250;4.05792293e-06
10600;2.600;650;700;4.05433584e-06
10601;0.800;3900;3950;4.03967652e-06
10602;9.100;3500;3550;4.02817281e-06
10603;4.300;4300;4350;4.02683072e-06
10604;6.900;3150;3200;4.02142131e-06
10605;4.700;4500;4550;4.01846647e-06
10606;0.300;2650;2700;4.01568406e-06
10607;3.700;3750;3800;4.00043279e-06
10608;3.600;2950;3000;3.99945696e-06
10609;13.100;4550;4600;3.99619419e-06
10610;8.900;4600;4650;3.98137124e-06
10611;8.200;4850;4900;3.97799783e-06
10612;1.000;4700;4750;3.96380833e-06
10613;3.500;2500;2550;3.95258634e-06
10614;14.000;4900;4950;3.94660003e-06
10615;7.700;2800;2850;3.94033436e-06
10616;3.700;2700;2750;3.92682331e-06
10617;12.400;3750;3800;3.92552086e-06
10618;0.400;3200;3250;3.91165721e-06
10619;10.400;2550;2600;3.90455458e-06
10620;9.200;3400;3450;3.89638658e-06
10621;7.100;2200;2250;3.89594846e-06
10622;10.000;2450;2500;3.89446934e-06
10623;11.900;3950;4000;3.89184284e-06
10624;15.200;4200;4250;3.88609789e-06
10625;12.700;4450;4500;3.88555176e-06
10626;15.100;4050;4100;3.87374914e-06
10627;13.400;3100;3150;3.87334156e-06
10628;12.600;3700;3750;3.86556371e-06
10629;7.900;4800;4850;3.85931609e-06
10630;4.900;3700;3750;3.85351155e-06
10631;3.600;3350;3400;3.85169997e-06
10632;14.700;3750;3800;3.84516124e-06
10633;3.500;2700;2750;3.83083526e-06
10634;0.400;4200;4250;3.82920728e-06
10635;7.900;3800;3850;3.82518423e-06
10636;12.500;4700;4750;3.82019674e-06
10637;14.100;4850;4900;3.81505876e-06
10638;0.400;3350;3400;3.81231784e-06
10639;11.900;3100;3150;3.80057392e-06
10640;11.900;3400;3450;3.79889968e-06
10641;4.500;4500;4550;3.78761990e-06
10642;5.200;4150;4200;3.77226945e-06
10643;3.700;4400;4450;3.77163759e-06
10644;7.100;3150;3200;3.76796374e-06
10645;3.500;4250;4300;3.76426580e-06
10646;1.500;3150;3200;3.75720845e-06
10647;7.700;2500;2550;3.75501361e-06
10648;6.400;2550;2600;3.75353336e-06
10649;15.100;3700;3750;3.75200276e-06
10650;8.700;4250;4300;3.75000506e-06
10651;3.500;4050;4100;3.74561579e-06
10652;2.300;2800;2850;3.74498081e-06
10653;3.600;4750;4800;3.72778831e-06
10654;10.700;2300;2350;3.72463802e-06
10655;7.800;2250;2300;3.72453412e-06
10656;15.600;3300;3350;3.72213481e-06
10657;11.500;2250;2300;3.71284857e-06
10658;12.100;4200;4250;3.70034341e-06
10659;2.100;650;700;3.69610006e-06
10660;12.300;3650;3700;3.68939517e-06
10661;12.500;4650;4700;3.68572855e-06
10662;4.600;4600;4650;3.67176621e-06
10663;0.500;3650;3700;3.66858792e-06
10664;9.200;3300;3350;3.66173766e-06
10665;5.700;3300;3350;3.65952722e-06
10666;12.900;4650;4700;3.65887662e-06
10667;7.300;2200;2250;3.65214477e-06
10668;9.500;2600;2650;3.64823253e-06
10669;1.000;4650;4700;3.64638938e-06
10670;12.300;3950;4000;3.63671339e-06
10671;3.700;3300;3350;3.63127552e-06
10672;5.600;4200;4250;3.62796297e-06
10673;3.800;4400;4450;3.62421639e-06
10674;6.000;3550;3600;3.61540070e-06
10675;14.600;3900;3950;3.61350351e-06
10676;2.000;650;700;3.61224415e-06
10677;0.900;4550;4600;3.61125019e-06
10678;10.000;2700;2750;3.59997197e-06
10679;3.700;3250;3300;3.58970713e-06
10680;9.600;3550;3600;3.58204840e-06
10681;12.100;3650;3700;3.57474331e-06
10682;13.400;2950;3000;3.57361251e-06
10683;8.500;3900;3950;3.57140634e-06
10684;7.200;2200;2250;3.56969857e-06
10685;3.500;3600;3650;3.56776449e-06
10686;14.600;4550;4600;3.56689613e-06
10687;7.900;4500;4550;3.55535300e-06
10688;2.700;900;950;3.55294369e-06
10689;7.000;3150;3200;3.55059559e-06
10690;13.800;2700;2750;3.54629135e-06
10691;3.500;3850;3900;3.54554222e-06
10692;10.800;2400;2450;3.54509722e-06
10693;3.600;3250;3300;3.53485915e-06
10694;8.500;3800;3850;3.53425871e-06
10695;8.900;4350;4400;3.51996730e-06
10696;8.500;3950;4000;3.51546667e-06
10697;1.000;4400;4450;3.50947384e-06
10698;15.500;3600;3650;3.50725873e-06
10699;9.400;3100;3150;3.50550937e-06
10700;3.800;3300;3350;3.49545061e-06
10701;3.800;2700;2750;3.49532982e-06
10702;13.200;3600;3650;3.49332060e-06
10703;15.800;3050;3100;3.49144760e-06
10704;5.400;4850;4900;3.48861821e-06
10705;13.300;3050;3100;3.48199918e-06
10706;10.500;2300;2350;3.47798923e-06
10707;9.200;3550;3600;3.47744703e-06
10708;7.400;2500;2550;3.47266108e-06
10709;3.400;2350;2400;3.46884146e-06
10710;12.900;4200;4250;3.46506210e-06
10711;1.300;2050;2100;3.46390850e-06
10712;12.100;3500;3550;3.44382762e-06
10713;14.900;4250;4300;3.44259323e-06
10714;5.400;3500;3550;3.44174026e-06
10715;6.200;2900;2950;3.43990552e-06
10716;12.400;4250;4300;3.43632382e-06
10717;3.800;2300;2350;3.43475659e-06
10718;2.800;900;950;3.43295511e-06
10719;15.200;4450;4500;3.43053710e-06
10720;10.600;2300;2350;3.42780486e-06
10721;5.500;2950;3000;3.42614904e-06
10722;2.200;2800;2850;3.41975835e-06
10723;5.900;4000;4050;3.40698353e-06
10724;15.300;3600;3650;3.40598245e-06
10725;8.200;4050;4100;3.40116097e-06
10726;11.900;3600;3650;3.40047917e-06
10727;8.700;4650;4700;3.40017474e-06
10728;12.300;4450;4500;3.38920771e-06
10729;12.800;3600;3650;3.38598171e-06
10730;13.300;4050;4100;3.38557101e-06
10731;5.300;3900;3950;3.38457798e-06
10732;8.200;4950;5000;3.38360186e-06
10733;8.400;3800;3850;3.37367749e-06
10734;15.500;3500;3550;3.37036938e-06
10735;3.100;2350;2400;3.36915150e-06
10736;8.000;4750;4800;3.36890726e-06
10737;12.300;3750;3800;3.36219983e-06
10738;3.600;3450;3500;3.35529270e-06
10739;4.600;4700;4750;3.35164143e-06
10740;15.700;3100;3150;3.33369694e-06
10741;15.900;3100;3150;3.32063883e-06
10742;8.400;4850;4900;3.31881846e-06
10743;3.800;4750;4800;3.31684538e-06
10744;7.900;4600;4650;3.31654492e-06
10745;5.800;4950;5000;3.31491538e-06
10746;8.000;4600;4650;3.31252414e-06
10747;1.100;3000;3050;3.31103971e-06
10748;1.200;2700;2750;3.30914460e-06
10749;13.300;3300;3350;3.30178107e-06
10750;9.400;3300;3350;3.29961273e-06
10751;14.900;3800;3850;3.29385353e-06
10752;7.200;2250;2300;3.28900327e-06
10753;4.600;4900;4950;3.28424170e-06
10754;6.500;2900;2950;3.28247967e-06
10755;1.400;1750;1800;3.28214236e-06
10756;1.000;4200;4250;3.28048595e-06
10757;8.200;4200;4250;3.27615867e-06
10758;3.700;4050;4100;3.27163488e-06
10759;13.800;3250;3300;3.26879795e-06
10760;13.500;3250;3300;3.26611517e-06
10761;6.400;3050;3100;3.26429684e-06
10762;8.200;4800;4850;3.25989798e-06
10763;15.400;3400;3450;3.25324320e-06
10764;10.800;2300;2350;3.25069684e-06
10765;3.800;1800;1850;3.24703707e-06
10766;13.700;3250;3300;3.24584500e-06
10767;12.700;3850;3900;3.24302917e-06
10768;3.200;2750;2800;3.23671744e-06
10769;14.100;4350;4400;3.23614385e-06
10770;9.300;2950;3000;3.23577874e-06
10771;3.700;3800;3850;3.22761986e-06
10772;4.800;4600;4650;3.21729785e-06
10773;9.100;3000;3050;3.21592135e-06
10774;3.600;3850;3900;3.21092854e-06
10775;14.700;4850;4900;3.20964396e-06
10776;0.400;3600;3650;3.20695840e-06
10777;12.100;4450;4500;3.19696473e-06
10778;3.700;4100;4150;3.19457118e-06
10779;0.800;3150;3200;3.18884517e-06
10780;14.800;3900;3950;3.18127707e-06
10781;12.200;4450;4500;3.17814409e-06
10782;3.300;2750;2800;3.17536276e-06
10783;3.000;2750;2800;3.16326694e-06
10784;3.300;2350;2400;3.14837555e-06
10785;2.700;650;700;3.14520079e-06
10786;0.200;3600;3650;3.14457439e-06
10787;3.800;3600;3650;3.13757565e-06
10788;8.100;4050;4100;3.13626268e-06
10789;5.600;2950;3000;3.13333964e-06
10790;6.600;2500;2550;3.12935825e-06
10791;9.000;4800;4850;3.12243677e-06
10792;10.900;2400;2450;3.11557716e-06
10793;3.600;2550;2600;3.11425663e-06
10794;3.500;4650;4700;3.10834038e-06
10795;3.800;3800;3850;3.10502521e-06
10796;15.500;3300;3350;3.10251024e-06
10797;15.500;4050;4100;3.09794575e-06
10798;1.400;2400;2450;3.09383292e-06
10799;8.200;4700;4750;3.06542741e-06
10800;4.900;4600;4650;3.06449339e-06
10801;3.600;4450;4500;3.06256898e-06
10802;9.100;3100;3150;3.05911607e-06
10803;14.900;3700;3750;3.05724212e-06
10804;1.100;4350;4400;3.05205152e-06
10805;0.700;3950;4000;3.04946189e-06
10806;1.100;3100;3150;3.04767516e-06
10807;8.800;3700;3750;3.04490130e-06
10808;4.700;4350;4400;3.03550057e-06
10809;10.200;2550;2600;3.02827793e-06
10810;10.500;2750;2800;3.02516836e-06
10811;7.500;2200;2250;3.01863203e-06
10812;0.800;2450;2500;3.01249122e-06
10813;9.000;4150;4200;3.01235467e-06
10814;9.800;3550;3600;3.00926136e-06
10815;3.700;3700;3750;3.00601412e-06
10816;15.000;4300;4350;3.00396127e-06
10817;13.300;3000;3050;2.99634907e-06
10818;7.500;2400;2450;2.99568341e-06
10819;9.700;3200;3250;2.98653929e-06
10820;14.700;4800;4850;2.98334404e-06
10821;15.100;4200;4250;2.97894773e-06
10822;3.700;4650;4700;2.97889899e-06
10823;13.900;3550;3600;2.97491101e-06
10824;5.900;3100;3150;2.97387155e-06
10825;0.800;2650;2700;2.97383440e-06
10826;14.600;4650;4700;2.97355591e-06
10827;8.300;3900;3950;2.97319945e-06
10828;10.900;2500;2550;2.96955658e-06
10829;9.300;3500;3550;2.95655275e-06
10830;3.700;4600;4650;2.95496373e-06
10831;6.300;3000;3050;2.94764438e-06
10832;3.600;3700;3750;2.94283813e-06
10833;0.900;4700;4750;2.93881438e-06
10834;7.600;2250;2300;2.93373755e-06
10835;10.200;2400;2450;2.92479637e-06
10836;12.900;3500;3550;2.91871302e-06
10837;2.700;2800;2850;2.91453373e-06
10838;9.300;3100;3150;2.90983187e-06
10839;4.400;4300;4350;2.90543460e-06
10840;15.400;3300;3350;2.90422406e-06
10841;12.100;4350;4400;2.89761986e-06
10842;6.700;2600;2650;2.89495965e-06
10843;8.600;3650;3700;2.89422316e-06
10844;7.300;2500;2550;2.89352238e-06
10845;5.300;4300;4350;2.88509471e-06
10846;0.400;3100;3150;2.87700788e-06
10847;12.000;4750;4800;2.87465394e-06
10848;11.000;2850;2900;2.87223892e-06
10849;5.400;3450;3500;2.86880797e-06
10850;11.900;3650;3700;2.86721314e-06
10851;4.800;3700;3750;2.86572142e-06
10852;3.600;3900;3950;2.86440375e-06
10853;5.500;4850;4900;2.86219039e-06
10854;3.800;3450;3500;2.86034635e-06
10855;15.900;3050;3100;2.85858194e-06
10856;9.600;3300;3350;2.85549768e-06
10857;0.900;4250;4300;2.85545243e-06
10858;4.900;4050;4100;2.85233033e-06
10859;14.700;3700;3750;2.85209549e-06
10860;3.700;3600;3650;2.85053797e-06
10861;9.500;3200;3250;2.84831437e-06
10862;0.600;2550;2600;2.84643755e-06
10863;6.900;2700;2750;2.84588928e-06
10864;14.800;4600;4650;2.83512280e-06
10865;15.300;3500;3550;2.83481178e-06
10866;15.000;4400;4450;2.83352703e-06
10867;7.200;3150;3200;2.83010677e-06
10868;4.900;4750;4800;2.82740825e-06
10869;3.200;2350;2400;2.82021900e-06
10870;3.100;2750;2800;2.81915069e-06
10871;13.900;3900;3950;2.81839090e-06
10872;6.100;3000;3050;2.81358337e-06
10873;3.800;2950;3000;2.80568846e-06
10874;3.000;900;950;2.80100066e-06
10875;12.000;4700;4750;2.79991201e-06
10876;4.800;3500;3550;2.79698461e-06
10877;7.800;2500;2550;2.79697042e-06
10878;3.500;4000;4050;2.79358248e-06
10879;5.200;4750;4800;2.79182793e-06
10880;7.300;2700;2750;2.78654676e-06
10881;1.000;4150;4200;2.78492724e-06
10882;3.500;3900;3950;2.78176937e-06
10883;7.400;3200;3250;2.77878266e-06
10884;1.400;1350;1400;2.77379045e-06
10885;13.100;4350;4400;2.77168475e-06
10886;8.200;4450;4500;2.77119236e-06
10887;5.800;3100;3150;2.77039866e-06
10888;10.400;2300;2350;2.76047996e-06
10889;0.700;3250;3300;2.75918934e-06
10890;12.300;4000;4050;2.75354251e-06
10891;0.800;2700;2750;2.75331367e-06
10892;0.500;3250;3300;2.75310108e-06
10893;0.700;3350;3400;2.74925578e-06
10894;8.000;3800;3850;2.74604599e-06
10895;9.400;2950;3000;2.74276394e-06
10896;3.100;650;700;2.73321873e-06
10897;12.200;4150;4200;2.73244347e-06
10898;5.200;3750;3800;2.73093377e-06
10899;12.700;4250;4300;2.72640429e-06
10900;5.700;3400;3450;2.72275873e-06
10901;10.000;2550;2600;2.71823347e-06
10902;8.500;4000;4050;2.71637578e-06
10903;8.800;3550;3600;2.71354532e-06
10904;0.300;2350;2400;2.71305374e-06
10905;12.700;4100;4150;2.70684091e-06
10906;1.100;3300;3350;2.70524135e-06
10907;5.400;4350;4400;2.70429597e-06
10908;5.300;4400;4450;2.69869649e-06
10909;15.300;4250;4300;2.69192183e-06
10910;12.700;4650;4700;2.68771458e-06
10911;10.100;2700;2750;2.68367831e-06
10912;1.100;4050;4100;2.67308813e-06
10913;3.400;2750;2800;2.67299316e-06
10914;12.700;4400;4450;2.67109070e-06
10915;0.400;2800;2850;2.66865311e-06
10916;1.400;2550;2600;2.66078295e-06
10917;11.900;4050;4100;2.65791030e-06
10918;3.600;4600;4650;2.65242083e-06
10919;6.000;3850;3900;2.64966591e-06
10920;12.200;4850;4900;2.64965826e-06
10921;12.800;3650;3700;2.63919809e-06
10922;9.700;2600;2650;2.63560301e-06
10923;7.800;2800;2850;2.63096152e-06
10924;12.900;4250;4300;2.63000898e-06
10925;5.700;3500;3550;2.62839975e-06
10926;13.500;3450;3500;2.62287871e-06
10927;1.900;3150;3200;2.62107220e-06
10928;9.300;3450;3500;2.62094777e-06
10929;3.100;2100;2150;2.61468258e-06
10930;14.500;4750;4800;2.61464186e-06
10931;11.900;3050;3100;2.61115014e-06
10932;10.900;2650;2700;2.60849180e-06
10933;8.600;3350;3400;2.60518157e-06
10934;5.800;4000;4050;2.60513070e-06
10935;0.500;3150;3200;2.60322390e-06
10936;12.400;3800;3850;2.59663143e-06
10937;15.800;2700;2750;2.59525133e-06
10938;8.400;4250;4300;2.59304032e-06
10939;9.200;4250;4300;2.59199906e-06
10940;14.500;4550;4600;2.58074918e-06
10941;7.400;2050;2100;2.57552422e-06
10942;7.600;2400;2450;2.56802290e-06
10943;9.300;3300;3350;2.56471343e-06
10944;9.800;2450;2500;2.56406886e-06
10945;11.000;2500;2550;2.56264733e-06
10946;12.600;3750;3800;2.55673851e-06
10947;4.900;3500;3550;2.55493856e-06
10948;13.400;4950;5000;2.54851633e-06
10949;5.600;3450;3500;2.54707309e-06
10950;12.400;4300;4350;2.53772642e-06
10951;3.800;4600;4650;2.53367098e-06
10952;11.900;4350;4400;2.52730602e-06
10953;15.600;3100;3150;2.52726653e-06
10954;0.600;1750;1800;2.52313374e-06
10955;2.900;1800;1850;2.51881402e-06
10956;12.900;3550;3600;2.51591999e-06
10957;8.500;4100;4150;2.51393685e-06
10958;15.200;3400;3450;2.50933456e-06
10959;6.200;3000;3050;2.50576429e-06
10960;13.800;4600;4650;2.50116309e-06
10961;15.000;4450;4500;2.49978900e-06
10962;1.700;2300;2350;2.49945942e-06
10963;1.200;3550;3600;2.49532425e-06
10964;2.900;900;950;2.49090488e-06
10965;13.200;3750;3800;2.48639519e-06
10966;10.600;2350;2400;2.48302400e-06
10967;4.600;3500;3550;2.48280230e-06
10968;7.600;1800;1850;2.48255602e-06
10969;14.400;4350;4400;2.47985242e-06
10970;8.100;4150;4200;2.47758756e-06
10971;7.700;3200;3250;2.47727864e-06
10972;14.800;4650;4700;2.46859815e-06
10973;13.900;3850;3900;2.46241961e-06
10974;3.500;2550;2600;2.45940365e-06
10975;1.800;3600;3650;2.45105606e-06
10976;0.400;4250;4300;2.45003046e-06
10977;3.800;3650;3700;2.44358604e-06
10978;8.000;4500;4550;2.43640728e-06
10979;0.900;3400;3450;2.43586601e-06
10980;0.300;2400;2450;2.43105115e-06
10981;3.500;4750;4800;2.42886860e-06
10982;5.600;3300;3350;2.42850516e-06
10983;7.500;1800;1850;2.40271810e-06
10984;9.500;3100;3150;2.39956564e-06
10985;0.300;2250;2300;2.39838916e-06
10986;0.600;3400;3450;2.39814442e-06
10987;7.200;2700;2750;2.39531248e-06
10988;14.100;4900;4950;2.39007480e-06
10989;3.700;3350;3400;2.38943357e-06
10990;15.400;3350;3400;2.38537124e-06
10991;12.000;4600;4650;2.37886301e-06
10992;13.700;3500;3550;2.37676553e-06
10993;8.400;4150;4200;2.37539637e-06
10994;5.900;2950;3000;2.37066972e-06
10995;0.700;4150;4200;2.36817093e-06
10996;3.500;3500;3550;2.36746979e-06
10997;10.800;2500;2550;2.36630205e-06
10998;0.200;4200;4250;2.35631600e-06
10999;13.400;3050;3100;2.35514879e-06
11000;7.300;2250;2300;2.34585011e-06
11001;14.800;4000;4050;2.34401981e-06
11002;12.700;4200;4250;2.33633651e-06
11003;3.800;3550;3600;2.33583038e-06
11004;9.000;4350;4400;2.33534154e-06
11005;13.700;3450;3500;2.33057033e-06
11006;1.000;4000;4050;2.32902395e-06
11007;8.800;3750;3800;2.32862245e-06
11008;15.100;3850;3900;2.32261664e-06
11009;15.200;3550;3600;2.32215542e-06
11010;7.100;2700;2750;2.32191979e-06
11011;1.600;3600;3650;2.31940982e-06
11012;14.900;4000;4050;2.31422835e-06
11013;0.500;2950;3000;2.30897149e-06
11014;10.600;2500;2550;2.30705685e-06
11015;9.800;2600;2650;2.30233715e-06
11016;8.200;3800;3850;2.30116856e-06
11017;3.500;3350;3400;2.30076854e-06
11018;12.100;4650;4700;2.29786376e-06
11019;3.200;650;700;2.29518768e-06
11020;8.300;4050;4100;2.28658018e-06
11021;12.100;4050;4100;2.28629118e-06
11022;12.800;4450;4500;2.28061907e-06
11023;0.300;3650;3700;2.27630321e-06
11024;0.200;4250;4300;2.27511945e-06
11025;8.600;3400;3450;2.26752800e-06
11026;0.800;3850;3900;2.26447419e-06
11027;9.000;4750;4800;2.26135614e-06
11028;11.000;2900;2950;2.26099745e-06
11029;0.300;2200;2250;2.26041517e-06
11030;2.200;2150;2200;2.25965935e-06
11031;3.700;3450;3500;2.25878060e-06
11032;1.500;1350;1400;2.25385831e-06
11033;12.500;4750;4800;2.24976334e-06
11034;6.500;2550;2600;2.24804408e-06
11035;12.800;3550;3600;2.24773721e-06
11036;2.200;3200;3250;2.24365601e-06
11037;10.700;2350;2400;2.24053384e-06
11038;14.700;4550;4600;2.24026218e-06
11039;7.700;2850;2900;2.23578878e-06
11040;12.700;3950;4000;2.23160062e-06
11041;4.800;4750;4800;2.23105817e-06
11042;13.100;4500;4550;2.22655596e-06
11043;15.400;3800;3850;2.22197555e-06
11044;0.300;3550;3600;2.22013768e-06
11045;3.300;650;700;2.21857380e-06
11046;5.500;3450;3500;2.21775677e-06
11047;6.000;3000;3050;2.21677750e-06
11048;0.700;3400;3450;2.21662161e-06
11049;8.300;4650;4700;2.20298872e-06
11050;5.600;4950;5000;2.20082255e-06
11051;9.000;4700;4750;2.19677413e-06
11052;1.100;3050;3100;2.19394749e-06
11053;3.500;3750;3800;2.19058643e-06
11054;9.700;3150;3200;2.18720135e-06
11055;15.600;3600;3650;2.18655683e-06
11056;6.600;3050;3100;2.18407535e-06
11057;1.000;4550;4600;2.18145087e-06
11058;0.400;3900;3950;2.17850304e-06
11059;7.700;2250;2300;2.17462717e-06
11060;8.700;4100;4150;2.17415082e-06
11061;2.800;650;700;2.16971001e-06
11062;8.400;3850;3900;2.15982952e-06
11063;12.300;4100;4150;2.15905240e-06
11064;1.600;2300;2350;2.15666842e-06
11065;3.200;900;950;2.15095151e-06
11066;4.500;4350;4400;2.15088554e-06
11067;0.300;4650;4700;2.14672126e-06
11068;15.000;4150;4200;2.14115341e-06
11069;8.400;4700;4750;2.14086469e-06
11070;10.900;2850;2900;2.13921902e-06
11071;8.400;4000;4050;2.13856216e-06
11072;1.800;3150;3200;2.12843660e-06
11073;4.500;4300;4350;2.12374441e-06
11074;3.500;3950;4000;2.12352658e-06
11075;10.000;2800;2850;2.12297691e-06
11076;6.100;3250;3300;2.12099909e-06
11077;3.600;4300;4350;2.11847550e-06
11078;5.600;3350;3400;2.11844802e-06
11079;12.900;3700;3750;2.11804802e-06
11080;9.200;3150;3200;2.11515717e-06
11081;2.000;3150;3200;2.11223077e-06
11082;1.800;2300;2350;2.10822559e-06
11083;8.200;3850;3900;2.10517730e-06
11084;3.500;3650;3700;2.10100816e-06
11085;3.700;4700;4750;2.09596788e-06
11086;8.800;3600;3650;2.09505182e-06
11087;4.700;4300;4350;2.09333363e-06
11088;3.600;4250;4300;2.09168495e-06
11089;10.400;2400;2450;2.08721875e-06
11090;0.900;4450;4500;2.08606329e-06
11091;1.000;4750;4800;2.08497716e-06
11092;7.000;3600;3650;2.07863524e-06
11093;9.000;4650;4700;2.07850784e-06
11094;13.700;2700;2750;2.07173066e-06
11095;8.700;4800;4850;2.07149736e-06
11096;4.900;4550;4600;2.07045242e-06
11097;3.500;4800;4850;2.06807249e-06
11098;0.200;3700;3750;2.06039467e-06
11099;6.000;4200;4250;2.05937952e-06
11100;3.300;900;950;2.05547226e-06
11101;7.400;2200;2250;2.05433862e-06
11102;12.700;4850;4900;2.05329888e-06
11103;8.400;4300;4350;2.05291276e-06
11104;11.900;2650;2700;2.04985933e-06
11105;3.600;3500;3550;2.04654332e-06
11106;7.600;3200;3250;2.04307899e-06
11107;9.700;2450;2500;2.04014960e-06
11108;9.100;3950;4000;2.03628119e-06
11109;12.300;4400;4450;2.03286536e-06
11110;1.300;3150;3200;2.03280576e-06
11111;12.000;4500;4550;2.01639682e-06
11112;2.600;2400;2450;2.01549446e-06
11113;13.100;4850;4900;2.01510080e-06
11114;8.500;4050;4100;2.01135616e-06
11115;7.000;2700;2750;2.01132412e-06
11116;10.500;2350;2400;2.01014721e-06
11117;12.300;3800;3850;2.00518146e-06
11118;2.100;2150;2200;2.00303700e-06
11119;8.800;3650;3700;1.99864916e-06
11120;8.700;3950;4000;1.99701727e-06
11121;0.400;3950;4000;1.99466275e-06
11122;9.100;4250;4300;1.98496927e-06
11123;11.600;2250;2300;1.98439342e-06
11124;14.600;3750;3800;1.98425555e-06
11125;10.600;2750;2800;1.98186006e-06
11126;13.800;3550;3600;1.98091984e-06
11127;10.900;2300;2350;1.98001523e-06
11128;3.100;900;950;1.97568378e-06
11129;13.600;3300;3350;1.97412313e-06
11130;8.100;3900;3950;1.97019946e-06
11131;0.400;4100;4150;1.96955768e-06
11132;0.700;3550;3600;1.96919280e-06
11133;13.300;4100;4150;1.96917438e-06
11134;12.400;4650;4700;1.96749814e-06
11135;3.700;3950;4000;1.96716210e-06
11136;6.100;2950;3000;1.96656742e-06
11137;11.900;3200;3250;1.96492942e-06
11138;5.800;4500;4550;1.96262188e-06
11139;15.200;4100;4150;1.95895656e-06
11140;3.800;4150;4200;1.95598656e-06
11141;10.100;2550;2600;1.95545682e-06
11142;6.300;3800;3850;1.95409743e-06
11143;1.100;3250;3300;1.94749718e-06
11144;2.500;2400;2450;1.94398386e-06
11145;0.300;3350;3400;1.93833650e-06
11146;6.400;2900;2950;1.93507629e-06
11147;3.700;4250;4300;1.93313794e-06
11148;5.900;4200;4250;1.92887749e-06
11149;12.000;4800;4850;1.92655568e-06
11150;3.500;4600;4650;1.92338832e-06
11151;10.500;2550;2600;1.92226611e-06
11152;9.000;4000;4050;1.92014340e-06
11153;12.400;3950;4000;1.91614656e-06
11154;7.400;2700;2750;1.90545991e-06
11155;10.400;2750;2800;1.90539798e-06
11156;15.200;4400;4450;1.90466859e-06
11157;5.700;4500;4550;1.90049772e-06
11158;2.900;650;700;1.89493259e-06
11159;6.600;2900;2950;1.89459008e-06
11160;12.900;3350;3400;1.89251409e-06
11161;5.900;3350;3400;1.89009518e-06
11162;15.300;3550;3600;1.88871815e-06
11163;1.600;1350;1400;1.88796707e-06
11164;9.000;4500;4550;1.88767558e-06
11165;3.700;4850;4900;1.87998590e-06
11166;11.900;4650;4700;1.87984405e-06
11167;15.400;3600;3650;1.87712133e-06
11168;14.500;4900;4950;1.87626391e-06
11169;14.500;4350;4400;1.87590125e-06
11170;12.300;3900;3950;1.87488615e-06
11171;0.800;3550;3600;1.86969065e-06
11172;5.700;3450;3500;1.86666231e-06
11173;2.300;2150;2200;1.86622491e-06
11174;3.700;4750;4800;1.86494967e-06
11175;15.300;3400;3450;1.86468660e-06
11176;1.100;3350;3400;1.86364446e-06
11177;0.800;4200;4250;1.86217093e-06
11178;5.300;4800;4850;1.85827652e-06
11179;11.000;2650;2700;1.85751898e-06
11180;15.700;3300;3350;1.85565559e-06
11181;5.600;4250;4300;1.84698009e-06
11182;1.900;2500;2550;1.83989036e-06
11183;15.100;3550;3600;1.83050027e-06
11184;8.900;4550;4600;1.82776162e-06
11185;3.000;650;700;1.82576467e-06
11186;0.400;3700;3750;1.82026570e-06
11187;3.600;4150;4200;1.81838329e-06
11188;0.200;3500;3550;1.81745603e-06
11189;15.200;3500;3550;1.81608614e-06
11190;7.300;3150;3200;1.81397793e-06
11191;1.800;2500;2550;1.81214867e-06
11192;5.500;3500;3550;1.81024894e-06
11193;3.700;3900;3950;1.80765980e-06
11194;8.300;4350;4400;1.80649814e-06
11195;8.300;4550;4600;1.80598425e-06
11196;12.700;4800;4850;1.80584439e-06
11197;1.400;2050;2100;1.80494100e-06
11198;3.800;2550;2600;1.80418725e-06
11199;3.600;4850;4900;1.80319483e-06
11200;13.600;2600;2650;1.79163724e-06
11201;3.800;4100;4150;1.79074935e-06
11202;4.300;4550;4600;1.78821032e-06
11203;11.900;4600;4650;1.78673218e-06
11204;10.200;2700;2750;1.78636493e-06
11205;14.400;4950;5000;1.78491487e-06
11206;0.200;4100;4150;1.78270376e-06
11207;15.900;3250;3300;1.78235847e-06
11208;8.900;4300;4350;1.78050426e-06
11209;1.100;2900;2950;1.77925088e-06
11210;8.600;4000;4050;1.77887955e-06
11211;3.700;4300;4350;1.77790661e-06
11212;8.500;3850;3900;1.77272563e-06
11213;3.500;4150;4200;1.77213464e-06
11214;0.200;4800;4850;1.77161105e-06
11215;7.900;4250;4300;1.77009983e-06
11216;15.500;3400;3450;1.76324859e-06
11217;9.500;3250;3300;1.75957658e-06
11218;1.000;4300;4350;1.75586655e-06
11219;8.700;4400;4450;1.75306514e-06
11220;11.200;2850;2900;1.75150616e-06
11221;15.300;3650;3700;1.74381652e-06
11222;8.200;4750;4800;1.74225649e-06
11223;6.600;2550;2600;1.73174618e-06
11224;0.300;2450;2500;1.72960684e-06
11225;11.900;4850;4900;1.72939535e-06
11226;8.100;4100;4150;1.72645744e-06
11227;12.200;4350;4400;1.72627001e-06
11228;10.800;2350;2400;1.72618999e-06
11229;0.300;3300;3350;1.72336619e-06
11230;5.700;4450;4500;1.72172732e-06
11231;7.900;4450;4500;1.72049291e-06
11232;3.800;3750;3800;1.71869188e-06
11233;7.600;2200;2250;1.71755611e-06
11234;12.400;4400;4450;1.71731703e-06
11235;13.200;4700;4750;1.71432458e-06
11236;5.700;4000;4050;1.71161334e-06
11237;13.500;4650;4700;1.71114066e-06
11238;7.700;1800;1850;1.70606599e-06
11239;8.300;4300;4350;1.69591228e-06
11240;0.500;3450;3500;1.69326825e-06
11241;12.500;4350;4400;1.69317600e-06
11242;3.400;650;700;1.68942889e-06
11243;15.100;4100;4150;1.68759962e-06
11244;12.900;3750;3800;1.68077188e-06
11245;12.000;4150;4200;1.68002591e-06
11246;9.000;4450;4500;1.67649550e-06
11247;15.100;4850;4900;1.67475956e-06
11248;13.400;3000;3050;1.67351338e-06
11249;13.600;3250;3300;1.67153111e-06
11250;11.100;2850;2900;1.66727943e-06
11251;6.900;3050;3100;1.66553303e-06
11252;1.200;2850;2900;1.66328680e-06
11253;4.600;4500;4550;1.66022662e-06
11254;6.000;3350;3400;1.66004423e-06
11255;7.900;4700;4750;1.65876444e-06
11256;1.800;2150;2200;1.65294088e-06
11257;3.500;4450;4500;1.65234255e-06
11258;3.800;3500;3550;1.65021305e-06
11259;2.100;2400;2450;1.64537157e-06
11260;8.600;3900;3950;1.64389861e-06
11261;3.600;4900;4950;1.64356792e-06
11262;3.500;4850;4900;1.64022070e-06
11263;13.700;3400;3450;1.63943161e-06
11264;3.600;4700;4750;1.63798196e-06
11265;9.400;3500;3550;1.62787911e-06
11266;12.500;4300;4350;1.62742664e-06
11267;13.600;3450;3500;1.62536447e-06
11268;3.500;4400;4450;1.62267882e-06
11269;15.000;4000;4050;1.62163036e-06
11270;0.500;3500;3550;1.61743385e-06
11271;9.600;3100;3150;1.61183935e-06
11272;5.800;3250;3300;1.61060341e-06
11273;15.600;3350;3400;1.61013772e-06
11274;8.300;4250;4300;1.60797625e-06
11275;1.700;2050;2100;1.60653635e-06
11276;3.600;3950;4000;1.60509876e-06
11277;6.800;2600;2650;1.60346121e-06
11278;14.900;4650;4700;1.60286033e-06
11279;11.100;2650;2700;1.59946062e-06
11280;1.600;2050;2100;1.59926992e-06
11281;8.100;3850;3900;1.59819747e-06
11282;7.900;4950;5000;1.59776616e-06
11283;6.000;2950;3000;1.59385171e-06
11284;10.200;2750;2800;1.59065168e-06
11285;8.200;4150;4200;1.58719273e-06
11286;15.300;4100;4150;1.58461625e-06
11287;12.700;3900;3950;1.57609011e-06
11288;10.700;2500;2550;1.57342614e-06
11289;7.200;3600;3650;1.57227056e-06
11290;3.600;4950;5000;1.57017180e-06
11291;8.300;3850;3900;1.56069135e-06
11292;14.600;4750;4800;1.55852447e-06
11293;15.100;3750;3800;1.55779211e-06
11294;10.900;2900;2950;1.55616177e-06
11295;14.500;4950;5000;1.55597475e-06
11296;1.800;2050;2100;1.55567237e-06
11297;3.700;4000;4050;1.55556052e-06
11298;2.700;2400;2450;1.55436322e-06
11299;6.200;3100;3150;1.54853735e-06
11300;12.800;4650;4700;1.54528272e-06
11301;8.200;4600;4650;1.54409037e-06
11302;2.400;2400;2450;1.54294464e-06
11303;14.700;4950;5000;1.53787754e-06
11304;11.000;2300;2350;1.53634670e-06
11305;7.900;4750;4800;1.53486029e-06
11306;13.900;3250;3300;1.53279708e-06
11307;14.900;3850;3900;1.53024942e-06
11308;7.300;2850;2900;1.52972900e-06
11309;8.100;4500;4550;1.52782850e-06
11310;6.200;3800;3850;1.52586378e-06
11311;14.800;3700;3750;1.52204356e-06
11312;1.900;2300;2350;1.52147771e-06
11313;11.800;2200;2250;1.52089052e-06
11314;1.000;4250;4300;1.51563401e-06
11315;0.500;2250;2300;1.51293352e-06
11316;14.600;3700;3750;1.51218501e-06
11317;8.500;4150;4200;1.51134705e-06
11318;14.900;4600;4650;1.50889716e-06
11319;8.500;4250;4300;1.50845564e-06
11320;1.800;1350;1400;1.50666500e-06
11321;0.600;2950;3000;1.50570347e-06
11322;12.800;3700;3750;1.50557458e-06
11323;3.400;1800;1850;1.50273305e-06
11324;0.900;4800;4850;1.49866919e-06
11325;12.800;3350;3400;1.49795996e-06
11326;6.700;2200;2250;1.49681578e-06
11327;5.600;3500;3550;1.49494890e-06
11328;2.200;1350;1400;1.49244771e-06
11329;3.700;4150;4200;1.48749767e-06
11330;15.500;3350;3400;1.48483424e-06
11331;7.500;2250;2300;1.48452175e-06
11332;12.600;3500;3550;1.48182597e-06
11333;0.800;4100;4150;1.47977681e-06
11334;6.100;3100;3150;1.47976000e-06
11335;15.500;3650;3700;1.47875769e-06
11336;15.900;3200;3250;1.47743275e-06
11337;10.100;2450;2500;1.47739901e-06
11338;15.800;3150;3200;1.47678752e-06
11339;5.700;4900;4950;1.47631820e-06
11340;3.800;4650;4700;1.47352712e-06
11341;12.600;4450;4500;1.47015251e-06
11342;12.900;4850;4900;1.46529350e-06
11343;9.000;3750;3800;1.46314878e-06
11344;1.500;2050;2100;1.46211300e-06
11345;4.600;4300;4350;1.45948197e-06
11346;10.400;2700;2750;1.45369095e-06
11347;0.900;4400;4450;1.44923680e-06
11348;0.900;3450;3500;1.44881729e-06
11349;7.800;3200;3250;1.44867718e-06
11350;10.900;2350;2400;1.44767579e-06
11351;3.600;4800;4850;1.44572924e-06
11352;0.800;3000;3050;1.44544991e-06
11353;13.200;3350;3400;1.44514764e-06
11354;2.800;2800;2850;1.44364851e-06
11355;12.700;4750;4800;1.44299924e-06
11356;8.700;4850;4900;1.44125505e-06
11357;8.500;4800;4850;1.43569463e-06
11358;1.500;1750;1800;1.43440055e-06
11359;5.700;2950;3000;1.43418121e-06
11360;10.100;2800;2850;1.43231095e-06
11361;7.500;3200;3250;1.42186514e-06
11362;7.800;1800;1850;1.42110848e-06
11363;5.800;3500;3550;1.41934562e-06
11364;13.200;4750;4800;1.41130581e-06
11365;0.600;3450;3500;1.41060064e-06
11366;6.800;3650;3700;1.40781409e-06
11367;9.600;2600;2650;1.40543381e-06
11368;12.400;4450;4500;1.39799833e-06
11369;3.800;4700;4750;1.39773420e-06
11370;5.900;3300;3350;1.39319970e-06
11371;7.300;3600;3650;1.39219612e-06
11372;1.600;3150;3200;1.39135751e-06
11373;6.700;3050;3100;1.39079905e-06
11374;12.200;4650;4700;1.38724625e-06
11375;15.000;4800;4850;1.38713891e-06
11376;0.500;2800;2850;1.38566224e-06
11377;10.600;2550;2600;1.38040970e-06
11378;8.700;3900;3950;1.37801575e-06
11379;4.500;4600;4650;1.37785474e-06
11380;3.800;3100;3150;1.37621683e-06
11381;3.500;4350;4400;1.37416213e-06
11382;8.800;3950;4000;1.37222285e-06
11383;12.200;4750;4800;1.37189372e-06
11384;8.000;4450;4500;1.36363186e-06
11385;8.700;3800;3850;1.36213827e-06
11386;5.800;3350;3400;1.36064819e-06
11387;3.700;4800;4850;1.36005668e-06
11388;9.600;3200;3250;1.35624946e-06
11389;9.100;4600;4650;1.35603527e-06
11390;6.200;3250;3300;1.35570440e-06
11391;1.500;2300;2350;1.34826747e-06
11392;4.700;4950;5000;1.34676415e-06
11393;3.800;3700;3750;1.34583706e-06
11394;1.400;2300;2350;1.34177933e-06
11395;0.200;4700;4750;1.34134670e-06
11396;8.400;4650;4700;1.33556496e-06
11397;3.800;4250;4300;1.33295201e-06
11398;10.200;2300;2350;1.32327418e-06
11399;10.200;2350;2400;1.32252683e-06
11400;4.500;4750;4800;1.32072291e-06
11401;4.300;4950;5000;1.31769416e-06
11402;13.200;3800;3850;1.31605855e-06
11403;0.600;2000;2050;1.31430744e-06
11404;5.500;3950;4000;1.31296279e-06
11405;14.400;4900;4950;1.31246257e-06
11406;11.100;2500;2550;1.31156044e-06
11407;0.200;4750;4800;1.31118100e-06
11408;1.000;4450;4500;1.31004039e-06
11409;10.300;2400;2450;1.31003050e-06
11410;11.000;2400;2450;1.30910523e-06
11411;2.400;2150;2200;1.30769084e-06
11412;3.500;3300;3350;1.30566262e-06
11413;6.300;3550;3600;1.30467768e-06
11414;12.000;4250;4300;1.30445711e-06
11415;5.500;4800;4850;1.30319190e-06
11416;0.400;4800;4850;1.30233002e-06
11417;12.600;4400;4450;1.30040951e-06
11418;6.800;2550;2600;1.29851505e-06
11419;12.600;3550;3600;1.29615353e-06
11420;15.600;4200;4250;1.29601069e-06
11421;8.100;4950;5000;1.29379235e-06
11422;9.200;3100;3150;1.29009113e-06
11423;15.500;4100;4150;1.28889798e-06
11424;14.800;4700;4750;1.28880533e-06
11425;12.900;4150;4200;1.28849632e-06
11426;8.900;4450;4500;1.28682778e-06
11427;5.400;4150;4200;1.28446532e-06
11428;8.300;4600;4650;1.28368881e-06
11429;0.900;4300;4350;1.28362972e-06
11430;1.000;4950;5000;1.28279310e-06
11431;5.300;3750;3800;1.27882006e-06
11432;13.500;4950;5000;1.27850135e-06
11433;15.700;3600;3650;1.27664857e-06
11434;3.800;4300;4350;1.27268975e-06
11435;0.700;4000;4050;1.27003818e-06
11436;8.100;4750;4800;1.26707853e-06
11437;14.700;4900;4950;1.26672271e-06
11438;9.700;3000;3050;1.26552746e-06
11439;12.100;4400;4450;1.26174110e-06
11440;15.300;3750;3800;1.26076160e-06
11441;3.500;4950;5000;1.25974683e-06
11442;13.500;3400;3450;1.25892035e-06
11443;2.100;1350;1400;1.25858302e-06
11444;13.900;3500;3550;1.25821557e-06
11445;0.500;3700;3750;1.25485054e-06
11446;9.900;3300;3350;1.25195570e-06
11447;6.000;4000;4050;1.25077641e-06
11448;0.200;3900;3950;1.25003643e-06
11449;4.800;4500;4550;1.24914173e-06
11450;11.200;2650;2700;1.24871757e-06
11451;15.400;3550;3600;1.24460656e-06
11452;7.500;2700;2750;1.24283344e-06
11453;6.100;3800;3850;1.24004280e-06
11454;14.500;4500;4550;1.23887347e-06
11455;0.200;4850;4900;1.23880226e-06
11456;8.600;3800;3850;1.23856688e-06
11457;15.400;4100;4150;1.23536395e-06
11458;5.800;4450;4500;1.23318336e-06
11459;0.900;4850;4900;1.23113151e-06
11460;0.200;3800;3850;1.22940377e-06
11461;3.500;3700;3750;1.22782549e-06
11462;0.800;3450;3500;1.22489176e-06
11463;8.800;4200;4250;1.22459987e-06
11464;12.900;3800;3850;1.22379422e-06
11465;2.000;1350;1400;1.22345936e-06
11466;1.900;2050;2100;1.22339574e-06
11467;13.400;4050;4100;1.21917801e-06
11468;9.300;4250;4300;1.21876900e-06
11469;12.200;4800;4850;1.21525411e-06
11470;14.900;3750;3800;1.21440101e-06
11471;7.700;2400;2450;1.21305677e-06
11472;5.800;3400;3450;1.21302330e-06
11473;13.900;3450;3500;1.21054652e-06
11474;12.300;4050;4100;1.20700376e-06
11475;6.300;3100;3150;1.20692346e-06
11476;15.200;4250;4300;1.20684664e-06
11477;6.100;3550;3600;1.20553591e-06
11478;1.400;2650;2700;1.20189017e-06
11479;8.400;4550;4600;1.20183231e-06
11480;3.800;4050;4100;1.19808982e-06
11481;0.700;4700;4750;1.19729645e-06
11482;8.500;4350;4400;1.19486803e-06
11483;12.400;4950;5000;1.19455581e-06
11484;1.900;2550;2600;1.19352587e-06
11485;15.000;4650;4700;1.19134546e-06
11486;3.500;4500;4550;1.19039145e-06
11487;15.200;4050;4100;1.18791191e-06
11488;6.000;3100;3150;1.18639979e-06
11489;12.600;3900;3950;1.18512830e-06
11490;1.900;1350;1400;1.18407934e-06
11491;13.500;2950;3000;1.18371260e-06
11492;15.500;3800;3850;1.18256077e-06
11493;2.000;2500;2550;1.18206578e-06
11494;15.100;4300;4350;1.17397912e-06
11495;6.800;3050;3100;1.17199817e-06
11496;8.700;4700;4750;1.16892619e-06
11497;15.500;3550;3600;1.16827808e-06
11498;2.000;2150;2200;1.16798328e-06
11499;8.100;4250;4300;1.16730006e-06
11500;0.700;3600;3650;1.16621140e-06
11501;8.700;4750;4800;1.16520030e-06
11502;15.200;3800;3850;1.16506713e-06
11503;11.900;4300;4350;1.16414272e-06
11504;4.900;4500;4550;1.16279292e-06
11505;1.800;2550;2600;1.15835214e-06
11506;12.200;4050;4100;1.15789786e-06
11507;15.000;4850;4900;1.15726999e-06
11508;9.000;3800;3850;1.15096220e-06
11509;14.700;4350;4400;1.15090964e-06
11510;1.500;2650;2700;1.14931794e-06
11511;6.200;3550;3600;1.14529811e-06
11512;5.200;4800;4850;1.14438479e-06
11513;0.600;3250;3300;1.14304766e-06
11514;15.400;4300;4350;1.14282082e-06
11515;11.500;2900;2950;1.14241816e-06
11516;9.300;3400;3450;1.14121527e-06
11517;1.500;2500;2550;1.14068696e-06
11518;12.900;4800;4850;1.13903752e-06
11519;12.800;4400;4450;1.13628400e-06
11520;3.200;2100;2150;1.13577250e-06
11521;6.400;3800;3850;1.13554248e-06
11522;9.600;2950;3000;1.13171740e-06
11523;14.900;4150;4200;1.13166268e-06
11524;1.300;2700;2750;1.13067273e-06
11525;8.400;4750;4800;1.13002041e-06
11526;13.100;4900;4950;1.12963924e-06
11527;3.500;4900;4950;1.12723280e-06
11528;12.900;3950;4000;1.12693416e-06
11529;14.800;3750;3800;1.12405770e-06
11530;15.200;3950;4000;1.11990438e-06
11531;12.700;4700;4750;1.11934234e-06
11532;1.200;2650;2700;1.11923123e-06
11533;14.600;4800;4850;1.11912470e-06
11534;2.100;3150;3200;1.11897882e-06
11535;3.400;900;950;1.11514860e-06
11536;14.600;4350;4400;1.11457242e-06
11537;9.300;3000;3050;1.11434475e-06
11538;7.100;3600;3650;1.11163588e-06
11539;1.700;3150;3200;1.10841262e-06
11540;3.300;1800;1850;1.10623053e-06
11541;12.500;4500;4550;1.10516047e-06
11542;3.700;4350;4400;1.10505581e-06
11543;15.700;3350;3400;1.10106740e-06
11544;1.100;3400;3450;1.09927076e-06
11545;5.300;3700;3750;1.09900474e-06
11546;15.800;4050;4100;1.09858701e-06
11547;15.000;4700;4750;1.09838700e-06
11548;1.700;1350;1400;1.09816791e-06
11549;5.900;3500;3550;1.09522697e-06
11550;12.300;4350;4400;1.09388587e-06
11551;13.900;3400;3450;1.09376461e-06
11552;15.400;3850;3900;1.09194435e-06
11553;11.900;3350;3400;1.09063059e-06
11554;5.300;4100;4150;1.08971448e-06
11555;4.600;4350;4400;1.08904407e-06
11556;15.300;3800;3850;1.08825258e-06
11557;11.300;2850;2900;1.08689397e-06
11558;5.500;4150;4200;1.08613626e-06
11559;6.700;2550;2600;1.08505237e-06
11560;15.600;3800;3850;1.08477704e-06
11561;9.400;3000;3050;1.08117185e-06
11562;6.500;3000;3050;1.08040161e-06
11563;8.700;4300;4350;1.07840534e-06
11564;8.500;4550;4600;1.07547826e-06
11565;11.900;4800;4850;1.07318752e-06
11566;7.000;3050;3100;1.07287948e-06
11567;8.800;3500;3550;1.07231178e-06
11568;2.800;2400;2450;1.06884074e-06
11569;7.800;2400;2450;1.06530896e-06
11570;10.000;3250;3300;1.06262847e-06
11571;9.100;3350;3400;1.06097924e-06
11572;15.400;4200;4250;1.05792886e-06
11573;13.700;3100;3150;1.05774963e-06
11574;8.400;4600;4650;1.05667516e-06
11575;12.500;4950;5000;1.05397709e-06
11576;0.500;3050;3100;1.05275782e-06
11577;7.400;3600;3650;1.05206867e-06
11578;6.100;3350;3400;1.05147219e-06
11579;9.800;3000;3050;1.05001351e-06
11580;6.500;3800;3850;1.04987284e-06
11581;1.200;2450;2500;1.04632985e-06
11582;12.300;4200;4250;1.04518452e-06
11583;12.100;3900;3950;1.04489770e-06
11584;13.600;3400;3450;1.04445678e-06
11585;13.200;3950;4000;1.04391790e-06
11586;13.300;3800;3850;1.04318479e-06
11587;6.900;2200;2250;1.04259832e-06
11588;0.500;3950;4000;1.03935504e-06
11589;0.700;3750;3800;1.03854193e-06
11590;5.800;3300;3350;1.03562217e-06
11591;0.400;4650;4700;1.03473590e-06
11592;10.200;2450;2500;1.03340131e-06
11593;2.100;3600;3650;1.03160488e-06
11594;12.400;3650;3700;1.02914826e-06
11595;0.400;4850;4900;1.02914052e-06
11596;15.900;4050;4100;1.02419420e-06
11597;0.800;3100;3150;1.02080177e-06
11598;5.300;4650;4700;1.01991948e-06
11599;4.700;4900;4950;1.01735989e-06
11600;3.800;4800;4850;1.01433127e-06
11601;9.500;3000;3050;1.01134106e-06
11602;0.400;4150;4200;1.00989104e-06
11603;7.700;2200;2250;1.00856395e-06
11604;15.200;4150;4200;1.00792105e-06
11605;11.900;3850;3900;1.00748354e-06
11606;12.200;4200;4250;1.00533440e-06
11607;5.800;2950;3000;1.00289447e-06
11608;8.400;4400;4450;1.00218172e-06
11609;13.400;3350;3400;1.00043467e-06
11610;14.800;4550;4600;9.99865039e-07
11611;13.500;3100;3150;9.99460910e-07
11612;0.400;4000;4050;9.98800266e-07
11613;0.300;3950;4000;9.96699617e-07
11614;11.900;3800;3850;9.95124214e-07
11615;11.100;2300;2350;9.93718966e-07
11616;15.100;4150;4200;9.93667943e-07
11617;13.900;3750;3800;9.93460537e-07
11618;5.300;4700;4750;9.92843506e-07
11619;12.000;4550;4600;9.88486107e-07
11620;3.600;4500;4550;9.83447829e-07
11621;3.700;3500;3550;9.83018226e-07
11622;0.400;4700;4750;9.82136491e-07
11623;12.800;3750;3800;9.80866598e-07
11624;5.600;4500;4550;9.80753221e-07
11625;10.300;2700;2750;9.79963202e-07
11626;5.500;4100;4150;9.78828983e-07
11627;15.000;4350;4400;9.78610933e-07
11628;1.500;3600;3650;9.77542393e-07
11629;3.800;4350;4400;9.77240032e-07
11630;3.800;4450;4500;9.77192392e-07
11631;15.600;3400;3450;9.74622415e-07
11632;12.300;4300;4350;9.73241838e-07
11633;6.300;2900;2950;9.72633456e-07
11634;15.300;3700;3750;9.71284865e-07
11635;6.200;2950;3000;9.70757238e-07
11636;5.300;4150;4200;9.68909244e-07
11637;3.800;3900;3950;9.67357726e-07
11638;8.700;4350;4400;9.64429940e-07
11639;1.700;2500;2550;9.60871530e-07
11640;15.800;3500;3550;9.58983260e-07
11641;12.400;4000;4050;9.57565062e-07
11642;8.100;4700;4750;9.55509283e-07
11643;1.000;4800;4850;9.54024823e-07
11644;15.500;3850;3900;9.53867750e-07
11645;1.100;3950;4000;9.53011616e-07
11646;7.900;4900;4950;9.52873801e-07
11647;8.600;3950;4000;9.52733096e-07
11648;1.100;2950;3000;9.52629356e-07
11649;8.500;4650;4700;9.50318740e-07
11650;2.000;2050;2100;9.49400677e-07
11651;12.800;3950;4000;9.45468493e-07
11652;7.000;2600;2650;9.44140000e-07
11653;9.900;2600;2650;9.39862557e-07
11654;13.700;2600;2650;9.39375227e-07
11655;11.400;2900;2950;9.38042510e-07
11656;9.400;3450;3500;9.38007141e-07
11657;0.500;3600;3650;9.36869063e-07
11658;11.200;2900;2950;9.33932479e-07
11659;5.400;4100;4150;9.33866588e-07
11660;12.600;4000;4050;9.33758956e-07
11661;0.300;3250;3300;9.32191205e-07
11662;13.900;4600;4650;9.31955717e-07
11663;2.500;1350;1400;9.31274442e-07
11664;3.800;4000;4050;9.30937836e-07
11665;9.100;4650;4700;9.24502340e-07
11666;13.300;3350;3400;9.24285033e-07
11667;13.800;2600;2650;9.23465104e-07
11668;12.700;4300;4350;9.21801993e-07
11669;11.700;2250;2300;9.21709440e-07
11670;13.300;3600;3650;9.20848772e-07
11671;11.900;3750;3800;9.20629435e-07
11672;6.000;3300;3350;9.14993968e-07
11673;5.700;4800;4850;9.13618111e-07
11674;6.300;2950;3000;9.13544127e-07
11675;5.700;4850;4900;9.13397084e-07
11676;15.600;3650;3700;9.12877510e-07
11677;15.900;3150;3200;9.10517381e-07
11678;1.000;4600;4650;9.08136127e-07
11679;9.400;4250;4300;9.07055362e-07
11680;8.700;4150;4200;9.04237491e-07
11681;15.500;4300;4350;9.04177827e-07
11682;12.900;4400;4450;9.03843605e-07
11683;6.400;3000;3050;9.03234853e-07
11684;9.700;3300;3350;9.03073087e-07
11685;0.200;3950;4000;9.01685955e-07
11686;15.600;3500;3550;9.00497415e-07
11687;3.700;4450;4500;9.00376116e-07
11688;11.400;2850;2900;8.99204016e-07
11689;9.100;3750;3800;8.96518614e-07
11690;15.100;3950;4000;8.95761553e-07
11691;0.400;3750;3800;8.94205996e-07
11692;0.800;3250;3300;8.92585928e-07
11693;13.600;3100;3150;8.91896314e-07
11694;9.900;3550;3600;8.91875516e-07
11695;9.000;4550;4600;8.91442966e-07
11696;13.500;3050;3100;8.89743509e-07
11697;6.400;3250;3300;8.82045419e-07
11698;2.500;3200;3250;8.80207999e-07
11699;8.500;4450;4500;8.79266595e-07
11700;3.700;4550;4600;8.77915326e-07
11701;11.300;2900;2950;8.77790760e-07
11702;5.400;4650;4700;8.76862995e-07
11703;0.900;4750;4800;8.76691749e-07
11704;6.900;3000;3050;8.75603243e-07
11705;12.400;4350;4400;8.74886801e-07
11706;15.700;3800;3850;8.72406530e-07
11707;8.300;4400;4450;8.71685822e-07
11708;0.500;3900;3950;8.69442027e-07
11709;5.600;4150;4200;8.69318645e-07
11710;11.500;2850;2900;8.68458346e-07
11711;4.400;4950;5000;8.67132547e-07
11712;5.900;3400;3450;8.65485903e-07
11713;0.500;3100;3150;8.63587937e-07
11714;6.300;3850;3900;8.63274997e-07
11715;9.800;3200;3250;8.62971744e-07
11716;10.000;3300;3350;8.62955445e-07
11717;12.100;4300;4350;8.61623423e-07
11718;3.800;4850;4900;8.61248482e-07
11719;12.300;4750;4800;8.61122422e-07
11720;12.600;4850;4900;8.58862251e-07
11721;15.100;4250;4300;8.58339202e-07
11722;3.000;1800;1850;8.56373538e-07
11723;2.500;2150;2200;8.54651690e-07
11724;13.200;3650;3700;8.54633916e-07
11725;9.100;3850;3900;8.54324532e-07
11726;12.100;4100;4150;8.53240976e-07
11727;6.400;3100;3150;8.53233152e-07
11728;10.400;2350;2400;8.52712516e-07
11729;15.300;3950;4000;8.52663135e-07
11730;0.800;3400;3450;8.50486370e-07
11731;0.200;4300;4350;8.45123365e-07
11732;9.000;4850;4900;8.44836891e-07
11733;13.200;3700;3750;8.44792228e-07
11734;0.200;4400;4450;8.44597713e-07
11735;3.800;4950;5000;8.43215849e-07
11736;3.600;4550;4600;8.40393018e-07
11737;4.600;4750;4800;8.40243899e-07
11738;8.400;4350;4400;8.39134961e-07
11739;9.500;4250;4300;8.36393226e-07
11740;9.200;3500;3550;8.34538670e-07
11741;0.400;4400;4450;8.33610998e-07
11742;9.100;4100;4150;8.31129771e-07
11743;3.700;3850;3900;8.28736064e-07
11744;3.800;3850;3900;8.28109952e-07
11745;10.800;2650;2700;8.24641055e-07
11746;3.700;4950;5000;8.22461050e-07
11747;2.000;2300;2350;8.20708478e-07
11748;9.000;4300;4350;8.18346975e-07
11749;6.900;2550;2600;8.17765971e-07
11750;0.500;3300;3350;8.15325580e-07
11751;0.800;3300;3350;8.14617521e-07
11752;5.800;3450;3500;8.14327231e-07
11753;5.800;4900;4950;8.14199925e-07
11754;12.300;4650;4700;8.14193156e-07
11755;3.800;3950;4000;8.13783296e-07
11756;0.600;2800;2850;8.13137970e-07
11757;10.500;2900;2950;8.11800127e-07
11758;4.900;4900;4950;8.11102727e-07
11759;5.600;4450;4500;8.10940940e-07
11760;5.700;4400;4450;8.09432920e-07
11761;6.700;3650;3700;8.08026645e-07
11762;8.900;4950;5000;8.04973781e-07
11763;10.700;2550;2600;8.04828192e-07
11764;12.400;4900;4950;8.03125834e-07
11765;9.200;4600;4650;8.02154163e-07
11766;4.700;4550;4600;8.00187436e-07
11767;7.400;2250;2300;7.98469543e-07
11768;4.800;4300;4350;7.98231591e-07
11769;15.100;3900;3950;7.95441722e-07
11770;1.300;2650;2700;7.95062587e-07
11771;12.800;3800;3850;7.94958633e-07
11772;8.800;4000;4050;7.92963279e-07
11773;0.300;3600;3650;7.92763229e-07
11774;9.200;3050;3100;7.92335477e-07
11775;13.200;4150;4200;7.92161980e-07
11776;9.000;4950;5000;7.91964377e-07
11777;8.100;3800;3850;7.89627690e-07
11778;8.300;3800;3850;7.89233597e-07
11779;6.900;2600;2650;7.88084193e-07
11780;9.800;3300;3350;7.86935115e-07
11781;13.900;3700;3750;7.85362591e-07
11782;12.600;4800;4850;7.82713010e-07
11783;13.700;4650;4700;7.82544117e-07
11784;6.500;3250;3300;7.80092139e-07
11785;15.200;4850;4900;7.78971800e-07
11786;15.600;3850;3900;7.77595720e-07
11787;9.200;3750;3800;7.76115533e-07
11788;0.800;2950;3000;7.75480437e-07
11789;5.600;4900;4950;7.72106161e-07
11790;8.500;4300;4350;7.71980742e-07
11791;13.900;2950;3000;7.71761597e-07
11792;6.600;3650;3700;7.70737385e-07
11793;15.900;3350;3400;7.69533054e-07
11794;7.300;2600;2650;7.69494921e-07
11795;15.100;4650;4700;7.64881748e-07
11796;15.000;4600;4650;7.64135625e-07
11797;8.700;3850;3900;7.63807743e-07
11798;2.000;2550;2600;7.63577084e-07
11799;15.300;4450;4500;7.61745502e-07
11800;7.600;2700;2750;7.61519581e-07
11801;2.600;1350;1400;7.54792966e-07
11802;2.300;2400;2450;7.54664907e-07
11803;12.100;4550;4600;7.53751953e-07
11804;15.200;3900;3950;7.53346282e-07
11805;9.600;3000;3050;7.52318633e-07
11806;6.900;3650;3700;7.51711623e-07
11807;2.300;1350;1400;7.51409212e-07
11808;3.700;4500;4550;7.48033036e-07
11809;13.500;4050;4100;7.47108806e-07
11810;2.400;3200;3250;7.47069679e-07
11811;3.500;4700;4750;7.44419815e-07
11812;12.700;4350;4400;7.42626447e-07
11813;12.900;4750;4800;7.39524259e-07
11814;8.200;4500;4550;7.39042194e-07
11815;10.600;2900;2950;7.38518414e-07
11816;12.900;3900;3950;7.37800396e-07
11817;6.100;4200;4250;7.37568976e-07
11818;9.500;2950;3000;7.36098170e-07
11819;5.200;4600;4650;7.35077618e-07
11820;15.700;3400;3450;7.34486398e-07
11821;15.600;3550;3600;7.34211044e-07
11822;2.000;3600;3650;7.33405904e-07
11823;13.800;3900;3950;7.32133425e-07
11824;12.700;4950;5000;7.31404231e-07
11825;9.900;3200;3250;7.28613754e-07
11826;2.400;1350;1400;7.28299720e-07
11827;14.700;4500;4550;7.25240353e-07
11828;9.500;3500;3550;7.25151781e-07
11829;12.900;4700;4750;7.25118943e-07
11830;1.400;3650;3700;7.24095159e-07
11831;6.300;4050;4100;7.23527608e-07
11832;8.700;4950;5000;7.21495958e-07
11833;11.900;4550;4600;7.20720674e-07
11834;9.100;3700;3750;7.20296178e-07
11835;12.400;4700;4750;7.19977031e-07
11836;13.600;4950;5000;7.19183643e-07
11837;12.900;4100;4150;7.18565021e-07
11838;6.700;3000;3050;7.17173608e-07
11839;13.200;4400;4450;7.16440720e-07
11840;5.700;3750;3800;7.15447087e-07
11841;13.900;3300;3350;7.12174938e-07
11842;10.800;2550;2600;7.11583483e-07
11843;12.900;4450;4500;7.11023235e-07
11844;8.600;4150;4200;7.09793426e-07
11845;5.600;4850;4900;7.09191644e-07
11846;10.700;2450;2500;7.08213538e-07
11847;6.600;3550;3600;7.07891650e-07
11848;14.800;4800;4850;7.07878451e-07
11849;7.800;2200;2250;7.06651745e-07
11850;12.900;4300;4350;7.06383070e-07
11851;12.900;4950;5000;7.05498892e-07
11852;12.300;4600;4650;7.05246673e-07
11853;7.000;2900;2950;7.04446310e-07
11854;15.800;3800;3850;7.03814006e-07
11855;12.700;4050;4100;7.01882930e-07
11856;8.700;4600;4650;7.01168236e-07
11857;12.900;3850;3900;6.97968746e-07
11858;9.100;3900;3950;6.97255803e-07
11859;12.500;4900;4950;6.96182416e-07
11860;7.100;3050;3100;6.95857501e-07
11861;8.500;4700;4750;6.95334444e-07
11862;15.600;4250;4300;6.95257677e-07
11863;6.500;3550;3600;6.94020609e-07
11864;10.500;2450;2500;6.93600564e-07
11865;13.700;4950;5000;6.89375395e-07
11866;11.900;4150;4200;6.89371608e-07
11867;11.100;2900;2950;6.88101995e-07
11868;12.200;4700;4750;6.87653720e-07
11869;1.200;3500;3550;6.87016016e-07
11870;1.400;2700;2750;6.86680249e-07
11871;2.300;3200;3250;6.85054142e-07
11872;5.500;3750;3800;6.81650079e-07
11873;5.800;3950;4000;6.81458338e-07
11874;0.700;4600;4650;6.80284541e-07
11875;6.700;2950;3000;6.79232359e-07
11876;12.100;4500;4550;6.73867561e-07
11877;0.700;3500;3550;6.73680335e-07
11878;6.400;3550;3600;6.73560762e-07
11879;15.100;4700;4750;6.73342670e-07
11880;9.400;3400;3450;6.72905383e-07
11881;5.400;4300;4350;6.72649125e-07
11882;6.100;3300;3350;6.71957942e-07
11883;9.200;4200;4250;6.71031669e-07
11884;4.900;4300;4350;6.70728339e-07
11885;5.500;4350;4400;6.70415295e-07
11886;15.500;4200;4250;6.67864223e-07
11887;8.800;3900;3950;6.67577923e-07
11888;1.500;2550;2600;6.67385383e-07
11889;10.900;2550;2600;6.67252534e-07
11890;5.600;4350;4400;6.65989504e-07
11891;8.600;4250;4300;6.65614566e-07
11892;0.600;1950;2000;6.63068785e-07
11893;9.300;3350;3400;6.62622747e-07
11894;0.400;3800;3850;6.59451745e-07
11895;12.600;4650;4700;6.59080161e-07
11896;9.700;2950;3000;6.58921219e-07
11897;6.200;4200;4250;6.58595608e-07
11898;9.300;3600;3650;6.57740732e-07
11899;0.600;2900;2950;6.57722861e-07
11900;6.900;2900;2950;6.57509876e-07
11901;10.000;3150;3200;6.57492204e-07
11902;12.200;4950;5000;6.56621221e-07
11903;0.700;3700;3750;6.56317746e-07
11904;1.300;3650;3700;6.56241305e-07
11905;1.200;3450;3500;6.56042403e-07
11906;9.100;4150;4200;6.55696775e-07
11907;8.500;4400;4450;6.54901787e-07
11908;8.100;4800;4850;6.54656919e-07
11909;6.000;4250;4300;6.52621102e-07
11910;13.400;4100;4150;6.51351361e-07
11911;12.100;4750;4800;6.50412490e-07
11912;1.200;3650;3700;6.49208137e-07
11913;13.900;3800;3850;6.48281157e-07
11914;13.800;2950;3000;6.47203267e-07
11915;6.000;4950;5000;6.43170966e-07
11916;10.400;2800;2850;6.42563194e-07
11917;8.300;4800;4850;6.41424941e-07
11918;2.600;2150;2200;6.40082726e-07
11919;0.400;4750;4800;6.39781376e-07
11920;15.200;3700;3750;6.38291261e-07
11921;8.700;4000;4050;6.37152199e-07
11922;14.900;4800;4850;6.36755537e-07
11923;1.600;2700;2750;6.36511395e-07
11924;8.100;4850;4900;6.35681033e-07
11925;1.500;2700;2750;6.34685877e-07
11926;2.600;3200;3250;6.33977072e-07
11927;0.300;3750;3800;6.33184996e-07
11928;6.200;3350;3400;6.31587900e-07
11929;2.900;2400;2450;6.31551713e-07
11930;6.200;3850;3900;6.31188995e-07
11931;10.800;2450;2500;6.29054073e-07
11932;10.300;2300;2350;6.28925880e-07
11933;15.900;3300;3350;6.28528022e-07
11934;5.900;4250;4300;6.28224992e-07
11935;10.200;3550;3600;6.27016401e-07
11936;15.700;3650;3700;6.26642103e-07
11937;3.800;3150;3200;6.25753379e-07
11938;10.500;2700;2750;6.25539156e-07
11939;8.300;4950;5000;6.25044034e-07
11940;12.300;4550;4600;6.23515964e-07
11941;5.600;4100;4150;6.21685632e-07
11942;3.200;1800;1850;6.20822979e-07
11943;5.500;3900;3950;6.20425307e-07
11944;0.700;4050;4100;6.19871455e-07
11945;6.800;2900;2950;6.19847072e-07
11946;5.400;4800;4850;6.19587164e-07
11947;15.300;3900;3950;6.18540737e-07
11948;0.600;2600;2650;6.16945273e-07
11949;11.300;2650;2700;6.15170209e-07
11950;7.400;2600;2650;6.14584957e-07
11951;0.300;3700;3750;6.14301831e-07
11952;9.300;3050;3100;6.14163458e-07
11953;10.700;2750;2800;6.13686202e-07
11954;1.100;4300;4350;6.12698687e-07
11955;13.900;3100;3150;6.12029972e-07
11956;8.400;4950;5000;6.10031721e-07
11957;13.500;3000;3050;6.09948950e-07
11958;4.800;4900;4950;6.09082879e-07
11959;6.400;3850;3900;6.08922987e-07
11960;15.700;3500;3550;6.06077492e-07
11961;13.300;3750;3800;6.05783485e-07
11962;1.100;4000;4050;6.05408903e-07
11963;10.500;2800;2850;6.05174862e-07
11964;12.200;4600;4650;6.04943503e-07
11965;15.900;3500;3550;6.04821895e-07
11966;12.400;4750;4800;6.03213906e-07
11967;2.100;2050;2100;6.02248257e-07
11968;9.700;3100;3150;6.02161713e-07
11969;14.600;4950;5000;6.01646521e-07
11970;15.400;3650;3700;5.99757266e-07
11971;1.700;2550;2600;5.94960233e-07
11972;1.600;2650;2700;5.94475144e-07
11973;9.700;3500;3550;5.92542859e-07
11974;8.300;4750;4800;5.92079027e-07
11975;0.700;4750;4800;5.90610413e-07
11976;12.700;4000;4050;5.89922366e-07
11977;5.400;3700;3750;5.88472284e-07
11978;7.200;2600;2650;5.88066127e-07
11979;1.900;2150;2200;5.86355102e-07
11980;0.500;3350;3400;5.84196444e-07
11981;0.700;3650;3700;5.83279722e-07
11982;15.900;3400;3450;5.82824982e-07
11983;7.000;3000;3050;5.82670265e-07
11984;12.700;4900;4950;5.82341468e-07
11985;9.100;4200;4250;5.81520794e-07
11986;7.400;3150;3200;5.81335721e-07
11987;3.800;4900;4950;5.80372785e-07
11988;7.100;2600;2650;5.79742577e-07
11989;13.800;3850;3900;5.79237606e-07
11990;0.700;4650;4700;5.78211449e-07
11991;5.700;4150;4200;5.76963559e-07
11992;0.100;0;50;5.74906298e-07
11993;13.400;3600;3650;5.73054643e-07
11994;2.700;2150;2200;5.72658485e-07
11995;2.900;2800;2850;5.69591315e-07
11996;9.200;4650;4700;5.68782381e-07
11997;6.700;2900;2950;5.67479532e-07
11998;9.100;3650;3700;5.66842453e-07
11999;12.500;4600;4650;5.66764020e-07
12000;3.500;4550;4600;5.65814505e-07
12001;12.200;4550;4600;5.63633043e-07
12002;11.900;4450;4500;5.63561766e-07
12003;8.000;4900;4950;5.63453150e-07
12004;12.200;4500;4550;5.62423865e-07
12005;6.100;3850;3900;5.59190752e-07
12006;6.300;3350;3400;5.57942810e-07
12007;12.300;4800;4850;5.57452969e-07
12008;8.800;3800;3850;5.56168866e-07
12009;2.200;3600;3650;5.56048915e-07
12010;10.000;2600;2650;5.53283299e-07
12011;1.900;3600;3650;5.51604830e-07
12012;11.100;2400;2450;5.50828629e-07
12013;14.800;4750;4800;5.50703019e-07
12014;13.300;3650;3700;5.49780749e-07
12015;8.800;4650;4700;5.49433708e-07
12016;15.200;3750;3800;5.49297272e-07
12017;15.600;4100;4150;5.48231446e-07
12018;6.500;3850;3900;5.48158945e-07
12019;13.200;4300;4350;5.47612131e-07
12020;2.800;2150;2200;5.47198442e-07
12021;1.100;3450;3500;5.47035209e-07
12022;5.400;3950;4000;5.46388654e-07
12023;12.100;4150;4200;5.46202656e-07
12024;9.200;3700;3750;5.46156877e-07
12025;0.400;4500;4550;5.44574015e-07
12026;8.500;4850;4900;5.43943208e-07
12027;4.500;4550;4600;5.43292591e-07
12028;7.700;3150;3200;5.42277848e-07
12029;15.300;4400;4450;5.40606586e-07
12030;12.800;4200;4250;5.38902375e-07
12031;3.700;4900;4950;5.38748415e-07
12032;5.500;3700;3750;5.36671531e-07
12033;6.200;4050;4100;5.36349761e-07
12034;13.800;3500;3550;5.36268494e-07
12035;12.000;4950;5000;5.35343932e-07
12036;15.000;4750;4800;5.34470085e-07
12037;8.300;4850;4900;5.32997294e-07
12038;13.900;3350;3400;5.32741773e-07
12039;0.400;3850;3900;5.30135243e-07
12040;8.100;4600;4650;5.29958583e-07
12041;12.500;4550;4600;5.29565446e-07
12042;8.300;4150;4200;5.29243867e-07
12043;8.600;4550;4600;5.28935052e-07
12044;13.600;2950;3000;5.28770286e-07
12045;9.800;2950;3000;5.28316012e-07
12046;11.900;4700;4750;5.28204478e-07
12047;8.600;3850;3900;5.23861527e-07
12048;10.200;3250;3300;5.21887054e-07
12049;13.700;2950;3000;5.20106994e-07
12050;5.700;4100;4150;5.19232698e-07
12051;6.500;2950;3000;5.18776521e-07
12052;15.700;4100;4150;5.16499264e-07
12053;12.900;4000;4050;5.15735991e-07
12054;15.300;4650;4700;5.12963800e-07
12055;11.000;2350;2400;5.12910658e-07
12056;5.900;4150;4200;5.12284040e-07
12057;9.700;3450;3500;5.09760369e-07
12058;0.700;3800;3850;5.07711414e-07
12059;10.300;2800;2850;5.07459246e-07
12060;7.300;3050;3100;5.06965509e-07
12061;8.500;4950;5000;5.06624693e-07
12062;6.700;3100;3150;5.05392377e-07
12063;9.300;3700;3750;5.03643008e-07
12064;8.200;4900;4950;5.03326138e-07
12065;14.600;4500;4550;5.02040937e-07
12066;6.000;3500;3550;5.01859693e-07
12067;0.400;4050;4100;5.00508019e-07
12068;7.600;3150;3200;4.99288897e-07
12069;0.800;3050;3100;4.99281270e-07
12070;10.100;2600;2650;4.99033865e-07
12071;12.700;4150;4200;4.97592173e-07
12072;1.600;1750;1800;4.97246423e-07
12073;9.100;3600;3650;4.97207208e-07
12074;13.900;3050;3100;4.97196581e-07
12075;5.900;3450;3500;4.96479698e-07
12076;0.200;4950;5000;4.96362275e-07
12077;8.400;4450;4500;4.92700804e-07
12078;15.100;4000;4050;4.92628802e-07
12079;8.500;4600;4650;4.92265426e-07
12080;1.000;4850;4900;4.90778294e-07
12081;3.400;2100;2150;4.90026192e-07
12082;0.400;4300;4350;4.89875490e-07
12083;0.900;4950;5000;4.88491628e-07
12084;8.600;4100;4150;4.86889443e-07
12085;2.200;2400;2450;4.86204448e-07
12086;8.700;4450;4500;4.84381145e-07
12087;3.300;2100;2150;4.84153474e-07
12088;11.000;2750;2800;4.82890741e-07
12089;5.900;4450;4500;4.81834084e-07
12090;8.300;4450;4500;4.79531114e-07
12091;6.000;3400;3450;4.79350705e-07
12092;10.200;2800;2850;4.77596245e-07
12093;12.100;4950;5000;4.77270853e-07
12094;10.300;2450;2500;4.76996935e-07
12095;2.900;2150;2200;4.76584757e-07
12096;14.800;4500;4550;4.74358963e-07
12097;5.900;4500;4550;4.74295448e-07
12098;0.200;4150;4200;4.74131250e-07
12099;12.400;4500;4550;4.72872226e-07
12100;12.900;4900;4950;4.72814548e-07
12101;15.200;4300;4350;4.72780226e-07
12102;5.800;4100;4150;4.69881390e-07
12103;0.100;50;100;4.69165001e-07
12104;11.000;2550;2600;4.68855499e-07
12105;8.600;4300;4350;4.66713601e-07
12106;12.800;4100;4150;4.65441492e-07
12107;0.800;3500;3550;4.64949930e-07
12108;12.600;3950;4000;4.63702663e-07
12109;11.200;2300;2350;4.63055728e-07
12110;4.400;4550;4600;4.62266097e-07
12111;9.200;3350;3400;4.59918685e-07
12112;10.600;2800;2850;4.59230518e-07
12113;5.800;4400;4450;4.59054681e-07
12114;0.200;4050;4100;4.58502259e-07
12115;5.600;3950;4000;4.57753941e-07
12116;8.600;4350;4400;4.56482330e-07
12117;8.400;4500;4550;4.56453177e-07
12118;9.200;3900;3950;4.56076695e-07
12119;15.900;3800;3850;4.55834861e-07
12120;15.300;3850;3900;4.55792900e-07
12121;2.100;2500;2550;4.55387239e-07
12122;0.500;3200;3250;4.55127610e-07
12123;4.800;4950;5000;4.54874289e-07
12124;6.500;3100;3150;4.54711284e-07
12125;15.700;3850;3900;4.54059297e-07
12126;4.500;4950;5000;4.52050787e-07
12127;0.500;4200;4250;4.50457782e-07
12128;0.800;4600;4650;4.50051107e-07
12129;14.900;4350;4400;4.49576254e-07
12130;10.600;2450;2500;4.49384121e-07
12131;8.900;4000;4050;4.49155583e-07
12132;1.100;4950;5000;4.48150798e-07
12133;6.600;3250;3300;4.47105539e-07
12134;0.200;4350;4400;4.46468808e-07
12135;6.800;3800;3850;4.45813973e-07
12136;14.800;4350;4400;4.45501877e-07
12137;6.600;4200;4250;4.45131323e-07
12138;0.500;4250;4300;4.44209514e-07
12139;6.800;3000;3050;4.43795308e-07
12140;4.800;4350;4400;4.43494703e-07
12141;8.800;4250;4300;4.40851466e-07
12142;12.100;4700;4750;4.40305718e-07
12143;11.600;2500;2550;4.38445965e-07
12144;7.200;2550;2600;4.37939785e-07
12145;7.000;2550;2600;4.35912793e-07
12146;6.100;3400;3450;4.35847457e-07
12147;15.800;3400;3450;4.30514240e-07
12148;6.600;3100;3150;4.30320017e-07
12149;6.300;3250;3300;4.30066262e-07
12150;6.600;2950;3000;4.28599164e-07
12151;12.600;4050;4100;4.27621102e-07
12152;5.700;3950;4000;4.27323778e-07
12153;10.300;3200;3250;4.25868795e-07
12154;8.500;4750;4800;4.24939627e-07
12155;10.100;3200;3250;4.24725100e-07
12156;5.800;4850;4900;4.24283147e-07
12157;12.300;4850;4900;4.22441276e-07
12158;6.200;3300;3350;4.22302588e-07
12159;10.100;3550;3600;4.22093289e-07
12160;0.400;4950;5000;4.22019912e-07
12161;1.000;4900;4950;4.20909799e-07
12162;10.300;3250;3300;4.20204903e-07
12163;1.100;3900;3950;4.19959278e-07
12164;8.700;4900;4950;4.18954044e-07
12165;13.500;4100;4150;4.18732051e-07
12166;11.100;2750;2800;4.18138192e-07
12167;5.600;4800;4850;4.15625649e-07
12168;10.300;2350;2400;4.14307880e-07
12169;5.600;4400;4450;4.12376192e-07
12170;7.500;3600;3650;4.10466598e-07
12171;6.800;3100;3150;4.08435291e-07
12172;9.200;3850;3900;4.07991690e-07
12173;7.500;3150;3200;4.07929264e-07
12174;1.200;3400;3450;4.07557073e-07
12175;15.300;4150;4200;4.07413703e-07
12176;10.900;2700;2750;4.05755411e-07
12177;8.800;3850;3900;4.05648745e-07
12178;6.600;3000;3050;4.04783913e-07
12179;15.800;3300;3350;4.04186005e-07
12180;3.100;1800;1850;4.03921495e-07
12181;15.200;3850;3900;4.03335765e-07
12182;15.000;4550;4600;4.03047273e-07
12183;6.400;4200;4250;3.99306688e-07
12184;6.200;4450;4500;3.98672365e-07
12185;9.800;3150;3200;3.96684617e-07
12186;11.200;2500;2550;3.95917763e-07
12187;6.900;3800;3850;3.93127146e-07
12188;15.900;3750;3800;3.90419470e-07
12189;8.300;4700;4750;3.90239965e-07
12190;5.400;4700;4750;3.88452733e-07
12191;0.400;4450;4500;3.87146027e-07
12192;6.100;4050;4100;3.86676427e-07
12193;1.700;3650;3700;3.85815259e-07
12194;8.900;4900;4950;3.84960893e-07
12195;13.700;3000;3050;3.83896542e-07
12196;9.400;3700;3750;3.83703215e-07
12197;3.800;4500;4550;3.83519501e-07
12198;5.400;3750;3800;3.83269972e-07
12199;13.600;4050;4100;3.83104718e-07
12200;14.600;4900;4950;3.82605679e-07
12201;5.200;4550;4600;3.82188458e-07
12202;10.300;2600;2650;3.81612230e-07
12203;14.900;4550;4600;3.79413651e-07
12204;10.600;2650;2700;3.79098442e-07
12205;15.400;3950;4000;3.79005302e-07
12206;10.300;2750;2800;3.77905443e-07
12207;2.100;2300;2350;3.76718712e-07
12208;10.300;3550;3600;3.76664950e-07
12209;15.300;4000;4050;3.76211793e-07
12210;9.400;3050;3100;3.76040276e-07
12211;2.200;3150;3200;3.75021727e-07
12212;8.800;4400;4450;3.73765716e-07
12213;13.800;3100;3150;3.73252989e-07
12214;0.800;3350;3400;3.72071648e-07
12215;13.400;3800;3850;3.71574767e-07
12216;7.400;3050;3100;3.71097012e-07
12217;8.600;4650;4700;3.69541152e-07
12218;5.800;4150;4200;3.69522829e-07
12219;5.900;4100;4150;3.68123565e-07
12220;6.700;3800;3850;3.67771087e-07
12221;8.500;4500;4550;3.67059608e-07
12222;11.500;2500;2550;3.66524529e-07
12223;0.800;3950;4000;3.65473669e-07
12224;6.300;3300;3350;3.64940862e-07
12225;10.200;3200;3250;3.63717507e-07
12226;10.200;3150;3200;3.63098658e-07
12227;15.400;3700;3750;3.63091250e-07
12228;9.500;3450;3500;3.62501662e-07
12229;12.300;4500;4550;3.62062622e-07
12230;15.400;4250;4300;3.61475078e-07
12231;12.800;3850;3900;3.60745799e-07
12232;1.700;2700;2750;3.60669789e-07
12233;15.500;4450;4500;3.58631412e-07
12234;15.400;4450;4500;3.58573741e-07
12235;6.900;3100;3150;3.58011549e-07
12236;9.900;3150;3200;3.57635261e-07
12237;12.900;4350;4400;3.56945020e-07
12238;0.100;100;150;3.56247287e-07
12239;11.900;4400;4450;3.55669131e-07
12240;15.900;3600;3650;3.55419816e-07
12241;10.300;3150;3200;3.54966752e-07
12242;1.100;4500;4550;3.54711653e-07
12243;15.100;4800;4850;3.53681514e-07
12244;10.400;2450;2500;3.53613128e-07
12245;2.000;2650;2700;3.52907172e-07
12246;15.100;4550;4600;3.52425317e-07
12247;0.500;4400;4450;3.52332486e-07
12248;1.300;2850;2900;3.52207566e-07
12249;6.100;4150;4200;3.52019821e-07
12250;6.200;3400;3450;3.51988966e-07
12251;0.700;4800;4850;3.51778000e-07
12252;6.100;4250;4300;3.50565622e-07
12253;0.500;4650;4700;3.50364681e-07
12254;14.800;4950;5000;3.50139628e-07
12255;5.400;4750;4800;3.48177074e-07
12256;9.100;4050;4100;3.48087406e-07
12257;9.100;4350;4400;3.47902550e-07
12258;15.800;3600;3650;3.47727298e-07
12259;9.300;3750;3800;3.47617594e-07
12260;5.900;3750;3800;3.47219574e-07
12261;9.600;3500;3550;3.47138809e-07
12262;7.100;2900;2950;3.46343679e-07
12263;11.700;2500;2550;3.45063668e-07
12264;2.900;1350;1400;3.44765330e-07
12265;9.500;3400;3450;3.44394002e-07
12266;13.800;3400;3450;3.43551159e-07
12267;6.500;3350;3400;3.42165445e-07
12268;6.000;4150;4200;3.42065927e-07
12269;15.400;3750;3800;3.41433893e-07
12270;12.100;4250;4300;3.41342779e-07
12271;3.000;2150;2200;3.40655112e-07
12272;6.400;4050;4100;3.39598477e-07
12273;5.800;3750;3800;3.39598394e-07
12274;5.600;4300;4350;3.39491798e-07
12275;1.100;3850;3900;3.39121411e-07
12276;11.200;2750;2800;3.38427165e-07
12277;10.100;3300;3350;3.36992878e-07
12278;11.900;4200;4250;3.36925537e-07
12279;8.700;4500;4550;3.36711176e-07
12280;8.700;4050;4100;3.36569915e-07
12281;12.800;4250;4300;3.35475619e-07
12282;3.800;4550;4600;3.35089337e-07
12283;8.600;4800;4850;3.34975281e-07
12284;0.600;2850;2900;3.34609441e-07
12285;6.400;2950;3000;3.33893077e-07
12286;11.300;2300;2350;3.33641763e-07
12287;13.800;3450;3500;3.33484063e-07
12288;2.200;2050;2100;3.31308182e-07
12289;12.100;4600;4650;3.30685636e-07
12290;5.900;4950;5000;3.29327938e-07
12291;15.300;4300;4350;3.28563719e-07
12292;6.600;3500;3550;3.28285881e-07
12293;8.400;4900;4950;3.27581606e-07
12294;15.300;4750;4800;3.27452982e-07
12295;0.800;4150;4200;3.25443009e-07
12296;0.100;300;350;3.25310817e-07
12297;3.300;2800;2850;3.24754880e-07
12298;0.100;250;300;3.22321390e-07
12299;9.900;3450;3500;3.21934461e-07
12300;6.900;3250;3300;3.21302907e-07
12301;5.900;3950;4000;3.21100010e-07
12302;6.000;3450;3500;3.20347494e-07
12303;2.700;1350;1400;3.18158035e-07
12304;6.700;3250;3300;3.17837557e-07
12305;9.800;3450;3500;3.17256986e-07
12306;12.800;4000;4050;3.16843393e-07
12307;5.700;4350;4400;3.15353124e-07
12308;11.900;3900;3950;3.14736175e-07
12309;5.300;4750;4800;3.14419214e-07
12310;9.800;3500;3550;3.13391937e-07
12311;8.300;4500;4550;3.13352249e-07
12312;11.000;2700;2750;3.13284242e-07
12313;13.900;3650;3700;3.13046866e-07
12314;3.200;2800;2850;3.10534223e-07
12315;0.700;4850;4900;3.08830285e-07
12316;1.400;3550;3600;3.08802721e-07
12317;10.100;3150;3200;3.08281560e-07
12318;1.100;4250;4300;3.07557418e-07
12319;7.200;3050;3100;3.07506142e-07
12320;10.900;2450;2500;3.04943907e-07
12321;13.200;4000;4050;3.03428693e-07
12322;1.500;3550;3600;3.02987017e-07
12323;7.500;2600;2650;3.01767617e-07
12324;8.600;4700;4750;3.01702945e-07
12325;15.100;4600;4650;3.00487494e-07
12326;7.000;3100;3150;2.99087730e-07
12327;8.600;4600;4650;2.98924974e-07
12328;7.800;2700;2750;2.98625789e-07
12329;10.400;2600;2650;2.97569384e-07
12330;12.100;4850;4900;2.96346964e-07
12331;6.200;3450;3500;2.96131712e-07
12332;15.400;4000;4050;2.95013120e-07
12333;15.500;4000;4050;2.93781314e-07
12334;15.300;4850;4900;2.93737760e-07
12335;7.100;2550;2600;2.93060389e-07
12336;6.100;4100;4150;2.92309250e-07
12337;12.900;4600;4650;2.90726128e-07
12338;0.500;4100;4150;2.90522675e-07
12339;6.800;4200;4250;2.89781247e-07
12340;0.100;200;250;2.89299404e-07
12341;10.700;2650;2700;2.88803286e-07
12342;11.100;2350;2400;2.88773071e-07
12343;2.100;2550;2600;2.88257382e-07
12344;4.900;4350;4400;2.87055840e-07
12345;15.700;4150;4200;2.85641101e-07
12346;15.800;3350;3400;2.85548987e-07
12347;10.200;2600;2650;2.85132925e-07
12348;0.200;4900;4950;2.85043667e-07
12349;1.400;4050;4100;2.84540950e-07
12350;6.500;4200;4250;2.84424220e-07
12351;9.200;3600;3650;2.83650124e-07
12352;15.800;3700;3750;2.83222260e-07
12353;7.700;3600;3650;2.82500587e-07
12354;7.500;2550;2600;2.82104477e-07
12355;8.800;4100;4150;2.80683136e-07
12356;0.100;150;200;2.80501511e-07
12357;2.800;1350;1400;2.79987566e-07
12358;15.300;4800;4850;2.79912813e-07
12359;2.100;2650;2700;2.79403440e-07
12360;3.400;2800;2850;2.79223616e-07
12361;7.600;3050;3100;2.78932539e-07
12362;12.700;4600;4650;2.78835452e-07
12363;7.700;2700;2750;2.78396783e-07
12364;5.500;4700;4750;2.77987519e-07
12365;15.500;4150;4200;2.77754817e-07
12366;11.800;2250;2300;2.76983375e-07
12367;1.900;2700;2750;2.76507926e-07
12368;15.700;4300;4350;2.76154350e-07
12369;11.900;4750;4800;2.76034409e-07
12370;0.400;4550;4600;2.75989868e-07
12371;1.800;2700;2750;2.75438653e-07
12372;12.800;3900;3950;2.74968611e-07
12373;0.200;3850;3900;2.73843349e-07
12374;0.100;350;400;2.73453178e-07
12375;7.800;3150;3200;2.73220661e-07
12376;0.900;4900;4950;2.72271157e-07
12377;6.400;3500;3550;2.72257116e-07
12378;4.600;4550;4600;2.71647960e-07
12379;15.400;4700;4750;2.71263706e-07
12380;12.400;4600;4650;2.70809430e-07
12381;15.500;3700;3750;2.70756166e-07
12382;6.500;3300;3350;2.70435739e-07
12383;9.400;3750;3800;2.70367836e-07
12384;13.600;3000;3050;2.70358368e-07
12385;15.000;4950;5000;2.70335116e-07
12386;0.200;4000;4050;2.69636259e-07
12387;3.000;2400;2450;2.69378526e-07
12388;15.800;3850;3900;2.69232782e-07
12389;12.600;4100;4150;2.68836593e-07
12390;2.700;3200;3250;2.68803372e-07
12391;6.400;3400;3450;2.68315261e-07
12392;8.600;4400;4450;2.68266040e-07
12393;12.800;4850;4900;2.67393205e-07
12394;6.400;3350;3400;2.66396976e-07
12395;15.700;3550;3600;2.65396760e-07
12396;6.000;4100;4150;2.63904093e-07
12397;5.600;3750;3800;2.63826752e-07
12398;9.500;3350;3400;2.63826593e-07
12399;0.800;4700;4750;2.62529885e-07
12400;15.700;4200;4250;2.61786219e-07
12401;9.900;2950;3000;2.61176968e-07
12402;12.200;4900;4950;2.60931762e-07
12403;0.700;4550;4600;2.59958903e-07
12404;6.300;3500;3550;2.59061416e-07
12405;11.900;4900;4950;2.58619089e-07
12406;0.600;4650;4700;2.58220406e-07
12407;15.900;3550;3600;2.57309999e-07
12408;0.600;3550;3600;2.57054775e-07
12409;11.000;2450;2500;2.56508077e-07
12410;6.300;4000;4050;2.56001932e-07
12411;12.600;4150;4200;2.55160619e-07
12412;15.800;3650;3700;2.54867724e-07
12413;5.900;4850;4900;2.54615737e-07
12414;15.700;3750;3800;2.54042803e-07
12415;7.600;3600;3650;2.53729676e-07
12416;1.300;2450;2500;2.53689830e-07
12417;0.800;4050;4100;2.53655400e-07
12418;0.500;4800;4850;2.53026033e-07
12419;13.800;4650;4700;2.53023814e-07
12420;13.400;3650;3700;2.52771585e-07
12421;11.700;2850;2900;2.52511517e-07
12422;10.900;2750;2800;2.52473905e-07
12423;13.800;3050;3100;2.52316456e-07
12424;6.700;3850;3900;2.52147839e-07
12425;15.600;4300;4350;2.52137428e-07
12426;9.300;4200;4250;2.51695402e-07
12427;7.500;3050;3100;2.51169357e-07
12428;0.500;4050;4100;2.49619544e-07
12429;12.000;4900;4950;2.48313557e-07
12430;7.300;2550;2600;2.47913767e-07
12431;9.400;3350;3400;2.45793477e-07
12432;14.800;4900;4950;2.44551785e-07
12433;0.500;4000;4050;2.44013964e-07
12434;3.100;2800;2850;2.43778600e-07
12435;15.600;4750;4800;2.43751206e-07
12436;11.100;2550;2600;2.43657794e-07
12437;0.400;4900;4950;2.42989504e-07
12438;3.000;2800;2850;2.42850935e-07
12439;15.800;3550;3600;2.42705113e-07
12440;5.300;4600;4650;2.42347885e-07
12441;8.600;4450;4500;2.42243294e-07
12442;15.900;3850;3900;2.40413132e-07
12443;13.800;3000;3050;2.40322714e-07
12444;13.900;4450;4500;2.39878995e-07
12445;5.500;4300;4350;2.39840266e-07
12446;6.200;3500;3550;2.39317123e-07
12447;6.100;4850;4900;2.39023249e-07
12448;13.700;3050;3100;2.36219346e-07
12449;5.800;3900;3950;2.35961363e-07
12450;6.200;4000;4050;2.35833866e-07
12451;1.700;1750;1800;2.35301783e-07
12452;8.800;4450;4500;2.34896301e-07
12453;1.900;2650;2700;2.34826972e-07
12454;15.200;4650;4700;2.34013657e-07
12455;9.100;4000;4050;2.33629749e-07
12456;6.100;3450;3500;2.33480941e-07
12457;15.600;4650;4700;2.33290490e-07
12458;15.500;4650;4700;2.32776899e-07
12459;5.400;3900;3950;2.32417294e-07
12460;5.500;4650;4700;2.31921503e-07
12461;7.600;2600;2650;2.31866869e-07
12462;5.700;4300;4350;2.31823435e-07
12463;13.600;4100;4150;2.31150495e-07
12464;13.700;3300;3350;2.30470041e-07
12465;6.300;3950;4000;2.30131406e-07
12466;13.500;3600;3650;2.29064189e-07
12467;9.700;3400;3450;2.28250061e-07
12468;6.800;3850;3900;2.27780253e-07
12469;11.200;2400;2450;2.27446055e-07
12470;1.300;3450;3500;2.27359533e-07
12471;15.800;4100;4150;2.26964095e-07
12472;15.200;4350;4400;2.26270318e-07
12473;6.800;2950;3000;2.26256980e-07
12474;11.800;2850;2900;2.25670123e-07
12475;6.700;4200;4250;2.25626897e-07
12476;13.300;4150;4200;2.25211332e-07
12477;7.700;3050;3100;2.24583260e-07
12478;3.000;1350;1400;2.24113325e-07
12479;5.900;4800;4850;2.23117490e-07
12480;6.100;3750;3800;2.23086918e-07
12481;15.600;4000;4050;2.22516674e-07
12482;5.900;3700;3750;2.22078094e-07
12483;7.100;3000;3050;2.21970221e-07
12484;15.500;3750;3800;2.21480303e-07
12485;15.500;4400;4450;2.20345103e-07
12486;11.900;4500;4550;2.20023931e-07
12487;11.500;2400;2450;2.19953499e-07
12488;6.300;3750;3800;2.19490193e-07
12489;10.100;3250;3300;2.19388486e-07
12490;15.100;4500;4550;2.17987610e-07
12491;1.600;3650;3700;2.16531593e-07
12492;15.500;4250;4300;2.16458474e-07
12493;15.800;3750;3800;2.15600106e-07
12494;1.300;4050;4100;2.14753762e-07
12495;0.400;4350;4400;2.14702558e-07
12496;0.800;3650;3700;2.14483859e-07
12497;6.100;4000;4050;2.14162939e-07
12498;15.600;4400;4450;2.13846748e-07
12499;12.900;4550;4600;2.13190351e-07
12500;13.300;4700;4750;2.12406318e-07
12501;0.700;4300;4350;2.11922004e-07
12502;15.300;4700;4750;2.10963996e-07
12503;0.100;400;450;2.10038448e-07
12504;15.400;4650;4700;2.09140641e-07
12505;0.300;4400;4450;2.09060043e-07
12506;12.600;4300;4350;2.08369848e-07
12507;0.300;4800;4850;2.07575057e-07
12508;9.100;4450;4500;2.07511492e-07
12509;8.700;4550;4600;2.06591453e-07
12510;15.400;4800;4850;2.06419986e-07
12511;13.200;4500;4550;2.05946526e-07
12512;13.900;3600;3650;2.05663563e-07
12513;2.600;2300;2350;2.05250252e-07
12514;1.300;3250;3300;2.04751821e-07
12515;1.800;1750;1800;2.04625628e-07
12516;2.500;2300;2350;2.04498207e-07
12517;12.800;4050;4100;2.04482332e-07
12518;15.700;4000;4050;2.04119201e-07
12519;9.600;3050;3100;2.03885638e-07
12520;15.100;4750;4800;2.02578036e-07
12521;12.300;4150;4200;2.02483864e-07
12522;6.300;3400;3450;2.02314157e-07
12523;10.000;3100;3150;2.01998430e-07
12524;3.100;2150;2200;2.01898725e-07
12525;15.200;4700;4750;2.01639433e-07
12526;9.700;3350;3400;2.01346137e-07
12527;6.600;3800;3850;2.01213811e-07
12528;1.100;4750;4800;2.00288865e-07
12529;1.200;4050;4100;1.99930096e-07
12530;6.400;3300;3350;1.99758929e-07
12531;13.900;4400;4450;1.99726462e-07
12532;13.200;4550;4600;1.99307253e-07
12533;12.800;3500;3550;1.99304150e-07
12534;6.100;4800;4850;1.98727195e-07
12535;11.400;2300;2350;1.97665798e-07
12536;9.500;4200;4250;1.97376115e-07
12537;14.900;4900;4950;1.97326631e-07
12538;2.000;2700;2750;1.97064752e-07
12539;5.800;4800;4850;1.95985224e-07
12540;15.600;4050;4100;1.95757998e-07
12541;10.200;3000;3050;1.95748429e-07
12542;13.900;4500;4550;1.95478459e-07
12543;5.700;4700;4750;1.95249075e-07
12544;0.300;4250;4300;1.95102388e-07
12545;9.900;3000;3050;1.95073101e-07
12546;0.300;4100;4150;1.94950824e-07
12547;15.700;3700;3750;1.94550799e-07
12548;8.800;4350;4400;1.94234899e-07
12549;7.100;3100;3150;1.94097868e-07
12550;0.800;4650;4700;1.94096311e-07
12551;13.500;3800;3850;1.94093338e-07
12552;0.800;4750;4800;1.94035798e-07
12553;5.600;3700;3750;1.93976335e-07
12554;1.200;3100;3150;1.93359225e-07
12555;15.200;4500;4550;1.92096555e-07
12556;15.200;4800;4850;1.92014710e-07
12557;12.100;4800;4850;1.91622694e-07
12558;15.800;3900;3950;1.91592044e-07
12559;0.600;2200;2250;1.91345379e-07
12560;9.500;3700;3750;1.91195774e-07
12561;1.800;3650;3700;1.90712834e-07
12562;7.700;2600;2650;1.90576517e-07
12563;15.600;4800;4850;1.90463698e-07
12564;6.100;3500;3550;1.90418320e-07
12565;9.200;3950;4000;1.90371925e-07
12566;15.200;4750;4800;1.89927266e-07
12567;13.500;3350;3400;1.89653224e-07
12568;8.600;4850;4900;1.89411630e-07
12569;6.000;3950;4000;1.89401799e-07
12570;11.800;2500;2550;1.89330258e-07
12571;6.000;4900;4950;1.89012942e-07
12572;15.400;3900;3950;1.88865784e-07
12573;7.400;2550;2600;1.88790637e-07
12574;9.400;4200;4250;1.88706881e-07
12575;0.200;4500;4550;1.88269774e-07
12576;5.600;3900;3950;1.88178622e-07
12577;12.700;4550;4600;1.88090317e-07
12578;5.800;4650;4700;1.87577387e-07
12579;7.800;2850;2900;1.87348555e-07
12580;15.900;4450;4500;1.87323879e-07
12581;6.900;3850;3900;1.86432747e-07
12582;7.300;3800;3850;1.86224298e-07
12583;15.600;3700;3750;1.86201559e-07
12584;15.400;4400;4450;1.85721132e-07
12585;10.000;2950;3000;1.85508680e-07
12586;2.300;2050;2100;1.85496247e-07
12587;10.400;3250;3300;1.85437051e-07
12588;15.500;3950;4000;1.85249413e-07
12589;15.400;4850;4900;1.84576660e-07
12590;11.400;2500;2550;1.84524635e-07
12591;15.700;4400;4450;1.84317023e-07
12592;15.700;4450;4500;1.84085492e-07
12593;12.600;4350;4400;1.84002707e-07
12594;15.600;4150;4200;1.83944836e-07
12595;6.200;4650;4700;1.83558908e-07
12596;12.400;4550;4600;1.83505229e-07
12597;7.600;2550;2600;1.83491106e-07
12598;13.300;4450;4500;1.83384128e-07
12599;14.900;4700;4750;1.83309918e-07
12600;6.200;4150;4200;1.83150527e-07
12601;6.100;4450;4500;1.82636762e-07
12602;15.300;4600;4650;1.82480537e-07
12603;0.300;3900;3950;1.82417476e-07
12604;11.700;2300;2350;1.81972267e-07
12605;12.700;4500;4550;1.81622315e-07
12606;15.100;4350;4400;1.81444708e-07
12607;6.000;4850;4900;1.81380982e-07
12608;5.700;3900;3950;1.80909955e-07
12609;6.900;2950;3000;1.80665530e-07
12610;2.500;2500;2550;1.80100435e-07
12611;14.900;4750;4800;1.79985416e-07
12612;6.500;3500;3550;1.79861750e-07
12613;15.900;4100;4150;1.79703499e-07
12614;6.200;4100;4150;1.79408435e-07
12615;9.700;3050;3100;1.79118726e-07
12616;13.300;4400;4450;1.78820566e-07
12617;6.500;4850;4900;1.78029695e-07
12618;7.400;3800;3850;1.77925705e-07
12619;13.900;3000;3050;1.77872673e-07
12620;15.200;4600;4650;1.77797371e-07
12621;8.600;4500;4550;1.77640582e-07
12622;11.300;2750;2800;1.77586547e-07
12623;1.200;3250;3300;1.77448119e-07
12624;5.900;4400;4450;1.77326575e-07
12625;13.200;4350;4400;1.77028173e-07
12626;6.000;4450;4500;1.75717086e-07
12627;2.700;2300;2350;1.74565448e-07
12628;9.500;3750;3800;1.74473199e-07
12629;11.900;4950;5000;1.74178948e-07
12630;6.400;4150;4200;1.74156962e-07
12631;10.700;2800;2850;1.74079693e-07
12632;13.800;3300;3350;1.73885799e-07
12633;13.700;3350;3400;1.73606508e-07
12634;6.000;4800;4850;1.73324230e-07
12635;10.700;3250;3300;1.73293149e-07
12636;9.200;3650;3700;1.72750422e-07
12637;5.900;3900;3950;1.72718416e-07
12638;7.200;3000;3050;1.72686039e-07
12639;13.200;4450;4500;1.72634341e-07
12640;7.500;2900;2950;1.72499556e-07
12641;10.200;2950;3000;1.72349087e-07
12642;6.600;3350;3400;1.72114446e-07
12643;3.400;2400;2450;1.71772717e-07
12644;12.900;4050;4100;1.71746288e-07
12645;11.700;2900;2950;1.71742634e-07
12646;15.400;4750;4800;1.71645676e-07
12647;15.500;4600;4650;1.71147944e-07
12648;15.600;4450;4500;1.70639845e-07
12649;6.200;4400;4450;1.70498185e-07
12650;6.800;3550;3600;1.70421718e-07
12651;15.900;4200;4250;1.70060278e-07
12652;1.600;2500;2550;1.69901254e-07
12653;0.600;3100;3150;1.69872462e-07
12654;2.200;1750;1800;1.69806940e-07
12655;6.400;4000;4050;1.69606623e-07
12656;6.200;4850;4900;1.69573179e-07
12657;15.000;4500;4550;1.69368012e-07
12658;6.200;3750;3800;1.69056550e-07
12659;9.300;3850;3900;1.68671805e-07
12660;5.500;4750;4800;1.68168085e-07
12661;5.700;4750;4800;1.67502325e-07
12662;13.300;3700;3750;1.67307002e-07
12663;9.600;3350;3400;1.66955895e-07
12664;0.600;3950;4000;1.66824403e-07
12665;15.200;4000;4050;1.66289368e-07
12666;11.100;2700;2750;1.66193771e-07
12667;9.600;3450;3500;1.66162064e-07
12668;10.900;2800;2850;1.65598125e-07
12669;9.500;3850;3900;1.64895475e-07
12670;9.300;3900;3950;1.64184159e-07
12671;1.100;3800;3850;1.64013196e-07
12672;13.300;4750;4800;1.63430479e-07
12673;6.300;4200;4250;1.63406030e-07
12674;13.300;3950;4000;1.63364847e-07
12675;15.700;4250;4300;1.63091724e-07
12676;15.800;4650;4700;1.62399111e-07
12677;1.300;3550;3600;1.61964776e-07
12678;5.900;4900;4950;1.61671875e-07
12679;15.800;4150;4200;1.61554382e-07
12680;15.600;3950;4000;1.60395230e-07
12681;15.900;3650;3700;1.60115045e-07
12682;5.400;4600;4650;1.59937817e-07
12683;7.000;3650;3700;1.59909372e-07
12684;0.500;3750;3800;1.59772435e-07
12685;1.200;2250;2300;1.59690941e-07
12686;12.600;4500;4550;1.59436311e-07
12687;6.800;3250;3300;1.59409529e-07
12688;6.300;3450;3500;1.59139436e-07
12689;13.900;4350;4400;1.58239227e-07
12690;11.400;2400;2450;1.58004590e-07
12691;9.900;3100;3150;1.57900436e-07
12692;7.000;2950;3000;1.57188203e-07
12693;7.200;2900;2950;1.56845629e-07
12694;5.600;4650;4700;1.56386076e-07
12695;15.700;3950;4000;1.56278255e-07
12696;2.100;1750;1800;1.56199750e-07
12697;6.400;3450;3500;1.55927929e-07
12698;13.900;4650;4700;1.55748576e-07
12699;8.600;4750;4800;1.55387270e-07
12700;10.600;2700;2750;1.55097372e-07
12701;10.600;3250;3300;1.54830208e-07
12702;14.900;4950;5000;1.54369156e-07
12703;2.400;2300;2350;1.54109971e-07
12704;0.500;4450;4500;1.53405707e-07
12705;15.700;4700;4750;1.53369783e-07
12706;0.700;4400;4450;1.53137972e-07
12707;11.600;2850;2900;1.52974445e-07
12708;15.400;4600;4650;1.52240995e-07
12709;12.800;4800;4850;1.51153754e-07
12710;6.300;4150;4200;1.51119848e-07
12711;1.500;4050;4100;1.51093171e-07
12712;2.400;1750;1800;1.51018776e-07
12713;15.200;4900;4950;1.50756273e-07
12714;8.800;4800;4850;1.50724028e-07
12715;15.800;3950;4000;1.50514975e-07
12716;9.600;3600;3650;1.49910657e-07
12717;1.200;4500;4550;1.49877682e-07
12718;8.600;4050;4100;1.49533264e-07
12719;10.800;2750;2800;1.49310110e-07
12720;15.400;4150;4200;1.48680780e-07
12721;9.100;3800;3850;1.47674632e-07
12722;15.100;4950;5000;1.47655890e-07
12723;9.100;4500;4550;1.47629452e-07
12724;15.100;4900;4950;1.47561729e-07
12725;9.600;3400;3450;1.47426386e-07
12726;1.100;4400;4450;1.47390106e-07
12727;4.800;4550;4600;1.46819926e-07
12728;3.300;2400;2450;1.46592477e-07
12729;15.700;4050;4100;1.46583175e-07
12730;2.400;2500;2550;1.46563461e-07
12731;0.500;4150;4200;1.46484892e-07
12732;11.800;2300;2350;1.45878252e-07
12733;11.600;2400;2450;1.45633403e-07
12734;15.500;4750;4800;1.45573877e-07
12735;15.500;4850;4900;1.45337990e-07
12736;10.600;2600;2650;1.45293892e-07
12737;9.600;3700;3750;1.45156669e-07
12738;9.400;3900;3950;1.45110597e-07
12739;3.100;2400;2450;1.44414077e-07
12740;9.800;3100;3150;1.44198607e-07
12741;0.800;3600;3650;1.43182647e-07
12742;10.800;2700;2750;1.42860733e-07
12743;2.300;1750;1800;1.42770079e-07
12744;2.000;1750;1800;1.42686968e-07
12745;6.200;4250;4300;1.42569717e-07
12746;6.900;4200;4250;1.42278077e-07
12747;6.300;4650;4700;1.42258952e-07
12748;7.700;2550;2600;1.42125015e-07
12749;9.600;4250;4300;1.41840533e-07
12750;0.100;450;500;1.41174884e-07
12751;0.200;4600;4650;1.40935875e-07
12752;4.600;4950;5000;1.40878426e-07
12753;6.700;3350;3400;1.40878372e-07
12754;15.900;3700;3750;1.40797930e-07
12755;6.400;4250;4300;1.40565230e-07
12756;6.000;3700;3750;1.40471587e-07
12757;6.100;4400;4450;1.40177795e-07
12758;2.200;2300;2350;1.40045715e-07
12759;1.400;3250;3300;1.39960604e-07
12760;2.500;3150;3200;1.39847515e-07
12761;11.200;2700;2750;1.39490532e-07
12762;7.400;2900;2950;1.38316821e-07
12763;0.300;4200;4250;1.38145936e-07
12764;12.600;4750;4800;1.37969002e-07
12765;4.900;4950;5000;1.37419060e-07
12766;10.500;2600;2650;1.37173777e-07
12767;6.700;3550;3600;1.37121179e-07
12768;6.600;3850;3900;1.37068473e-07
12769;1.300;3400;3450;1.37008055e-07
12770;10.400;3300;3350;1.36663602e-07
12771;6.500;4800;4850;1.36025591e-07
12772;9.800;4250;4300;1.35724402e-07
12773;1.300;2200;2250;1.35504165e-07
12774;8.800;4600;4650;1.35501946e-07
12775;2.300;3600;3650;1.35471065e-07
12776;6.100;4650;4700;1.35340288e-07
12777;8.800;4150;4200;1.35287680e-07
12778;15.900;4150;4200;1.35014570e-07
12779;9.500;3050;3100;1.34738283e-07
12780;9.200;4000;4050;1.34655243e-07
12781;15.500;4700;4750;1.34629729e-07
12782;6.900;3400;3450;1.34561958e-07
12783;5.800;3700;3750;1.34184529e-07
12784;0.500;3850;3900;1.33918799e-07
12785;0.600;3200;3250;1.33814268e-07
12786;11.200;2550;2600;1.33132066e-07
12787;14.900;4500;4550;1.32884823e-07
12788;6.700;3300;3350;1.32696839e-07
12789;0.500;4550;4600;1.32499483e-07
12790;2.300;3150;3200;1.32281819e-07
12791;9.100;4400;4450;1.31738530e-07
12792;11.500;2550;2600;1.31032492e-07
12793;5.700;3700;3750;1.30552138e-07
12794;11.600;2550;2600;1.30336469e-07
12795;7.300;3100;3150;1.29979424e-07
12796;1.100;3700;3750;1.29910693e-07
12797;9.400;3850;3900;1.29876566e-07
12798;1.700;2650;2700;1.29385361e-07
12799;6.000;3750;3800;1.29325241e-07
12800;2.400;3150;3200;1.28605022e-07
12801;1.200;2600;2650;1.28424048e-07
12802;11.700;2400;2450;1.28166423e-07
12803;9.000;4900;4950;1.28052404e-07
12804;5.700;4650;4700;1.27627864e-07
12805;7.200;3650;3700;1.27132356e-07
12806;2.600;2500;2550;1.27070049e-07
12807;8.600;4950;5000;1.27067184e-07
12808;13.800;3600;3650;1.27016728e-07
12809;12.600;4600;4650;1.26741054e-07
12810;15.600;4850;4900;1.26685864e-07
12811;5.600;4700;4750;1.26318397e-07
12812;2.800;2300;2350;1.26269970e-07
12813;6.600;4250;4300;1.26217384e-07
12814;15.500;3900;3950;1.25702698e-07
12815;10.000;3550;3600;1.25651681e-07
12816;13.900;4950;5000;1.25290294e-07
12817;1.400;2850;2900;1.25217582e-07
12818;11.300;2700;2750;1.24968076e-07
12819;10.100;2950;3000;1.24733708e-07
12820;1.200;4350;4400;1.24720342e-07
12821;12.600;4550;4600;1.24689442e-07
12822;0.200;4550;4600;1.24176105e-07
12823;1.900;1750;1800;1.24051781e-07
12824;13.900;4050;4100;1.23040164e-07
12825;9.300;3650;3700;1.22163371e-07
12826;7.200;3100;3150;1.22009200e-07
12827;15.600;4700;4750;1.21900419e-07
12828;0.300;3500;3550;1.21890548e-07
12829;15.700;4800;4850;1.21847042e-07
12830;7.300;2900;2950;1.21673845e-07
12831;2.500;3600;3650;1.21629619e-07
12832;5.800;4300;4350;1.21422570e-07
12833;12.300;4950;5000;1.21208222e-07
12834;13.600;3350;3400;1.20687333e-07
12835;8.800;4550;4600;1.20488877e-07
12836;0.700;4950;5000;1.20286010e-07
12837;6.100;3700;3750;1.20162233e-07
12838;15.500;4800;4850;1.20119674e-07
12839;3.200;2400;2450;1.19973617e-07
12840;11.200;2350;2400;1.19789995e-07
12841;6.100;3950;4000;1.19748936e-07
12842;2.200;2650;2700;1.18809188e-07
12843;9.500;3900;3950;1.18543166e-07
12844;15.600;4350;4400;1.18447312e-07
12845;15.200;4950;5000;1.18248312e-07
12846;1.500;3650;3700;1.18129265e-07
12847;0.300;4000;4050;1.18090686e-07
12848;7.300;3650;3700;1.17943447e-07
12849;9.900;3500;3550;1.17942918e-07
12850;6.000;4400;4450;1.17799852e-07
12851;15.900;3900;3950;1.17746268e-07
12852;2.500;2550;2600;1.17725719e-07
12853;6.900;3550;3600;1.17441598e-07
12854;8.100;4450;4500;1.17403466e-07
12855;6.400;4850;4900;1.16994179e-07
12856;7.100;3650;3700;1.16989694e-07
12857;10.800;2800;2850;1.16918876e-07
12858;15.700;3900;3950;1.16816090e-07
12859;11.100;2450;2500;1.16602103e-07
12860;0.700;4450;4500;1.16350115e-07
12861;3.100;1350;1400;1.16063008e-07
12862;2.500;1750;1800;1.14851766e-07
12863;11.700;2550;2600;1.14800773e-07
12864;10.000;3200;3250;1.14463184e-07
12865;12.300;4700;4750;1.14113618e-07
12866;11.000;2800;2850;1.13620707e-07
12867;15.900;4000;4050;1.13417844e-07
12868;6.400;4450;4500;1.12876103e-07
12869;6.400;3950;4000;1.12851754e-07
12870;3.000;3200;3250;1.12474103e-07
12871;6.500;4650;4700;1.12367775e-07
12872;15.300;4350;4400;1.11966415e-07
12873;9.200;4150;4200;1.11544637e-07
12874;10.200;3100;3150;1.11415984e-07
12875;9.100;4950;5000;1.11309596e-07
12876;10.200;3300;3350;1.11078801e-07
12877;2.300;2300;2350;1.10987605e-07
12878;8.100;4900;4950;1.10755916e-07
12879;11.400;2650;2700;1.10712754e-07
12880;12.900;4500;4550;1.10456121e-07
12881;6.500;4150;4200;1.10138611e-07
12882;7.400;3100;3150;1.09389174e-07
12883;7.300;3000;3050;1.09234450e-07
12884;7.500;3800;3850;1.09130730e-07
12885;13.600;3800;3850;1.09110039e-07
12886;10.600;3150;3200;1.09038710e-07
12887;10.100;3100;3150;1.08983502e-07
12888;1.100;4200;4250;1.08923849e-07
12889;2.400;2050;2100;1.08597086e-07
12890;5.800;4700;4750;1.08386051e-07
12891;0.500;4950;5000;1.08375084e-07
12892;6.600;4850;4900;1.08282984e-07
12893;3.100;3200;3250;1.08267498e-07
12894;13.200;4800;4850;1.08219204e-07
12895;0.700;4900;4950;1.07949279e-07
12896;10.700;3200;3250;1.07829492e-07
12897;7.800;3600;3650;1.07779997e-07
12898;10.000;3450;3500;1.07689800e-07
12899;15.400;4350;4400;1.07369776e-07
12900;10.700;2600;2650;1.07220210e-07
12901;13.700;3600;3650;1.06977379e-07
12902;1.600;3550;3600;1.06934413e-07
12903;1.100;4100;4150;1.06730103e-07
12904;15.400;4500;4550;1.06471730e-07
12905;13.900;4550;4600;1.06445699e-07
12906;10.500;3250;3300;1.06427550e-07
12907;13.900;4850;4900;1.06398049e-07
12908;0.400;4600;4650;1.06155499e-07
12909;6.400;4650;4700;1.06077848e-07
12910;11.800;2900;2950;1.06071517e-07
12911;0.300;4700;4750;1.05905798e-07
12912;6.200;4800;4850;1.05836695e-07
12913;11.600;2300;2350;1.05305425e-07
12914;6.500;4250;4300;1.04977338e-07
12915;0.500;4850;4900;1.04834218e-07
12916;15.600;4600;4650;1.04753818e-07
12917;13.900;4800;4850;1.04692984e-07
12918;15.600;3750;3800;1.04299593e-07
12919;11.100;2800;2850;1.04281323e-07
12920;6.100;4950;5000;1.04086620e-07
12921;7.000;3250;3300;1.04048884e-07
12922;7.000;3800;3850;1.03580655e-07
12923;10.400;3550;3600;1.03573234e-07
12924;6.800;3350;3400;1.03142752e-07
12925;0.500;4500;4550;1.01701274e-07
12926;13.900;4900;4950;1.01551371e-07
12927;11.600;2650;2700;1.01409262e-07
12928;7.300;2950;3000;1.01329028e-07
12929;6.500;3950;4000;1.01092319e-07
12930;9.400;3600;3650;1.00896034e-07
12931;2.600;3150;3200;9.99916433e-08
12932;15.800;4250;4300;9.99487122e-08
12933;9.400;4600;4650;9.97500246e-08
12934;15.000;4900;4950;9.97300592e-08
12935;6.500;4100;4150;9.93940401e-08
12936;8.300;4900;4950;9.92010694e-08
12937;9.700;4250;4300;9.91613526e-08
12938;11.600;2900;2950;9.86586598e-08
12939;13.300;4000;4050;9.86493843e-08
12940;2.100;2700;2750;9.85656405e-08
12941;15.700;4650;4700;9.75500222e-08
12942;15.700;4850;4900;9.73429685e-08
12943;9.100;4750;4800;9.72660464e-08
12944;7.200;3250;3300;9.72529634e-08
12945;0.800;3700;3750;9.71841906e-08
12946;0.600;3000;3050;9.71403006e-08
12947;7.100;3250;3300;9.70289409e-08
12948;2.600;1750;1800;9.68139372e-08
12949;6.000;4650;4700;9.65503616e-08
12950;0.300;4750;4800;9.60944363e-08
12951;13.500;3650;3700;9.57487319e-08
12952;0.600;3150;3200;9.57303481e-08
12953;6.800;4150;4200;9.54290974e-08
12954;11.500;2650;2700;9.51045228e-08
12955;6.000;4350;4400;9.48467596e-08
12956;15.700;4750;4800;9.48366010e-08
12957;1.200;3050;3100;9.47207187e-08
12958;7.200;3800;3850;9.44312428e-08
12959;9.100;4300;4350;9.44123691e-08
12960;13.900;4300;4350;9.42232756e-08
12961;8.800;4850;4900;9.39807195e-08
12962;2.400;2550;2600;9.39698457e-08
12963;0.100;500;550;9.36972608e-08
12964;5.800;4350;4400;9.35836593e-08
12965;15.300;4500;4550;9.30395937e-08
12966;3.200;2150;2200;9.29883834e-08
12967;6.100;4500;4550;9.24946744e-08
12968;15.400;4950;5000;9.24172295e-08
12969;6.700;4050;4100;9.24148431e-08
12970;2.400;3600;3650;9.23371229e-08
12971;13.400;4450;4500;9.21327339e-08
12972;10.300;3100;3150;9.20705626e-08
12973;0.700;4500;4550;9.20282165e-08
12974;13.300;4300;4350;9.19414326e-08
12975;7.400;3850;3900;9.18566713e-08
12976;7.600;3000;3050;9.17541840e-08
12977;7.600;2900;2950;9.17062218e-08
12978;12.800;4350;4400;9.16728160e-08
12979;13.700;4050;4100;9.15889658e-08
12980;0.300;4050;4100;9.14095315e-08
12981;1.600;2850;2900;9.09580701e-08
12982;0.600;2250;2300;9.09336120e-08
12983;6.500;3750;3800;9.09023432e-08
12984;6.400;4800;4850;9.02383754e-08
12985;11.400;2550;2600;9.01342762e-08
12986;15.800;4400;4450;9.00332920e-08
12987;8.800;4300;4350;8.99703360e-08
12988;0.300;4850;4900;8.98048404e-08
12989;11.500;2300;2350;8.95974396e-08
12990;8.800;4900;4950;8.94030342e-08
12991;6.300;4850;4900;8.92853744e-08
12992;13.900;4000;4050;8.92117364e-08
12993;15.900;3950;4000;8.92070044e-08
12994;13.900;4100;4150;8.89791558e-08
12995;5.600;4750;4800;8.89288991e-08
12996;6.800;4250;4300;8.88945442e-08
12997;7.800;2550;2600;8.88564774e-08
12998;10.500;3150;3200;8.88556808e-08
12999;7.300;3850;3900;8.87965009e-08
13000;13.900;4150;4200;8.85549127e-08
13001;7.400;3650;3700;8.85198148e-08
13002;7.500;4200;4250;8.84618771e-08
13003;1.500;2850;2900;8.83744575e-08
13004;1.100;4900;4950;8.83301790e-08
13005;1.100;4450;4500;8.81000146e-08
13006;0.500;4700;4750;8.79331733e-08
13007;6.500;4050;4100;8.77887374e-08
13008;9.400;4650;4700;8.74052532e-08
13009;15.800;4450;4500;8.73390620e-08
13010;13.500;3750;3800;8.73199876e-08
13011;8.800;4050;4100;8.72881604e-08
13012;10.800;3250;3300;8.71425728e-08
13013;5.900;4650;4700;8.70512272e-08
13014;2.500;2050;2100;8.70074104e-08
13015;7.500;3100;3150;8.68771796e-08
13016;6.700;4850;4900;8.68623557e-08
13017;1.700;2850;2900;8.66125366e-08
13018;15.800;4300;4350;8.63150631e-08
13019;8.600;4900;4950;8.61375394e-08
13020;9.800;3350;3400;8.59253170e-08
13021;2.800;3200;3250;8.58174458e-08
13022;10.300;2950;3000;8.56038566e-08
13023;11.700;2650;2700;8.54072765e-08
13024;7.800;2600;2650;8.53533535e-08
13025;6.600;3400;3450;8.49301018e-08
13026;6.400;4100;4150;8.49117323e-08
13027;0.800;4400;4450;8.47311980e-08
13028;15.500;4900;4950;8.42770257e-08
13029;6.800;3400;3450;8.41507578e-08
13030;8.800;4750;4800;8.41019764e-08
13031;0.200;4450;4500;8.40353182e-08
13032;11.800;2400;2450;8.36628209e-08
13033;10.300;3300;3350;8.35945752e-08
13034;13.900;4750;4800;8.34954866e-08
13035;6.700;4800;4850;8.34523145e-08
13036;2.600;2550;2600;8.33665863e-08
13037;6.000;3900;3950;8.31933462e-08
13038;5.500;4600;4650;8.30893792e-08
13039;6.200;3700;3750;8.27178233e-08
13040;12.800;4150;4200;8.26406197e-08
13041;10.700;2700;2750;8.22781337e-08
13042;9.900;3050;3100;8.19290282e-08
13043;3.200;1350;1400;8.16201412e-08
13044;6.600;3300;3350;8.13638631e-08
13045;2.100;3650;3700;8.12116266e-08
13046;6.500;3400;3450;8.11340099e-08
13047;12.800;4700;4750;8.10334800e-08
13048;15.900;4300;4350;8.07956619e-08
13049;5.300;4550;4600;8.07611105e-08
13050;6.800;3300;3350;8.04747374e-08
13051;0.700;4350;4400;8.01322423e-08
13052;13.600;3600;3650;7.97942630e-08
13053;0.500;4750;4800;7.91760130e-08
13054;10.200;3500;3550;7.90888655e-08
13055;11.300;2400;2450;7.90622570e-08
13056;15.600;3900;3950;7.89510836e-08
13057;6.500;4000;4050;7.86212760e-08
13058;9.400;3650;3700;7.85139276e-08
13059;9.800;3050;3100;7.84558260e-08
13060;11.300;2500;2550;7.82729356e-08
13061;13.600;3050;3100;7.80155116e-08
13062;7.800;3050;3100;7.75851896e-08
13063;6.300;3700;3750;7.75289706e-08
13064;12.800;4600;4650;7.72858580e-08
13065;11.200;2800;2850;7.67917045e-08
13066;7.000;3350;3400;7.67484028e-08
13067;8.800;4500;4550;7.66295756e-08
13068;2.900;3200;3250;7.65682854e-08
13069;15.500;4950;5000;7.64067401e-08
13070;1.100;3750;3800;7.63969282e-08
13071;1.200;2950;3000;7.63924982e-08
13072;6.800;3500;3550;7.61557012e-08
13073;10.000;3350;3400;7.61340601e-08
13074;2.900;2300;2350;7.59706129e-08
13075;9.500;3600;3650;7.57844412e-08
13076;6.200;3950;4000;7.57157474e-08
13077;10.800;2600;2650;7.55904339e-08
13078;11.600;2350;2400;7.54504649e-08
13079;1.100;4650;4700;7.53288709e-08
13080;11.700;2350;2400;7.52730338e-08
13081;7.100;2950;3000;7.51860646e-08
13082;6.400;4400;4450;7.51237916e-08
13083;9.300;4600;4650;7.48631827e-08
13084;9.200;4100;4150;7.47835764e-08
13085;9.900;3400;3450;7.46738717e-08
13086;10.000;3000;3050;7.45711962e-08
13087;9.700;3700;3750;7.42504114e-08
13088;9.800;3400;3450;7.41413910e-08
13089;11.400;2450;2500;7.37697923e-08
13090;9.900;3600;3650;7.36566840e-08
13091;0.300;3800;3850;7.34835668e-08
13092;15.700;4350;4400;7.34690047e-08
13093;6.700;4250;4300;7.34042669e-08
13094;10.500;3300;3350;7.32437669e-08
13095;2.600;2050;2100;7.29623076e-08
13096;15.900;4500;4550;7.29266759e-08
13097;6.600;3450;3500;7.29124608e-08
13098;8.800;4700;4750;7.27602592e-08
13099;6.300;3900;3950;7.25205161e-08
13100;6.700;3950;4000;7.25056602e-08
13101;0.800;4000;4050;7.22174870e-08
13102;0.300;3850;3900;7.19236267e-08
13103;1.400;4000;4050;7.14686445e-08
13104;1.200;4000;4050;7.14509304e-08
13105;9.100;4700;4750;7.12133359e-08
13106;13.400;4700;4750;7.10431000e-08
13107;0.600;2450;2500;7.04396354e-08
13108;7.700;3000;3050;7.01834895e-08
13109;1.600;2550;2600;6.98279085e-08
13110;10.400;3200;3250;6.92152245e-08
13111;7.300;4200;4250;6.91876090e-08
13112;7.600;3100;3150;6.90720383e-08
13113;1.200;2900;2950;6.88259001e-08
13114;2.800;2050;2100;6.87669666e-08
13115;11.400;2700;2750;6.86207078e-08
13116;6.300;4100;4150;6.85814106e-08
13117;2.700;2050;2100;6.80776908e-08
13118;2.600;3600;3650;6.80258065e-08
13119;1.200;3950;4000;6.79973724e-08
13120;7.000;3850;3900;6.79467384e-08
13121;10.000;3050;3100;6.78131645e-08
13122;6.300;4250;4300;6.78009876e-08
13123;15.300;4950;5000;6.77042832e-08
13124;9.600;3850;3900;6.75946580e-08
13125;15.800;4200;4250;6.75147345e-08
13126;10.100;3000;3050;6.74482459e-08
13127;0.100;550;600;6.73885393e-08
13128;13.800;3350;3400;6.72314431e-08
13129;1.800;2850;2900;6.71327632e-08
13130;15.600;4500;4550;6.70020157e-08
13131;12.600;4700;4750;6.68994303e-08
13132;13.900;4700;4750;6.65584381e-08
13133;11.300;2450;2500;6.63036348e-08
13134;0.300;4900;4950;6.62489750e-08
13135;15.400;4900;4950;6.60144453e-08
13136;3.200;3200;3250;6.59427402e-08
13137;3.400;1350;1400;6.59344868e-08
13138;7.400;4200;4250;6.58660734e-08
13139;13.500;3700;3750;6.57121639e-08
13140;2.700;1750;1800;6.55059870e-08
13141;15.200;4550;4600;6.54060693e-08
13142;9.600;4600;4650;6.53442000e-08
13143;9.600;4200;4250;6.52231203e-08
13144;1.800;2650;2700;6.52072564e-08
13145;15.400;4550;4600;6.50244189e-08
13146;6.600;4650;4700;6.49979967e-08
13147;9.300;4150;4200;6.49751170e-08
13148;3.000;2050;2100;6.47530498e-08
13149;13.400;4750;4800;6.46557351e-08
13150;2.200;2500;2550;6.45344301e-08
13151;9.600;4150;4200;6.45135125e-08
13152;11.800;2550;2600;6.44875055e-08
13153;10.900;2600;2650;6.44783116e-08
13154;2.900;2050;2100;6.43086820e-08
13155;6.000;4750;4800;6.40890008e-08
13156;7.700;3100;3150;6.40776152e-08
13157;15.800;4750;4800;6.40382554e-08
13158;11.900;4250;4300;6.39991545e-08
13159;6.900;4250;4300;6.39900892e-08
13160;7.400;3250;3300;6.39366111e-08
13161;9.200;4400;4450;6.37729640e-08
13162;6.200;4500;4550;6.37719187e-08
13163;13.400;3750;3800;6.36924262e-08
13164;13.400;4300;4350;6.34276926e-08
13165;0.300;4350;4400;6.30849865e-08
13166;15.900;4650;4700;6.30486067e-08
13167;7.000;3550;3600;6.29310491e-08
13168;10.600;3200;3250;6.27469660e-08
13169;5.800;4750;4800;6.25857418e-08
13170;8.500;4900;4950;6.23007341e-08
13171;1.500;3500;3550;6.20229166e-08
13172;6.500;3450;3500;6.20199108e-08
13173;1.500;3250;3300;6.19364688e-08
13174;13.500;3950;4000;6.19362790e-08
13175;13.400;3700;3750;6.16529176e-08
13176;15.900;4850;4900;6.16205905e-08
13177;3.100;2050;2100;6.14613793e-08
13178;1.400;3500;3550;6.12380917e-08
13179;1.300;4000;4050;6.10753411e-08
13180;15.800;4000;4050;6.10382940e-08
13181;15.800;4800;4850;6.10224921e-08
13182;15.500;4550;4600;6.06197294e-08
13183;13.500;4150;4200;6.05315514e-08
13184;6.300;4800;4850;6.04685359e-08
13185;1.300;4500;4550;6.04028377e-08
13186;15.800;4700;4750;6.03628267e-08
13187;13.400;3950;4000;6.02693702e-08
13188;1.400;3450;3500;5.99035625e-08
13189;15.600;4900;4950;5.97902863e-08
13190;6.300;4400;4450;5.97734219e-08
13191;12.600;4950;5000;5.96590737e-08
13192;9.200;4350;4400;5.94091807e-08
13193;0.800;4450;4500;5.92551300e-08
13194;11.600;2450;2500;5.91856084e-08
13195;7.100;3550;3600;5.91663057e-08
13196;7.200;4200;4250;5.90221379e-08
13197;10.300;3000;3050;5.89061137e-08
13198;0.800;4950;5000;5.82981595e-08
13199;7.300;3250;3300;5.82459543e-08
13200;10.200;3350;3400;5.81022141e-08
13201;10.500;2950;3000;5.78988221e-08
13202;13.700;4100;4150;5.76892043e-08
13203;5.600;4600;4650;5.76127456e-08
13204;13.400;4150;4200;5.75227625e-08
13205;12.600;4900;4950;5.74757917e-08
13206;15.900;4800;4850;5.73899410e-08
13207;6.900;4850;4900;5.72435599e-08
13208;11.300;2800;2850;5.72073481e-08
13209;13.800;3650;3700;5.71407182e-08
13210;0.800;4800;4850;5.70294359e-08
13211;7.500;3000;3050;5.67085891e-08
13212;5.900;4300;4350;5.65660475e-08
13213;9.100;4800;4850;5.64517485e-08
13214;8.800;4950;5000;5.60530922e-08
13215;15.700;4950;5000;5.55396947e-08
13216;15.500;4500;4550;5.55213248e-08
13217;10.100;3450;3500;5.54814318e-08
13218;1.400;2450;2500;5.49833571e-08
13219;0.800;3750;3800;5.48714587e-08
13220;15.900;4250;4300;5.47469989e-08
13221;11.500;2450;2500;5.46927390e-08
13222;15.800;4950;5000;5.45100724e-08
13223;0.500;3800;3850;5.43298907e-08
13224;7.000;3400;3450;5.42409887e-08
13225;15.800;4900;4950;5.40056266e-08
13226;12.100;4900;4950;5.38622800e-08
13227;7.600;4200;4250;5.33611921e-08
13228;11.800;2350;2400;5.32466169e-08
13229;9.500;4650;4700;5.30831294e-08
13230;6.700;3400;3450;5.25935905e-08
13231;3.300;1350;1400;5.23869866e-08
13232;9.300;3950;4000;5.20583314e-08
13233;5.900;4350;4400;5.19546098e-08
13234;9.300;4650;4700;5.17963378e-08
13235;11.800;2650;2700;5.17787578e-08
13236;1.700;3550;3600;5.16944364e-08
13237;3.200;2050;2100;5.16262670e-08
13238;2.000;3650;3700;5.15189226e-08
13239;13.700;3650;3700;5.13856384e-08
13240;15.800;4350;4400;5.13828497e-08
13241;15.300;4900;4950;5.11514911e-08
13242;6.600;4150;4200;5.07807747e-08
13243;9.900;3350;3400;5.03765254e-08
13244;12.800;4300;4350;5.01514187e-08
13245;6.800;3750;3800;4.98767268e-08
13246;15.700;4500;4550;4.97858359e-08
13247;12.800;4750;4800;4.94796625e-08
13248;9.400;3950;4000;4.92612132e-08
13249;11.400;2800;2850;4.91624497e-08
13250;7.500;3850;3900;4.91506490e-08
13251;15.900;4750;4800;4.88559238e-08
13252;7.300;3550;3600;4.87835364e-08
13253;15.900;4900;4950;4.85536753e-08
13254;7.200;2950;3000;4.82177254e-08
13255;10.100;3500;3550;4.80721684e-08
13256;0.500;4350;4400;4.79163587e-08
13257;1.200;3000;3050;4.78805936e-08
13258;11.400;2750;2800;4.76132982e-08
13259;1.300;3500;3550;4.75846996e-08
13260;6.100;4700;4750;4.75290699e-08
13261;2.300;2500;2550;4.74246766e-08
13262;7.000;4200;4250;4.73163592e-08
13263;9.300;4350;4400;4.72807137e-08
13264;6.800;3450;3500;4.71082548e-08
13265;7.200;3350;3400;4.70834554e-08
13266;10.300;3500;3550;4.69619847e-08
13267;15.800;4850;4900;4.68318320e-08
13268;7.800;3800;3850;4.68310392e-08
13269;10.400;3000;3050;4.68294889e-08
13270;9.300;4000;4050;4.68165775e-08
13271;11.000;2600;2650;4.67729220e-08
13272;6.800;4850;4900;4.66740928e-08
13273;0.600;3750;3800;4.65922872e-08
13274;6.600;3950;4000;4.65898326e-08
13275;2.800;1750;1800;4.65283934e-08
13276;6.600;4800;4850;4.63663207e-08
13277;12.800;4500;4550;4.62943112e-08
13278;6.100;3900;3950;4.62863064e-08
13279;13.500;4450;4500;4.61804542e-08
13280;15.300;4550;4600;4.61502921e-08
13281;2.700;2500;2550;4.60702832e-08
13282;1.100;4600;4650;4.59852742e-08
13283;11.300;2550;2600;4.58962317e-08
13284;7.100;3400;3450;4.56771494e-08
13285;10.400;3150;3200;4.56460518e-08
13286;9.200;4950;5000;4.56210061e-08
13287;13.800;4950;5000;4.55831236e-08
13288;6.500;4950;5000;4.55055356e-08
13289;9.500;3650;3700;4.54961925e-08
13290;10.100;3050;3100;4.53979130e-08
13291;13.200;4900;4950;4.48793957e-08
13292;6.900;3750;3800;4.48058374e-08
13293;0.300;4950;5000;4.47177813e-08
13294;1.100;4700;4750;4.46647059e-08
13295;11.200;2600;2650;4.46027117e-08
13296;10.200;3050;3100;4.45886196e-08
13297;13.600;3950;4000;4.43016221e-08
13298;7.100;4200;4250;4.43004435e-08
13299;2.700;3150;3200;4.42816925e-08
13300;6.400;3750;3800;4.42756980e-08
13301;9.400;4000;4050;4.42002907e-08
13302;3.400;2150;2200;4.40704167e-08
13303;3.300;2050;2100;4.39535239e-08
13304;6.400;4950;5000;4.39501959e-08
13305;15.900;4700;4750;4.39057713e-08
13306;7.000;3300;3350;4.38879611e-08
13307;6.900;4150;4200;4.38146726e-08
13308;10.900;3200;3250;4.37207718e-08
13309;6.600;4000;4050;4.36630551e-08
13310;5.700;4600;4650;4.34262673e-08
13311;0.300;4300;4350;4.33395093e-08
13312;6.000;4300;4350;4.29531814e-08
13313;7.200;3550;3600;4.29444451e-08
13314;6.500;3900;3950;4.29118170e-08
13315;6.900;4000;4050;4.28560438e-08
13316;9.600;3750;3800;4.28081902e-08
13317;15.900;4400;4450;4.27718587e-08
13318;6.800;4100;4150;4.27571412e-08
13319;6.900;3500;3550;4.26955546e-08
13320;7.600;3250;3300;4.25691206e-08
13321;7.200;3850;3900;4.25248897e-08
13322;7.700;2900;2950;4.25134871e-08
13323;2.200;3650;3700;4.25104937e-08
13324;3.300;2150;2200;4.23738200e-08
13325;6.300;4350;4400;4.23522744e-08
13326;9.500;4150;4200;4.22751143e-08
13327;11.500;2700;2750;4.22553833e-08
13328;15.700;4600;4650;4.21407391e-08
13329;1.900;2850;2900;4.21199583e-08
13330;12.800;4550;4600;4.20086759e-08
13331;6.400;4350;4400;4.19452978e-08
13332;6.900;3450;3500;4.13862995e-08
13333;2.200;2700;2750;4.13156982e-08
13334;5.400;4550;4600;4.12234447e-08
13335;6.600;4100;4150;4.12080230e-08
13336;15.600;4950;5000;4.10951747e-08
13337;1.100;4800;4850;4.09808875e-08
13338;0.100;600;650;4.08398373e-08
13339;6.100;4900;4950;4.07547824e-08
13340;9.700;4200;4250;4.05866093e-08
13341;9.900;4250;4300;4.05380731e-08
13342;6.700;3450;3500;4.04133982e-08
13343;1.400;3400;3450;4.02728763e-08
13344;0.500;4900;4950;4.02125232e-08
13345;6.700;4650;4700;4.01007640e-08
13346;6.300;4300;4350;3.95467151e-08
13347;3.000;2300;2350;3.93873285e-08
13348;6.800;4050;4100;3.92101577e-08
13349;6.600;4050;4100;3.91425336e-08
13350;1.300;2950;3000;3.87503383e-08
13351;6.100;4350;4400;3.87429781e-08
13352;6.800;4650;4700;3.86151112e-08
13353;1.200;3300;3350;3.84851816e-08
13354;7.500;3650;3700;3.84761765e-08
13355;9.700;4600;4650;3.83880158e-08
13356;13.400;4400;4450;3.83651389e-08
13357;12.800;4900;4950;3.83465747e-08
13358;0.600;3500;3550;3.82874636e-08
13359;1.500;4000;4050;3.82603612e-08
13360;5.500;4550;4600;3.82454089e-08
13361;13.500;4300;4350;3.82428313e-08
13362;11.700;2750;2800;3.82315143e-08
13363;6.400;3900;3950;3.81409986e-08
13364;13.300;4350;4400;3.80036823e-08
13365;10.800;3200;3250;3.77760030e-08
13366;6.400;3700;3750;3.74651388e-08
13367;7.500;3550;3600;3.74422694e-08
13368;0.800;3800;3850;3.74034467e-08
13369;10.600;2950;3000;3.73740659e-08
13370;11.500;2350;2400;3.72780231e-08
13371;12.800;4950;5000;3.72760008e-08
13372;11.700;2450;2500;3.72254929e-08
13373;7.300;3950;4000;3.72085452e-08
13374;10.700;3150;3200;3.68921683e-08
13375;6.700;4400;4450;3.68155829e-08
13376;13.300;4550;4600;3.68124037e-08
13377;1.600;4050;4100;3.66956944e-08
13378;15.900;4600;4650;3.66878954e-08
13379;7.400;3550;3600;3.63761228e-08
13380;7.800;3000;3050;3.63694215e-08
13381;13.500;4700;4750;3.63671182e-08
13382;7.000;3450;3500;3.63635058e-08
13383;1.100;4550;4600;3.63152550e-08
13384;6.800;3950;4000;3.61843155e-08
13385;9.800;4200;4250;3.61149522e-08
13386;7.400;2950;3000;3.60326282e-08
13387;6.900;4050;4100;3.57265446e-08
13388;6.500;3700;3750;3.56734665e-08
13389;10.800;3150;3200;3.55401928e-08
13390;11.800;2450;2500;3.55299565e-08
13391;1.300;4950;5000;3.54183919e-08
13392;1.700;3450;3500;3.51498467e-08
13393;2.200;2550;2600;3.51478600e-08
13394;7.500;3250;3300;3.50096250e-08
13395;6.600;3900;3950;3.49518918e-08
13396;15.900;4950;5000;3.49444910e-08
13397;11.100;3250;3300;3.49061620e-08
13398;10.700;3550;3600;3.47023426e-08
13399;1.600;3450;3500;3.46987406e-08
13400;6.600;4700;4750;3.46058812e-08
13401;9.800;3600;3650;3.45655087e-08
13402;7.000;3500;3550;3.45491510e-08
13403;0.600;3700;3750;3.44277889e-08
13404;15.800;4500;4550;3.43990104e-08
13405;0.300;4500;4550;3.43093550e-08
13406;0.500;4300;4350;3.42955391e-08
13407;6.700;3500;3550;3.42811940e-08
13408;1.300;4350;4400;3.40664955e-08
13409;7.000;4150;4200;3.40598081e-08
13410;12.300;4900;4950;3.40329210e-08
13411;0.500;4600;4650;3.40204897e-08
13412;0.600;3650;3700;3.40090661e-08
13413;11.100;2600;2650;3.39589796e-08
13414;9.200;3800;3850;3.39113738e-08
13415;11.200;2450;2500;3.38692643e-08
13416;7.200;4100;4150;3.37934924e-08
13417;6.900;4650;4700;3.36289071e-08
13418;7.600;2950;3000;3.36187757e-08
13419;6.700;4000;4050;3.34212780e-08
13420;9.200;4050;4100;3.33873480e-08
13421;9.700;3850;3900;3.33653374e-08
13422;10.900;3250;3300;3.33034293e-08
13423;6.700;3750;3800;3.31301248e-08
13424;13.900;3950;4000;3.30899169e-08
13425;6.800;4800;4850;3.30848964e-08
13426;5.800;4600;4650;3.30216176e-08
13427;10.600;3550;3600;3.29437796e-08
13428;7.000;4850;4900;3.28945729e-08
13429;15.500;4350;4400;3.28206586e-08
13430;6.900;3950;4000;3.26157351e-08
13431;7.500;2950;3000;3.24347584e-08
13432;7.100;3800;3850;3.23351261e-08
13433;7.000;4100;4150;3.22382310e-08
13434;6.900;4100;4150;3.21416385e-08
13435;6.600;3750;3800;3.18178346e-08
13436;3.400;2050;2100;3.18177018e-08
13437;7.300;3400;3450;3.17244651e-08
13438;6.200;4750;4800;3.16044255e-08
13439;7.300;3300;3350;3.14836443e-08
13440;6.400;4700;4750;3.14797904e-08
13441;6.300;4450;4500;3.13793566e-08
13442;6.800;4000;4050;3.13698737e-08
13443;7.500;4250;4300;3.13501254e-08
13444;15.700;4550;4600;3.12573306e-08
13445;6.200;4700;4750;3.11292710e-08
13446;6.300;4700;4750;3.11205106e-08
13447;6.500;4450;4500;3.08795426e-08
13448;11.300;2350;2400;3.07111585e-08
13449;2.700;2550;2600;3.06718780e-08
13450;1.900;3650;3700;3.06573863e-08
13451;6.900;4400;4450;3.06378020e-08
13452;6.700;4150;4200;3.04581700e-08
13453;6.600;4450;4500;3.04185862e-08
13454;7.200;4250;4300;3.03394955e-08
13455;0.800;4550;4600;3.03374170e-08
13456;10.400;2950;3000;3.02850206e-08
13457;7.300;3500;3550;3.02776870e-08
13458;9.100;4550;4600;3.02492823e-08
13459;7.600;3550;3600;3.02218474e-08
13460;6.900;3300;3350;2.97135358e-08
13461;5.900;4600;4650;2.97122938e-08
13462;6.500;4350;4400;2.95434435e-08
13463;15.800;4600;4650;2.92954311e-08
13464;10.100;3350;3400;2.92244410e-08
13465;3.300;3200;3250;2.92117648e-08
13466;7.300;3350;3400;2.90770307e-08
13467;9.400;4350;4400;2.90098616e-08
13468;15.700;4900;4950;2.89990112e-08
13469;0.300;4550;4600;2.88975390e-08
13470;13.300;4500;4550;2.88422524e-08
13471;2.900;1750;1800;2.87482705e-08
13472;6.000;4500;4550;2.87304670e-08
13473;1.800;3550;3600;2.86524321e-08
13474;13.700;3800;3850;2.85787434e-08
13475;10.000;3400;3450;2.85488218e-08
13476;6.500;4300;4350;2.84935080e-08
13477;13.500;4750;4800;2.83674576e-08
13478;11.800;2750;2800;2.82524803e-08
13479;10.200;3450;3500;2.82027749e-08
13480;1.400;2950;3000;2.80941783e-08
13481;7.100;4100;4150;2.79796329e-08
13482;13.200;4850;4900;2.79602017e-08
13483;6.100;4300;4350;2.79085863e-08
13484;6.400;4900;4950;2.78242760e-08
13485;7.700;3550;3600;2.76764803e-08
13486;6.100;4600;4650;2.76644054e-08
13487;6.700;3900;3950;2.74910894e-08
13488;6.200;3900;3950;2.74784385e-08
13489;11.000;3250;3300;2.74640142e-08
13490;13.600;3750;3800;2.72923118e-08
13491;10.300;3350;3400;2.71546160e-08
13492;2.300;2550;2600;2.69707990e-08
13493;6.400;4500;4550;2.69524921e-08
13494;11.400;2600;2650;2.69342578e-08
13495;1.300;3100;3150;2.68565539e-08
13496;6.500;4400;4450;2.68365955e-08
13497;10.300;3450;3500;2.67499004e-08
13498;9.200;4450;4500;2.65405615e-08
13499;9.300;4400;4450;2.64843291e-08
13500;9.200;4500;4550;2.64557582e-08
13501;2.400;2700;2750;2.63788459e-08
13502;7.700;2950;3000;2.63765448e-08
13503;6.900;3350;3400;2.63517950e-08
13504;6.000;4700;4750;2.62150310e-08
13505;2.500;2700;2750;2.61702010e-08
13506;10.500;3200;3250;2.59688499e-08
13507;13.600;4150;4200;2.56201158e-08
13508;6.400;4750;4800;2.55448860e-08
13509;7.100;3850;3900;2.55011082e-08
13510;9.500;4450;4500;2.54538813e-08
13511;13.600;3650;3700;2.53256542e-08
13512;10.900;3150;3200;2.53147101e-08
13513;7.800;3250;3300;2.52867392e-08
13514;7.100;3500;3550;2.52380269e-08
13515;7.000;3950;4000;2.52189512e-08
13516;1.600;3500;3550;2.52093877e-08
13517;15.600;4550;4600;2.51627436e-08
13518;7.600;3650;3700;2.51375068e-08
13519;10.600;3100;3150;2.51253105e-08
13520;9.300;4100;4150;2.50889626e-08
13521;1.300;2900;2950;2.50854923e-08
13522;11.500;2750;2800;2.49913304e-08
13523;7.300;4100;4150;2.49238371e-08
13524;7.700;3650;3700;2.49066309e-08
13525;0.600;3350;3400;2.48370649e-08
13526;1.100;4150;4200;2.47240095e-08
13527;6.000;4600;4650;2.45771294e-08
13528;15.900;4550;4600;2.45545456e-08
13529;10.100;3400;3450;2.43749198e-08
13530;7.100;3300;3350;2.43365744e-08
13531;6.600;3700;3750;2.42590846e-08
13532;11.300;2600;2650;2.41764269e-08
13533;6.200;4950;5000;2.41455608e-08
13534;10.900;3000;3050;2.41164037e-08
13535;9.600;4350;4400;2.40393868e-08
13536;0.100;1050;1100;2.40047415e-08
13537;0.800;4850;4900;2.39592311e-08
13538;10.400;3350;3400;2.38866699e-08
13539;13.800;4100;4150;2.38309522e-08
13540;10.200;3400;3450;2.37625872e-08
13541;2.600;2700;2750;2.37439880e-08
13542;6.200;4350;4400;2.36861454e-08
13543;10.000;3500;3550;2.36813778e-08
13544;10.500;3100;3150;2.36335000e-08
13545;0.300;4150;4200;2.35491735e-08
13546;11.200;3250;3300;2.34507266e-08
13547;7.200;3450;3500;2.33935993e-08
13548;13.600;3700;3750;2.32544853e-08
13549;1.200;4300;4350;2.32271040e-08
13550;1.500;2450;2500;2.32184759e-08
13551;7.100;3350;3400;2.31188015e-08
13552;6.500;4900;4950;2.31097057e-08
13553;7.000;3750;3800;2.30831823e-08
13554;7.400;3400;3450;2.30591483e-08
13555;6.100;4750;4800;2.29751195e-08
13556;6.600;4400;4450;2.29027012e-08
13557;7.200;3750;3800;2.28414296e-08
13558;1.200;4250;4300;2.27682303e-08
13559;6.900;4800;4850;2.27648126e-08
13560;9.200;4300;4350;2.26604638e-08
13561;7.300;4250;4300;2.26152659e-08
13562;10.300;3050;3100;2.25741574e-08
13563;0.600;3850;3900;2.25536921e-08
13564;0.100;1100;1150;2.25513998e-08
13565;11.600;2750;2800;2.25472260e-08
13566;9.900;3700;3750;2.24171924e-08
13567;0.100;1000;1050;2.24059083e-08
13568;9.300;4450;4500;2.23921363e-08
13569;9.800;3850;3900;2.23176439e-08
13570;7.300;4150;4200;2.22747983e-08
13571;5.800;4550;4600;2.22422821e-08
13572;6.300;4950;5000;2.22229676e-08
13573;7.200;3500;3550;2.21098185e-08
13574;6.300;4750;4800;2.20401019e-08
13575;9.600;3900;3950;2.19599352e-08
13576;6.600;4950;5000;2.19348553e-08
13577;6.700;4700;4750;2.18959238e-08
13578;2.300;2700;2750;2.17250700e-08
13579;1.600;3400;3450;2.15698080e-08
13580;9.500;4600;4650;2.14657632e-08
13581;9.100;4850;4900;2.14578942e-08
13582;7.100;3450;3500;2.14482244e-08
13583;7.200;3300;3350;2.14432156e-08
13584;6.900;4450;4500;2.14295196e-08
13585;2.300;2650;2700;2.13418372e-08
13586;0.100;1150;1200;2.12156960e-08
13587;6.700;4350;4400;2.11590280e-08
13588;7.400;4250;4300;2.11198708e-08
13589;1.700;2450;2500;2.11132088e-08
13590;6.700;4100;4150;2.11040928e-08
13591;6.700;4450;4500;2.10617796e-08
13592;7.400;3750;3800;2.10050722e-08
13593;9.600;3650;3700;2.10035149e-08
13594;1.200;4950;5000;2.09731827e-08
13595;5.900;4750;4800;2.09293655e-08
13596;7.300;4050;4100;2.08644653e-08
13597;2.000;2850;2900;2.08431375e-08
13598;1.600;2450;2500;2.08328993e-08
13599;0.100;1200;1250;2.08244261e-08
13600;6.200;4900;4950;2.07542539e-08
13601;0.800;4500;4550;2.07515672e-08
13602;0.100;1250;1300;2.07456906e-08
13603;7.200;4150;4200;2.07346017e-08
13604;9.800;3900;3950;2.06890911e-08
13605;13.700;4300;4350;2.06799775e-08
13606;7.800;3100;3150;2.06491162e-08
13607;3.100;2300;2350;2.06482062e-08
13608;7.200;4850;4900;2.06437230e-08
13609;10.100;3700;3750;2.06220263e-08
13610;7.800;2900;2950;2.05562748e-08
13611;7.800;3850;3900;2.05325235e-08
13612;0.100;650;700;2.03771962e-08
13613;6.500;4700;4750;2.03562314e-08
13614;0.600;3600;3650;2.02352318e-08
13615;9.700;3900;3950;2.02157656e-08
13616;11.800;2700;2750;2.01441923e-08
13617;3.400;2300;2350;2.01179807e-08
13618;10.500;3450;3500;2.00536833e-08
13619;0.600;4150;4200;2.00352633e-08
13620;11.800;2800;2850;1.99382814e-08
13621;13.500;4000;4050;1.98492961e-08
13622;0.800;4300;4350;1.98324792e-08
13623;7.000;4050;4100;1.97519947e-08
13624;10.500;3550;3600;1.97431378e-08
13625;1.300;2250;2300;1.97377083e-08
13626;0.100;1300;1350;1.97313108e-08
13627;10.000;3700;3750;1.96559759e-08
13628;1.300;3000;3050;1.95769999e-08
13629;1.700;3400;3450;1.95724202e-08
13630;11.000;3150;3200;1.95527916e-08
13631;15.900;4350;4400;1.95413771e-08
13632;6.700;3700;3750;1.95373106e-08
13633;1.200;4450;4500;1.95300259e-08
13634;6.600;4350;4400;1.94525580e-08
13635;9.900;3750;3800;1.94340455e-08
13636;10.400;3750;3800;1.94323053e-08
13637;10.000;3750;3800;1.94161500e-08
13638;10.800;3550;3600;1.93869877e-08
13639;15.800;4550;4600;1.93777727e-08
13640;7.100;4000;4050;1.93119645e-08
13641;7.100;4250;4300;1.92891364e-08
13642;13.300;4800;4850;1.91969289e-08
13643;6.400;4300;4350;1.91942893e-08
13644;5.600;4550;4600;1.91808534e-08
13645;6.700;4750;4800;1.91076773e-08
13646;13.500;4550;4600;1.90758045e-08
13647;6.600;4750;4800;1.89944640e-08
13648;13.600;4450;4500;1.89609896e-08
13649;11.700;2600;2650;1.89381688e-08
13650;9.700;3650;3700;1.89374535e-08
13651;13.400;4550;4600;1.89280822e-08
13652;6.300;4600;4650;1.88227680e-08
13653;13.700;3950;4000;1.88014222e-08
13654;10.400;3450;3500;1.86550783e-08
13655;11.700;2800;2850;1.85554800e-08
13656;3.100;2500;2550;1.81660428e-08
13657;7.200;4000;4050;1.81557269e-08
13658;10.500;3050;3100;1.81512804e-08
13659;1.300;2600;2650;1.81420926e-08
13660;3.000;3150;3200;1.81182413e-08
13661;6.500;4500;4550;1.80328387e-08
13662;11.500;2800;2850;1.78599127e-08
13663;7.400;3000;3050;1.78437958e-08
13664;7.000;4450;4500;1.77676105e-08
13665;11.400;2350;2400;1.76549327e-08
13666;0.100;950;1000;1.76291437e-08
13667;7.400;3500;3550;1.76074231e-08
13668;6.500;4600;4650;1.75169893e-08
13669;10.300;3750;3800;1.75149732e-08
13670;13.600;4700;4750;1.74785646e-08
13671;6.300;4900;4950;1.73090697e-08
13672;5.900;4700;4750;1.72952377e-08
13673;7.600;3800;3850;1.72856933e-08
13674;9.400;4450;4500;1.72581493e-08
13675;3.300;2300;2350;1.72283826e-08
13676;10.500;3350;3400;1.72130947e-08
13677;7.500;3500;3550;1.71912129e-08
13678;6.800;3700;3750;1.71826534e-08
13679;2.600;2650;2700;1.71722661e-08
13680;3.100;3150;3200;1.70782853e-08
13681;1.500;3450;3500;1.70638568e-08
13682;6.900;3700;3750;1.69997040e-08
13683;9.300;4050;4100;1.69905008e-08
13684;9.700;3750;3800;1.69838769e-08
13685;1.800;3450;3500;1.69440466e-08
13686;0.100;1350;1400;1.69342901e-08
13687;13.800;4050;4100;1.68777411e-08
13688;10.800;3000;3050;1.68397290e-08
13689;0.600;3050;3100;1.68233553e-08
13690;1.300;3050;3100;1.67892282e-08
13691;7.000;3900;3950;1.67241858e-08
13692;9.200;4800;4850;1.66414236e-08
13693;9.500;4000;4050;1.66100924e-08
13694;7.800;3350;3400;1.65760971e-08
13695;3.200;2300;2350;1.64787822e-08
13696;7.500;3300;3350;1.64767817e-08
13697;7.100;3950;4000;1.64551914e-08
13698;11.500;3150;3200;1.64535866e-08
13699;7.100;4150;4200;1.64272398e-08
13700;7.700;3250;3300;1.64111287e-08
13701;1.200;3900;3950;1.63789548e-08
13702;7.500;3350;3400;1.63458376e-08
13703;2.800;3150;3200;1.63321631e-08
13704;7.100;4850;4900;1.63053975e-08
13705;9.400;4100;4150;1.62811698e-08
13706;9.100;4900;4950;1.62041168e-08
13707;7.000;4250;4300;1.60968016e-08
13708;7.600;4250;4300;1.60796883e-08
13709;9.700;4650;4700;1.60743958e-08
13710;10.700;3300;3350;1.60147009e-08
13711;6.800;3900;3950;1.59571892e-08
13712;9.300;4800;4850;1.59241026e-08
13713;5.700;4550;4600;1.58849165e-08
13714;7.600;3500;3550;1.58734064e-08
13715;13.400;4000;4050;1.58677450e-08
13716;7.300;4850;4900;1.57751569e-08
13717;0.300;4600;4650;1.57161203e-08
13718;3.000;2500;2550;1.57123751e-08
13719;6.700;4300;4350;1.56022052e-08
13720;10.400;3100;3150;1.55687496e-08
13721;13.600;4300;4350;1.55189429e-08
13722;7.600;3350;3400;1.55086812e-08
13723;7.000;4000;4050;1.53588802e-08
13724;9.600;4650;4700;1.53100030e-08
13725;11.600;2800;2850;1.52981351e-08
13726;1.800;2450;2500;1.52979001e-08
13727;1.200;4650;4700;1.52715128e-08
13728;10.400;3050;3100;1.52378093e-08
13729;2.700;3600;3650;1.51384295e-08
13730;7.400;3350;3400;1.50817126e-08
13731;13.800;4150;4200;1.50258340e-08
13732;9.400;4050;4100;1.50025746e-08
13733;6.900;3900;3950;1.48352575e-08
13734;7.800;3300;3350;1.47771913e-08
13735;7.200;3400;3450;1.47490600e-08
13736;7.700;3500;3550;1.47301836e-08
13737;6.200;4600;4650;1.46530732e-08
13738;7.800;3550;3600;1.46114575e-08
13739;9.300;3800;3850;1.42392423e-08
13740;11.500;2600;2650;1.41806376e-08
13741;7.600;4100;4150;1.41302531e-08
13742;10.800;2950;3000;1.41125147e-08
13743;10.800;3300;3350;1.40913972e-08
13744;10.700;2950;3000;1.39768174e-08
13745;7.100;3700;3750;1.39302447e-08
13746;10.200;3600;3650;1.38990156e-08
13747;3.000;1750;1800;1.38694023e-08
13748;2.900;3150;3200;1.37280555e-08
13749;7.600;3300;3350;1.37060815e-08
13750;10.700;3050;3100;1.36855173e-08
13751;10.400;3500;3550;1.36840265e-08
13752;6.600;4300;4350;1.36728815e-08
13753;11.700;2700;2750;1.36691411e-08
13754;6.900;4300;4350;1.36092970e-08
13755;0.100;1400;1450;1.35361222e-08
13756;9.200;4750;4800;1.35357164e-08
13757;7.300;4800;4850;1.34993341e-08
13758;13.400;4500;4550;1.34892125e-08
13759;6.800;4400;4450;1.34713122e-08
13760;7.700;3350;3400;1.34652578e-08
13761;7.700;3300;3350;1.34398362e-08
13762;9.300;4950;5000;1.34313839e-08
13763;7.700;4200;4250;1.34168325e-08
13764;2.500;2650;2700;1.34119602e-08
13765;7.700;3800;3850;1.33783668e-08
13766;7.000;4400;4450;1.33434834e-08
13767;9.800;3700;3750;1.33228612e-08
13768;10.600;3050;3100;1.32835870e-08
13769;0.600;3300;3350;1.32832426e-08
13770;0.800;4900;4950;1.32787776e-08
13771;6.300;4500;4550;1.32682198e-08
13772;1.500;3400;3450;1.31841513e-08
13773;9.400;4150;4200;1.31019102e-08
13774;11.600;2700;2750;1.30186364e-08
13775;6.200;4300;4350;1.29777270e-08
13776;3.400;3200;3250;1.29641819e-08
13777;7.800;3650;3700;1.29044963e-08
13778;6.600;4900;4950;1.28790982e-08
13779;1.400;3000;3050;1.27973934e-08
13780;11.100;3150;3200;1.27643190e-08
13781;2.900;3600;3650;1.27576226e-08
13782;1.400;2900;2950;1.27323760e-08
13783;0.600;4800;4850;1.27003669e-08
13784;7.800;2950;3000;1.25793119e-08
13785;1.900;3250;3300;1.25582561e-08
13786;7.800;3400;3450;1.25469450e-08
13787;9.300;4300;4350;1.25326822e-08
13788;10.700;3100;3150;1.25272621e-08
13789;9.400;4300;4350;1.25264886e-08
13790;6.800;4350;4400;1.24748934e-08
13791;7.600;3850;3900;1.24358119e-08
13792;7.000;3700;3750;1.23989486e-08
13793;1.500;2950;3000;1.23683650e-08
13794;10.900;3050;3100;1.23626804e-08
13795;13.800;3700;3750;1.22754981e-08
13796;13.400;4800;4850;1.21867464e-08
13797;9.800;3750;3800;1.21820801e-08
13798;10.300;3400;3450;1.21208806e-08
13799;6.800;4750;4800;1.20647305e-08
13800;3.100;2550;2600;1.20633872e-08
13801;7.300;3750;3800;1.20181424e-08
13802;9.300;4750;4800;1.20106539e-08
13803;1.800;3250;3300;1.19973993e-08
13804;7.100;4050;4100;1.19705883e-08
13805;1.100;4850;4900;1.18431343e-08
13806;7.100;3900;3950;1.18126852e-08
13807;7.100;4400;4450;1.16894993e-08
13808;7.300;3900;3950;1.15059502e-08
13809;9.900;4200;4250;1.14392235e-08
13810;7.000;4800;4850;1.13886175e-08
13811;9.500;3950;4000;1.13452868e-08
13812;9.800;3650;3700;1.13058153e-08
13813;0.000;0;50;1.12833769e-08
13814;9.500;3800;3850;1.12505797e-08
13815;6.900;4350;4400;1.11956202e-08
13816;13.700;4700;4750;1.11726899e-08
13817;1.700;3500;3550;1.11663539e-08
13818;0.100;1450;1500;1.11396407e-08
13819;10.900;3300;3350;1.11150031e-08
13820;9.900;3850;3900;1.10988414e-08
13821;7.400;3300;3350;1.10423906e-08
13822;9.200;4700;4750;1.10347248e-08
13823;11.000;3000;3050;1.10189781e-08
13824;1.300;3950;4000;1.09946709e-08
13825;1.900;2450;2500;1.08636041e-08
13826;7.000;4350;4400;1.08549883e-08
13827;7.100;3750;3800;1.08470409e-08
13828;3.200;2500;2550;1.08397694e-08
13829;7.000;4500;4550;1.08028748e-08
13830;7.200;4050;4100;1.07896842e-08
13831;9.700;3600;3650;1.07753033e-08
13832;7.200;4650;4700;1.06651676e-08
13833;0.600;4100;4150;1.06228782e-08
13834;3.000;2550;2600;1.05783270e-08
13835;7.700;4150;4200;1.05454168e-08
13836;7.400;3700;3750;1.05294693e-08
13837;11.300;3200;3250;1.05283543e-08
13838;3.200;3150;3200;1.04773016e-08
13839;9.600;3950;4000;1.03064479e-08
13840;0.600;3900;3950;1.02676830e-08
13841;10.700;3750;3800;1.02514166e-08
13842;0.300;4450;4500;1.02489905e-08
13843;0.100;700;750;1.02168971e-08
13844;10.800;3100;3150;1.01656869e-08
13845;13.800;3750;3800;1.01342694e-08
13846;7.300;4000;4050;1.01247991e-08
13847;10.400;3400;3450;1.01217023e-08
13848;7.800;4200;4250;9.96189826e-09
13849;11.600;2600;2650;9.93578846e-09
13850;9.500;4100;4150;9.89754777e-09
13851;9.400;3800;3850;9.89238861e-09
13852;9.600;4100;4150;9.81644769e-09
13853;0.600;4000;4050;9.77925873e-09
13854;1.400;2200;2250;9.74890828e-09
13855;6.800;4900;4950;9.73866255e-09
13856;0.100;900;950;9.73654404e-09
13857;0.600;4750;4800;9.73010176e-09
13858;3.100;1750;1800;9.67639919e-09
13859;9.700;4150;4200;9.67154666e-09
13860;7.300;4450;4500;9.65017856e-09
13861;1.800;3400;3450;9.64889862e-09
13862;9.900;3650;3700;9.63222843e-09
13863;1.600;4000;4050;9.60554879e-09
13864;7.000;4700;4750;9.59992681e-09
13865;2.700;2650;2700;9.57468923e-09
13866;1.600;2950;3000;9.57177088e-09
13867;1.600;3250;3300;9.52622301e-09
13868;11.200;3200;3250;9.52397383e-09
13869;7.400;4850;4900;9.52178713e-09
13870;13.700;3700;3750;9.47637043e-09
13871;7.700;3400;3450;9.40599491e-09
13872;7.200;3950;4000;9.39622577e-09
13873;9.600;3800;3850;9.37734942e-09
13874;6.600;4600;4650;9.37412505e-09
13875;10.700;3000;3050;9.34695371e-09
13876;2.500;3650;3700;9.33656669e-09
13877;7.200;3900;3950;9.33042178e-09
13878;9.700;4000;4050;9.32543243e-09
13879;0.100;1500;1550;9.26388546e-09
13880;7.100;4450;4500;9.24762899e-09
13881;10.100;3750;3800;9.24100230e-09
13882;10.000;4350;4400;9.21721852e-09
13883;11.000;2950;3000;9.20716111e-09
13884;13.600;4750;4800;9.19622483e-09
13885;6.700;4950;5000;9.19531118e-09
13886;6.100;4550;4600;9.19188278e-09
13887;7.600;4150;4200;9.18797485e-09
13888;7.500;4000;4050;9.14135383e-09
13889;7.100;4650;4700;9.14018263e-09
13890;10.500;3400;3450;9.13923942e-09
13891;9.400;4400;4450;9.09893292e-09
13892;1.200;3350;3400;9.07569079e-09
13893;6.600;4500;4550;9.05004955e-09
13894;2.800;3600;3650;9.04643198e-09
13895;1.300;4650;4700;9.04031384e-09
13896;2.700;2700;2750;8.91944606e-09
13897;7.400;4150;4200;8.86133590e-09
13898;1.500;2900;2950;8.84002848e-09
13899;6.800;4500;4550;8.69777670e-09
13900;9.400;4950;5000;8.69246808e-09
13901;13.700;4150;4200;8.66514977e-09
13902;1.200;3850;3900;8.63258482e-09
13903;10.900;2950;3000;8.61904352e-09
13904;7.200;4800;4850;8.61791730e-09
13905;11.000;3550;3600;8.60266155e-09
13906;2.100;2850;2900;8.59067529e-09
13907;13.700;4000;4050;8.58986348e-09
13908;6.400;4600;4650;8.56432159e-09
13909;1.600;2250;2300;8.51669501e-09
13910;2.100;3550;3600;8.47155796e-09
13911;9.600;4450;4500;8.42685039e-09
13912;10.100;4200;4250;8.42254183e-09
13913;9.200;4550;4600;8.39700442e-09
13914;9.600;4300;4350;8.34728544e-09
13915;9.700;4300;4350;8.34226637e-09
13916;7.500;4100;4150;8.32689313e-09
13917;10.200;4200;4250;8.31704980e-09
13918;7.200;3700;3750;8.30880918e-09
13919;10.900;3100;3150;8.29062277e-09
13920;0.600;4500;4550;8.27308712e-09
13921;9.500;4050;4100;8.25897578e-09
13922;11.500;3250;3300;8.24121918e-09
13923;6.800;4450;4500;8.23509633e-09
13924;10.900;3550;3600;8.21792382e-09
13925;2.300;3650;3700;8.19160076e-09
13926;0.600;3800;3850;8.18282046e-09
13927;10.600;3350;3400;8.15654909e-09
13928;10.600;3450;3500;8.15195186e-09
13929;7.800;3500;3550;8.12852856e-09
13930;13.700;4450;4500;8.10206959e-09
13931;6.800;4300;4350;8.09568224e-09
13932;10.600;3750;3800;8.07431425e-09
13933;7.600;3450;3500;8.05647735e-09
13934;13.600;4550;4600;8.05640525e-09
13935;6.700;4900;4950;8.02545007e-09
13936;13.300;4850;4900;7.98809025e-09
13937;7.500;4150;4200;7.92520601e-09
13938;13.700;3750;3800;7.92506660e-09
13939;7.600;3400;3450;7.90556879e-09
13940;10.300;3700;3750;7.89594689e-09
13941;13.400;4350;4400;7.88106125e-09
13942;7.600;4850;4900;7.82595578e-09
13943;7.700;4850;4900;7.79793865e-09
13944;9.700;4350;4400;7.78509467e-09
13945;6.200;4550;4600;7.78180024e-09
13946;6.900;4700;4750;7.77484002e-09
13947;11.100;2950;3000;7.65506397e-09
13948;1.300;4450;4500;7.62704019e-09
13949;7.300;4400;4450;7.58291550e-09
13950;7.500;3450;3500;7.54760346e-09
13951;10.000;3850;3900;7.54633877e-09
13952;13.600;4350;4400;7.50521851e-09
13953;7.400;3950;4000;7.49962367e-09
13954;11.300;3250;3300;7.47105480e-09
13955;7.400;4400;4450;7.46895351e-09
13956;0.100;1550;1600;7.43752527e-09
13957;9.700;3950;4000;7.40661538e-09
13958;1.900;4050;4100;7.33692405e-09
13959;9.500;4350;4400;7.33530612e-09
13960;7.100;4800;4850;7.28565469e-09
13961;9.400;4750;4800;7.28390883e-09
13962;10.800;3050;3100;7.28219799e-09
13963;0.600;4450;4500;7.26383737e-09
13964;11.100;3200;3250;7.24725579e-09
13965;11.000;3200;3250;7.23760461e-09
13966;9.800;4450;4500;7.23562568e-09
13967;7.300;3450;3500;7.23321943e-09
13968;9.300;4500;4550;7.19864460e-09
13969;3.200;2550;2600;7.17739849e-09
13970;1.300;4900;4950;7.16485080e-09
13971;7.200;4400;4450;7.14645000e-09
13972;9.800;4350;4400;7.13314510e-09
13973;0.800;4350;4400;7.13016045e-09
13974;6.900;4500;4550;7.00751185e-09
13975;10.100;4250;4300;6.97724822e-09
13976;11.600;3250;3300;6.96743906e-09
13977;7.400;4450;4500;6.95279843e-09
13978;6.800;4600;4650;6.93320751e-09
13979;13.800;4300;4350;6.92328426e-09
13980;9.400;4800;4850;6.86470910e-09
13981;10.200;3700;3750;6.84001653e-09
13982;7.400;3450;3500;6.82954755e-09
13983;7.700;3950;4000;6.77529038e-09
13984;1.400;4950;5000;6.72930551e-09
13985;9.700;4450;4500;6.72782977e-09
13986;6.900;4750;4800;6.69406578e-09
13987;1.900;3550;3600;6.66545720e-09
13988;13.500;4500;4550;6.65582481e-09
13989;3.000;3600;3650;6.64599335e-09
13990;1.500;2200;2250;6.62993919e-09
13991;7.300;3700;3750;6.62500773e-09
13992;7.100;4500;4550;6.61577666e-09
13993;0.600;4400;4450;6.58973590e-09
13994;1.500;3000;3050;6.58652451e-09
13995;11.100;3550;3600;6.58280632e-09
13996;1.300;4300;4350;6.57156244e-09
13997;10.800;3750;3800;6.56043505e-09
13998;1.400;3050;3100;6.55638977e-09
13999;13.800;3800;3850;6.51112845e-09
14000;7.000;4650;4700;6.50830180e-09
14001;1.800;4050;4100;6.47545841e-09
14002;10.400;3700;3750;6.47386935e-09
14003;5.900;4550;4600;6.45017067e-09
14004;9.200;4900;4950;6.44046808e-09
14005;7.500;3950;4000;6.43665690e-09
14006;7.400;4100;4150;6.40296707e-09
14007;7.000;4750;4800;6.38624757e-09
14008;7.500;4850;4900;6.38445057e-09
14009;11.000;3100;3150;6.38331057e-09
14010;1.700;2950;3000;6.37819147e-09
14011;10.800;3450;3500;6.35183519e-09
14012;9.700;3800;3850;6.35007917e-09
14013;7.800;3750;3800;6.30647299e-09
14014;7.500;3700;3750;6.28310625e-09
14015;13.600;4000;4050;6.26620156e-09
14016;7.500;4050;4100;6.25469963e-09
14017;7.000;4300;4350;6.23115306e-09
14018;13.800;4700;4750;6.21616574e-09
14019;11.400;3200;3250;6.20860597e-09
14020;9.200;4850;4900;6.20596177e-09
14021;7.600;4050;4100;6.20108147e-09
14022;11.000;3450;3500;6.18880074e-09
14023;1.200;3700;3750;6.14718419e-09
14024;9.600;4050;4100;6.12913089e-09
14025;6.800;4950;5000;6.12654069e-09
14026;1.400;2250;2300;6.11975338e-09
14027;7.800;4850;4900;6.09306606e-09
14028;13.700;4550;4600;6.09289480e-09
14029;7.200;4700;4750;6.07131554e-09
14030;7.200;4300;4350;6.05432017e-09
14031;7.100;4700;4750;5.99517075e-09
14032;7.500;4800;4850;5.99174376e-09
14033;7.200;4350;4400;5.98426357e-09
14034;11.800;2600;2650;5.98048487e-09
14035;7.700;3750;3800;5.96181620e-09
14036;7.500;3750;3800;5.95648068e-09
14037;7.700;3850;3900;5.92659176e-09
14038;2.000;3250;3300;5.92581192e-09
14039;3.000;2650;2700;5.91067964e-09
14040;1.700;2250;2300;5.90862236e-09
14041;1.700;3250;3300;5.90731923e-09
14042;10.200;3750;3800;5.89552504e-09
14043;2.400;3650;3700;5.88956340e-09
14044;1.500;2250;2300;5.88687366e-09
14045;7.800;3700;3750;5.86537498e-09
14046;3.100;2650;2700;5.85662101e-09
14047;0.100;1600;1650;5.84112700e-09
14048;13.800;3950;4000;5.83256338e-09
14049;11.200;2950;3000;5.81269160e-09
14050;7.200;4450;4500;5.80789276e-09
14051;13.700;4750;4800;5.80191194e-09
14052;10.500;3500;3550;5.79844019e-09
14053;1.600;2900;2950;5.79509707e-09
14054;7.700;4800;4850;5.78413235e-09
14055;10.600;3300;3350;5.78167325e-09
14056;1.400;2600;2650;5.77388884e-09
14057;9.800;3800;3850;5.76169214e-09
14058;10.000;3650;3700;5.73714007e-09
14059;11.200;3000;3050;5.73228036e-09
14060;7.800;4100;4150;5.72682361e-09
14061;1.400;4350;4400;5.71874169e-09
14062;3.400;3150;3200;5.68306903e-09
14063;7.500;3400;3450;5.66508681e-09
14064;11.800;3000;3050;5.66357263e-09
14065;6.500;4550;4600;5.66128988e-09
14066;11.000;3300;3350;5.63159115e-09
14067;10.600;3500;3550;5.61843084e-09
14068;7.700;4250;4300;5.60101858e-09
14069;7.100;4350;4400;5.58313606e-09
14070;1.700;2900;2950;5.56445508e-09
14071;2.800;2500;2550;5.52187024e-09
14072;6.500;4750;4800;5.51043655e-09
14073;10.500;3000;3050;5.48824506e-09
14074;6.300;4550;4600;5.47743591e-09
14075;10.100;4150;4200;5.46126608e-09
14076;2.200;3550;3600;5.39484953e-09
14077;10.600;3400;3450;5.34879085e-09
14078;13.500;4800;4850;5.34326901e-09
14079;7.300;4750;4800;5.33742170e-09
14080;10.700;3700;3750;5.32054721e-09
14081;6.800;4700;4750;5.31400019e-09
14082;7.600;4000;4050;5.30981060e-09
14083;11.400;2950;3000;5.29114099e-09
14084;10.500;3700;3750;5.28225211e-09
14085;1.800;3500;3550;5.27987270e-09
14086;2.800;2700;2750;5.27805084e-09
14087;9.500;4800;4850;5.26492753e-09
14088;6.700;4600;4650;5.24429294e-09
14089;3.300;1750;1800;5.24146194e-09
14090;10.600;3700;3750;5.20589095e-09
14091;7.800;4650;4700;5.20502460e-09
14092;9.900;3900;3950;5.20280862e-09
14093;3.400;1750;1800;5.19345440e-09
14094;2.600;3650;3700;5.18794872e-09
14095;7.600;4450;4500;5.17327765e-09
14096;1.200;4100;4150;5.15188002e-09
14097;13.500;4350;4400;5.10919286e-09
14098;7.400;4800;4850;5.10695027e-09
14099;3.200;1750;1800;5.09777186e-09
14100;9.800;3950;4000;5.02561088e-09
14101;11.400;3150;3200;5.01036673e-09
14102;9.600;4000;4050;4.99800451e-09
14103;2.000;3550;3600;4.98047012e-09
14104;7.500;4400;4450;4.98007820e-09
14105;9.900;4350;4400;4.97513078e-09
14106;1.600;4950;5000;4.97367455e-09
14107;6.400;4550;4600;4.97019337e-09
14108;13.500;4400;4450;4.96281405e-09
14109;3.300;3150;3200;4.95657134e-09
14110;9.500;4400;4450;4.90674647e-09
14111;7.500;4450;4500;4.90100155e-09
14112;1.500;4500;4550;4.87139482e-09
14113;7.300;4700;4750;4.83800393e-09
14114;7.700;4100;4150;4.83506496e-09
14115;10.100;4350;4400;4.82565442e-09
14116;11.300;3000;3050;4.81182929e-09
14117;7.600;3700;3750;4.77885348e-09
14118;7.600;4800;4850;4.76442281e-09
14119;0.600;4600;4650;4.76209555e-09
14120;7.400;4000;4050;4.74713962e-09
14121;1.200;4200;4250;4.72174189e-09
14122;7.800;3450;3500;4.70758988e-09
14123;0.100;1650;1700;4.69275997e-09
14124;7.500;4650;4700;4.67968021e-09
14125;10.000;4200;4250;4.66298144e-09
14126;2.000;2450;2500;4.65007197e-09
14127;1.200;4600;4650;4.64278968e-09
14128;1.500;4950;5000;4.60983620e-09
14129;10.700;3500;3550;4.60493902e-09
14130;11.200;3300;3350;4.59790640e-09
14131;7.800;4800;4850;4.56491672e-09
14132;9.700;4100;4150;4.54483241e-09
14133;7.300;4500;4550;4.53572681e-09
14134;1.600;2200;2250;4.52089278e-09
14135;11.800;3050;3100;4.51897034e-09
14136;7.400;4050;4100;4.49426779e-09
14137;11.100;3050;3100;4.49295440e-09
14138;11.700;3250;3300;4.47515047e-09
14139;2.900;2500;2550;4.47304333e-09
14140;2.800;2550;2600;4.46278774e-09
14141;11.500;3200;3250;4.41998993e-09
14142;13.800;4750;4800;4.41978417e-09
14143;10.000;4650;4700;4.39939151e-09
14144;9.800;4300;4350;4.39171373e-09
14145;11.400;3250;3300;4.36858318e-09
14146;9.800;4150;4200;4.34934620e-09
14147;9.600;4950;5000;4.34587534e-09
14148;10.900;3350;3400;4.33940855e-09
14149;7.000;4900;4950;4.33581169e-09
14150;7.300;4350;4400;4.32591378e-09
14151;10.500;3750;3800;4.32337809e-09
14152;7.200;4500;4550;4.32313858e-09
14153;7.600;4400;4450;4.31919867e-09
14154;11.500;3100;3150;4.31620495e-09
14155;7.800;3950;4000;4.29875458e-09
14156;11.200;3550;3600;4.29167148e-09
14157;1.400;3100;3150;4.28484978e-09
14158;6.900;4900;4950;4.27987309e-09
14159;9.500;4500;4550;4.23236613e-09
14160;9.900;4650;4700;4.23144892e-09
14161;10.800;3500;3550;4.23005400e-09
14162;10.000;4300;4350;4.22651610e-09
14163;7.600;3750;3800;4.19137633e-09
14164;11.100;3300;3350;4.09850544e-09
14165;7.800;4250;4300;4.09479197e-09
14166;7.500;4300;4350;4.08515768e-09
14167;1.800;2900;2950;4.08104891e-09
14168;7.700;4050;4100;4.08049395e-09
14169;10.700;3350;3400;4.04453777e-09
14170;0.100;750;800;4.03773090e-09
14171;11.300;3300;3350;4.03443601e-09
14172;7.100;4600;4650;4.03022815e-09
14173;9.500;4300;4350;4.02976692e-09
14174;7.800;4150;4200;4.01719108e-09
14175;1.600;3000;3050;3.96911445e-09
14176;2.400;2850;2900;3.96269768e-09
14177;10.300;3600;3650;3.96202914e-09
14178;1.900;2250;2300;3.96059026e-09
14179;1.200;3750;3800;3.95780557e-09
14180;11.600;3000;3050;3.94392154e-09
14181;2.500;2850;2900;3.93806665e-09
14182;13.600;4400;4450;3.89306588e-09
14183;10.800;3700;3750;3.87082139e-09
14184;9.900;4600;4650;3.87062954e-09
14185;10.900;3750;3800;3.85229029e-09
14186;7.000;4600;4650;3.84298289e-09
14187;10.000;3600;3650;3.83102587e-09
14188;9.400;4700;4750;3.78817096e-09
14189;10.000;3900;3950;3.78118685e-09
14190;1.200;4400;4450;3.77237576e-09
14191;9.800;4600;4650;3.76604427e-09
14192;0.100;850;900;3.74957134e-09
14193;0.600;4050;4100;3.74710938e-09
14194;1.500;2600;2650;3.73691505e-09
14195;7.600;3950;4000;3.72293831e-09
14196;7.700;4650;4700;3.66729275e-09
14197;7.500;3900;3950;3.66576557e-09
14198;9.600;4400;4450;3.66396786e-09
14199;1.800;2200;2250;3.63695895e-09
14200;13.700;4350;4400;3.62409454e-09
14201;7.300;4300;4350;3.62380055e-09
14202;1.900;3450;3500;3.57894272e-09
14203;6.900;4600;4650;3.57357888e-09
14204;7.200;4750;4800;3.56681288e-09
14205;11.100;3750;3800;3.56489270e-09
14206;2.000;4050;4100;3.55371866e-09
14207;11.700;3550;3600;3.55253570e-09
14208;7.600;4650;4700;3.54341623e-09
14209;0.100;1700;1750;3.53336934e-09
14210;11.300;2950;3000;3.52723703e-09
14211;11.000;3350;3400;3.52129910e-09
14212;2.200;2850;2900;3.51889384e-09
14213;9.900;3800;3850;3.49506035e-09
14214;10.100;4000;4050;3.46638478e-09
14215;10.800;3350;3400;3.45420982e-09
14216;9.300;4700;4750;3.43002339e-09
14217;11.100;3350;3400;3.40937841e-09
14218;10.100;3600;3650;3.40865287e-09
14219;9.900;4300;4350;3.40656006e-09
14220;1.600;4500;4550;3.39855241e-09
14221;1.800;2950;3000;3.33535964e-09
14222;11.200;3350;3400;3.32254237e-09
14223;7.100;4300;4350;3.31270371e-09
14224;3.300;2500;2550;3.31211002e-09
14225;2.300;2850;2900;3.29686236e-09
14226;10.900;3450;3500;3.28123342e-09
14227;9.800;4650;4700;3.27920208e-09
14228;11.800;3200;3250;3.26721067e-09
14229;7.700;3450;3500;3.25555724e-09
14230;11.100;3100;3150;3.25518469e-09
14231;2.900;2550;2600;3.23605073e-09
14232;6.700;4500;4550;3.23246407e-09
14233;3.200;2650;2700;3.23228998e-09
14234;10.100;3850;3900;3.19638911e-09
14235;2.600;2850;2900;3.19114034e-09
14236;9.900;3950;4000;3.18558054e-09
14237;13.800;4450;4500;3.16831516e-09
14238;11.800;3950;4000;3.16407674e-09
14239;7.400;4650;4700;3.15919227e-09
14240;6.800;4550;4600;3.15597674e-09
14241;10.000;4150;4200;3.13584919e-09
14242;11.300;3150;3200;3.06066876e-09
14243;9.500;4750;4800;3.05357586e-09
14244;7.700;4700;4750;3.04619448e-09
14245;11.200;3750;3800;3.01848089e-09
14246;1.700;2200;2250;2.99635553e-09
14247;10.300;4200;4250;2.99236520e-09
14248;7.700;4000;4050;2.99193474e-09
14249;6.000;4550;4600;2.98711653e-09
14250;2.900;2700;2750;2.98600833e-09
14251;10.600;4200;4250;2.96227265e-09
14252;1.400;4500;4550;2.93823663e-09
14253;1.700;4050;4100;2.92967772e-09
14254;10.100;3900;3950;2.92705261e-09
14255;7.800;4400;4450;2.92477334e-09
14256;11.800;3750;3800;2.92186003e-09
14257;10.000;4000;4050;2.89810836e-09
14258;11.000;3400;3450;2.89783611e-09
14259;7.700;4400;4450;2.87676548e-09
14260;11.600;3150;3200;2.87448475e-09
14261;10.200;3650;3700;2.87336493e-09
14262;11.600;2950;3000;2.84256217e-09
14263;2.400;2650;2700;2.83673929e-09
14264;1.500;4350;4400;2.83115909e-09
14265;7.600;4350;4400;2.83100736e-09
14266;2.000;2250;2300;2.79551764e-09
14267;11.500;3050;3100;2.77735859e-09
14268;11.000;3050;3100;2.76376293e-09
14269;1.200;4900;4950;2.75728255e-09
14270;10.500;4350;4400;2.72958795e-09
14271;9.400;4500;4550;2.72606785e-09
14272;0.100;1750;1800;2.71794819e-09
14273;3.000;2700;2750;2.70293988e-09
14274;10.100;3950;4000;2.70011665e-09
14275;1.800;2250;2300;2.69963386e-09
14276;11.000;3700;3750;2.69131382e-09
14277;7.500;4350;4400;2.67164675e-09
14278;11.200;3150;3200;2.64267878e-09
14279;1.200;3800;3850;2.62660980e-09
14280;7.400;3900;3950;2.62571285e-09
14281;7.600;3900;3950;2.62309837e-09
14282;7.800;3900;3950;2.61635432e-09
14283;11.200;3050;3100;2.60486753e-09
14284;11.800;2950;3000;2.58097261e-09
14285;7.300;4650;4700;2.57224567e-09
14286;10.000;3800;3850;2.57120607e-09
14287;1.900;2200;2250;2.56714875e-09
14288;1.900;2900;2950;2.54776196e-09
14289;1.700;3000;3050;2.53839996e-09
14290;3.400;3050;3100;2.52032102e-09
14291;13.800;4350;4400;2.51963965e-09
14292;7.800;4050;4100;2.50957815e-09
14293;2.900;2650;2700;2.50860849e-09
14294;6.700;4550;4600;2.48934666e-09
14295;11.300;3050;3100;2.48930666e-09
14296;9.800;4100;4150;2.48894459e-09
14297;2.800;2650;2700;2.47912497e-09
14298;9.900;4150;4200;2.47777464e-09
14299;2.200;3450;3500;2.45964337e-09
14300;9.800;4400;4450;2.44230097e-09
14301;10.900;3700;3750;2.42949582e-09
14302;7.700;3700;3750;2.41153048e-09
14303;9.300;4900;4950;2.38140604e-09
14304;11.100;3400;3450;2.38085834e-09
14305;10.400;3600;3650;2.35046249e-09
14306;1.900;2950;3000;2.34768502e-09
14307;9.900;4000;4050;2.33790416e-09
14308;13.300;4900;4950;2.33175727e-09
14309;7.000;4950;5000;2.32216912e-09
14310;11.700;3750;3800;2.29520138e-09
14311;11.100;3450;3500;2.29483880e-09
14312;13.400;4850;4900;2.29238713e-09
14313;0.100;1800;1850;2.28893524e-09
14314;10.300;3650;3700;2.28261186e-09
14315;1.300;3900;3950;2.28204985e-09
14316;1.600;2600;2650;2.27426201e-09
14317;7.100;4900;4950;2.27048903e-09
14318;3.400;3750;3800;2.26701158e-09
14319;7.400;4300;4350;2.26286341e-09
14320;7.700;3900;3950;2.25432628e-09
14321;10.000;4100;4150;2.24703137e-09
14322;10.800;3400;3450;2.24489424e-09
14323;10.600;3000;3050;2.24157869e-09
14324;7.800;4350;4400;2.24035343e-09
14325;13.700;4400;4450;2.23932736e-09
14326;7.500;4750;4800;2.23746036e-09
14327;11.700;3700;3750;2.23051550e-09
14328;3.100;2700;2750;2.22727473e-09
14329;3.300;2550;2600;2.22155788e-09
14330;11.800;3900;3950;2.21412274e-09
14331;2.000;2200;2250;2.21363878e-09
14332;1.400;4300;4350;2.20712802e-09
14333;2.300;3550;3600;2.19291487e-09
14334;1.900;3400;3450;2.16978973e-09
14335;0.100;800;850;2.16801142e-09
14336;1.200;4700;4750;2.15731219e-09
14337;11.300;3550;3600;2.15620511e-09
14338;10.000;4250;4300;2.15346252e-09
14339;7.600;4950;5000;2.13585359e-09
14340;11.500;2950;3000;2.13255191e-09
14341;7.500;4900;4950;2.12393113e-09
14342;7.300;4950;5000;2.12173543e-09
14343;11.100;3700;3750;2.11970668e-09
14344;1.200;4750;4800;2.11511104e-09
14345;11.500;3550;3600;2.11285845e-09
14346;2.100;3450;3500;2.11102310e-09
14347;11.800;3300;3350;2.10601674e-09
14348;7.200;4950;5000;2.10531578e-09
14349;7.500;4950;5000;2.10458932e-09
14350;7.700;4500;4550;2.10015842e-09
14351;1.500;3100;3150;2.09548865e-09
14352;7.800;4000;4050;2.07890997e-09
14353;11.600;3050;3100;2.07679461e-09
14354;11.800;3250;3300;2.07421163e-09
14355;10.700;3400;3450;2.07194608e-09
14356;11.100;3000;3050;2.07086667e-09
14357;10.400;3650;3700;2.05112747e-09
14358;7.400;4750;4800;2.04720502e-09
14359;11.000;3750;3800;2.04289596e-09
14360;11.200;3400;3450;2.03878688e-09
14361;7.400;4500;4550;2.03843081e-09
14362;9.700;4050;4100;2.03308262e-09
14363;10.100;4400;4450;2.02051715e-09
14364;11.400;3550;3600;2.02036113e-09
14365;13.600;4500;4550;2.01388618e-09
14366;10.900;3400;3450;2.01039478e-09
14367;10.300;4300;4350;2.00625975e-09
14368;13.400;4900;4950;2.00019360e-09
14369;10.200;4350;4400;1.99226283e-09
14370;10.400;4350;4400;1.98606331e-09
14371;2.700;2850;2900;1.98153890e-09
14372;3.300;3600;3650;1.97881815e-09
14373;11.600;3750;3800;1.97688916e-09
14374;11.800;3700;3750;1.96187464e-09
14375;10.500;4200;4250;1.96051719e-09
14376;7.700;4450;4500;1.95581320e-09
14377;10.700;3600;3650;1.95259623e-09
14378;3.400;2850;2900;1.95180733e-09
14379;1.500;3050;3100;1.95131167e-09
14380;11.800;3350;3400;1.93540484e-09
14381;10.400;4200;4250;1.92343497e-09
14382;11.000;3500;3550;1.91193203e-09
14383;9.500;4850;4900;1.90798531e-09
14384;13.500;4850;4900;1.90638195e-09
14385;10.100;3650;3700;1.90438828e-09
14386;11.400;3050;3100;1.88586194e-09
14387;9.300;4550;4600;1.88524415e-09
14388;7.600;4500;4550;1.88515769e-09
14389;1.900;4000;4050;1.88353783e-09
14390;6.600;4550;4600;1.86284977e-09
14391;0.100;1850;1900;1.85991817e-09
14392;11.800;3550;3600;1.85839275e-09
14393;11.600;3300;3350;1.84903383e-09
14394;7.400;4950;5000;1.84769559e-09
14395;7.800;4450;4500;1.82910212e-09
14396;7.400;4350;4400;1.82792985e-09
14397;11.600;3700;3750;1.82792488e-09
14398;10.100;4300;4350;1.82463681e-09
14399;10.400;4250;4300;1.82394663e-09
14400;7.100;4750;4800;1.82266637e-09
14401;11.200;3450;3500;1.81452315e-09
14402;7.800;4750;4800;1.80606329e-09
14403;9.500;4950;5000;1.80514077e-09
14404;9.900;4400;4450;1.79112665e-09
14405;11.800;4100;4150;1.79081947e-09
14406;10.100;4650;4700;1.78889108e-09
14407;1.400;4900;4950;1.78572815e-09
14408;2.500;2450;2500;1.77936619e-09
14409;10.000;3950;4000;1.77523050e-09
14410;10.600;3600;3650;1.77232486e-09
14411;0.000;50;100;1.76104016e-09
14412;7.100;4550;4600;1.75761612e-09
14413;1.800;4000;4050;1.75475175e-09
14414;9.900;4450;4500;1.74733541e-09
14415;9.800;4000;4050;1.73906881e-09
14416;10.700;3450;3500;1.73764310e-09
14417;11.300;3350;3400;1.73466001e-09
14418;7.400;4900;4950;1.73007548e-09
14419;11.500;3000;3050;1.71940892e-09
14420;2.100;2450;2500;1.71242712e-09
14421;3.100;3600;3650;1.68355436e-09
14422;1.500;4650;4700;1.66018525e-09
14423;10.000;4400;4450;1.65836509e-09
14424;1.800;3000;3050;1.65733755e-09
14425;10.500;3600;3650;1.65493906e-09
14426;2.100;3250;3300;1.65429775e-09
14427;9.900;4100;4150;1.64432818e-09
14428;11.700;2950;3000;1.63448363e-09
14429;7.500;4600;4650;1.63358385e-09
14430;9.800;4050;4100;1.63309646e-09
14431;1.200;4150;4200;1.62300159e-09
14432;10.200;4150;4200;1.62059917e-09
14433;10.800;3600;3650;1.61823221e-09
14434;2.600;2450;2500;1.60491761e-09
14435;7.700;4750;4800;1.59869041e-09
14436;3.400;3100;3150;1.58828240e-09
14437;9.400;4900;4950;1.58339463e-09
14438;1.700;2600;2650;1.58311653e-09
14439;13.800;4400;4450;1.57940173e-09
14440;10.700;4200;4250;1.57733779e-09
14441;0.600;4700;4750;1.56652758e-09
14442;9.600;4800;4850;1.55837089e-09
14443;10.200;4250;4300;1.55626405e-09
14444;13.800;4550;4600;1.55234367e-09
14445;10.200;3850;3900;1.54643107e-09
14446;11.400;3350;3400;1.54123075e-09
14447;3.400;2700;2750;1.54102303e-09
14448;9.700;4400;4450;1.53397975e-09
14449;10.200;3800;3850;1.51678245e-09
14450;7.200;4900;4950;1.50699122e-09
14451;7.600;4300;4350;1.50408565e-09
14452;7.600;4900;4950;1.49111609e-09
14453;10.900;3500;3550;1.49030398e-09
14454;11.400;3000;3050;1.48927910e-09
14455;3.200;3600;3650;1.47931102e-09
14456;11.400;3300;3350;1.47761272e-09
14457;7.700;4350;4400;1.47621397e-09
14458;11.700;3300;3350;1.46735033e-09
14459;13.600;4800;4850;1.46441171e-09
14460;1.600;4100;4150;1.46256386e-09
14461;11.400;3100;3150;1.45307839e-09
14462;10.300;4250;4300;1.44497262e-09
14463;2.100;2200;2250;1.43883659e-09
14464;11.500;3750;3800;1.43830828e-09
14465;7.100;4950;5000;1.43296709e-09
14466;0.600;4900;4950;1.43185348e-09
14467;10.300;3850;3900;1.42791156e-09
14468;3.200;2700;2750;1.42679893e-09
14469;1.200;4800;4850;1.42424926e-09
14470;11.700;3050;3100;1.42259009e-09
14471;7.800;4950;5000;1.42244277e-09
14472;0.100;1900;1950;1.42181418e-09
14473;1.900;2600;2650;1.41840041e-09
14474;11.100;3500;3550;1.41765590e-09
14475;11.300;3450;3500;1.41729981e-09
14476;11.700;3150;3200;1.41555504e-09
14477;3.400;4100;4150;1.41213400e-09
14478;11.500;3450;3500;1.40342098e-09
14479;6.900;4950;5000;1.40133522e-09
14480;9.700;4950;5000;1.39859629e-09
14481;2.100;3500;3550;1.39726867e-09
14482;2.400;3550;3600;1.39007385e-09
14483;7.800;4300;4350;1.38933078e-09
14484;11.700;3000;3050;1.37077742e-09
14485;1.800;2600;2650;1.37034628e-09
14486;2.300;3450;3500;1.36977314e-09
14487;1.900;3500;3550;1.36763984e-09
14488;7.500;4500;4550;1.36595061e-09
14489;7.600;4700;4750;1.36404081e-09
14490;11.600;3550;3600;1.36361808e-09
14491;2.200;3400;3450;1.36026354e-09
14492;0.600;4200;4250;1.35306758e-09
14493;7.400;4550;4600;1.35225612e-09
14494;11.300;3100;3150;1.33625268e-09
14495;13.700;4500;4550;1.33615864e-09
14496;7.700;4300;4350;1.32874403e-09
14497;6.900;4550;4600;1.30827802e-09
14498;13.800;4000;4050;1.30708691e-09
14499;10.100;4600;4650;1.30224340e-09
14500;10.400;4300;4350;1.29786942e-09
14501;9.900;4050;4100;1.28623612e-09
14502;7.300;4900;4950;1.28217587e-09
14503;1.400;3950;4000;1.28206173e-09
14504;7.600;4750;4800;1.28198168e-09
14505;11.800;3400;3450;1.27771111e-09
14506;2.700;2450;2500;1.27424721e-09
14507;2.000;2900;2950;1.27012132e-09
14508;2.100;2950;3000;1.26992265e-09
14509;11.600;3100;3150;1.26360011e-09
14510;11.400;3750;3800;1.26031201e-09
14511;10.100;4100;4150;1.25795073e-09
14512;11.600;3200;3250;1.25277326e-09
14513;11.200;3100;3150;1.25128274e-09
14514;9.800;4500;4550;1.24987166e-09
14515;11.800;3150;3200;1.24231485e-09
14516;9.500;4700;4750;1.23874197e-09
14517;11.700;3350;3400;1.23769697e-09
14518;7.700;4950;5000;1.23045348e-09
14519;7.000;4550;4600;1.22468119e-09
14520;3.400;3600;3650;1.22466395e-09
14521;2.100;3400;3450;1.22198572e-09
14522;7.300;4600;4650;1.22195920e-09
14523;10.400;3850;3900;1.21709308e-09
14524;11.600;3450;3500;1.21311178e-09
14525;2.400;2450;2500;1.21017427e-09
14526;1.300;4100;4150;1.20758404e-09
14527;10.200;4300;4350;1.20481493e-09
14528;0.000;100;150;1.20374896e-09
14529;7.400;4700;4750;1.20053277e-09
14530;10.100;3800;3850;1.19154654e-09
14531;11.700;3500;3550;1.18047333e-09
14532;10.500;3650;3700;1.17336846e-09
14533;3.400;2500;2550;1.16836048e-09
14534;11.700;3900;3950;1.16219935e-09
14535;2.200;2200;2250;1.16147246e-09
14536;1.500;4300;4350;1.15388940e-09
14537;9.600;4500;4550;1.14667867e-09
14538;9.300;4850;4900;1.12877567e-09
14539;9.600;4750;4800;1.12290741e-09
14540;13.600;4850;4900;1.12197277e-09
14541;1.500;4900;4950;1.11946134e-09
14542;1.600;4900;4950;1.11755016e-09
14543;2.500;3550;3600;1.10744521e-09
14544;7.300;4550;4600;1.10625469e-09
14545;11.200;3700;3750;1.10075143e-09
14546;10.300;4350;4400;1.09835395e-09
14547;11.500;3300;3350;1.09149084e-09
14548;10.500;4300;4350;1.08996695e-09
14549;11.300;3750;3800;1.08609926e-09
14550;1.300;4150;4200;1.08301339e-09
14551;2.000;2600;2650;1.08054345e-09
14552;10.300;3900;3950;1.07802962e-09
14553;2.800;2850;2900;1.07582508e-09
14554;11.600;3900;3950;1.07484173e-09
14555;1.700;4000;4050;1.07381401e-09
14556;0.100;1950;2000;1.05954121e-09
14557;9.600;4700;4750;1.04901381e-09
14558;11.700;4200;4250;1.04544125e-09
14559;10.800;4350;4400;1.04302650e-09
14560;9.800;4800;4850;1.02982362e-09
14561;2.200;3500;3550;1.02931405e-09
14562;9.700;4700;4750;1.02417751e-09
14563;9.400;4850;4900;1.01206328e-09
14564;11.800;3500;3550;1.00308755e-09
14565;10.200;3950;4000;1.00024028e-09
14566;11.200;3500;3550;9.98609990e-10
14567;2.900;3650;3700;9.92807658e-10
14568;9.700;4500;4550;9.86682818e-10
14569;9.700;4800;4850;9.80257200e-10
14570;1.500;3950;4000;9.76831826e-10
14571;3.400;4050;4100;9.72262647e-10
14572;7.400;4600;4650;9.62020552e-10
14573;11.600;3350;3400;9.60116020e-10
14574;1.300;4750;4800;9.58216160e-10
14575;10.400;3800;3850;9.49130145e-10
14576;11.300;3400;3450;9.43267313e-10
14577;2.000;2950;3000;9.42892383e-10
14578;2.000;4000;4050;9.42731564e-10
14579;10.400;4000;4050;9.42114532e-10
14580;0.600;4350;4400;9.39405636e-10
14581;2.700;3650;3700;9.37624993e-10
14582;10.700;3650;3700;9.33868073e-10
14583;2.800;2450;2500;9.27102770e-10
14584;1.400;4650;4700;9.21235653e-10
14585;11.700;3650;3700;9.17827664e-10
14586;3.400;3000;3050;9.17160447e-10
14587;11.500;3350;3400;9.16410933e-10
14588;2.000;3500;3550;9.02907643e-10
14589;10.500;3950;4000;8.95577824e-10
14590;11.400;3450;3500;8.90237734e-10
14591;7.200;4600;4650;8.87117104e-10
14592;3.400;4950;5000;8.80945596e-10
14593;11.700;3200;3250;8.75663467e-10
14594;1.600;3100;3150;8.73439404e-10
14595;13.500;4900;4950;8.72802818e-10
14596;3.300;2700;2750;8.68743052e-10
14597;2.300;2450;2500;8.53689535e-10
14598;10.900;4350;4400;8.50589361e-10
14599;13.800;4800;4850;8.50518196e-10
14600;11.600;4200;4250;8.40340488e-10
14601;1.900;3000;3050;8.33091505e-10
14602;10.400;4150;4200;8.12854841e-10
14603;11.300;3500;3550;8.05412482e-10
14604;0.600;4250;4300;8.01097100e-10
14605;9.900;4800;4850;7.86124610e-10
14606;7.700;4600;4650;7.84985511e-10
14607;7.800;4700;4750;7.82831477e-10
14608;2.100;4050;4100;7.79893258e-10
14609;10.800;3650;3700;7.74828518e-10
14610;10.200;3900;3950;7.74681559e-10
14611;7.800;4900;4950;7.69569169e-10
14612;10.300;3950;4000;7.69450424e-10
14613;2.300;3400;3450;7.69223318e-10
14614;1.300;3300;3350;7.67931938e-10
14615;3.300;2650;2700;7.67503872e-10
14616;7.800;4500;4550;7.64011593e-10
14617;7.700;4900;4950;7.62772812e-10
14618;10.600;4350;4400;7.58018950e-10
14619;9.400;4550;4600;7.56695803e-10
14620;11.600;3500;3550;7.51189408e-10
14621;11.700;3400;3450;7.49519508e-10
14622;1.200;4550;4600;7.47678309e-10
14623;2.100;2250;2300;7.47293179e-10
14624;10.500;4000;4050;7.45300067e-10
14625;10.600;3650;3700;7.33416576e-10
14626;10.000;4050;4100;7.30521465e-10
14627;1.300;3850;3900;7.27596755e-10
14628;10.600;4300;4350;7.26412954e-10
14629;1.300;3350;3400;7.22609599e-10
14630;11.800;4050;4100;7.21420517e-10
14631;2.100;2600;2650;7.19729229e-10
14632;11.700;3800;3850;7.15363813e-10
14633;10.200;4400;4450;7.10905254e-10
14634;13.700;4800;4850;7.07011145e-10
14635;2.000;3450;3500;7.00095547e-10
14636;7.500;4700;4750;6.96575143e-10
14637;10.800;4200;4250;6.92618842e-10
14638;1.500;4450;4500;6.91448233e-10
14639;3.400;3700;3750;6.88045444e-10
14640;11.000;3650;3700;6.81734078e-10
14641;2.300;3250;3300;6.80394696e-10
14642;0.100;2000;2050;6.76736264e-10
14643;2.300;2200;2250;6.73573849e-10
14644;1.400;4450;4500;6.73134152e-10
14645;11.700;3850;3900;6.72863469e-10
14646;10.500;4250;4300;6.71360332e-10
14647;10.300;4000;4050;6.69994089e-10
14648;3.400;3300;3350;6.65760570e-10
14649;1.700;4950;5000;6.58535149e-10
14650;11.600;3850;3900;6.56903644e-10
14651;10.900;3600;3650;6.54301936e-10
14652;1.600;4350;4400;6.52794019e-10
14653;11.800;3100;3150;6.52356821e-10
14654;2.200;2250;2300;6.52205202e-10
14655;2.300;2250;2300;6.50492869e-10
14656;2.400;3250;3300;6.45483398e-10
14657;2.600;2250;2300;6.40527098e-10
14658;11.700;3950;4000;6.37377380e-10
14659;10.300;4050;4100;6.34682442e-10
14660;9.700;4750;4800;6.31759262e-10
14661;10.900;4300;4350;6.31485444e-10
14662;7.200;4550;4600;6.29714311e-10
14663;2.400;2250;2300;6.28126734e-10
14664;11.600;3400;3450;6.27299961e-10
14665;3.400;3900;3950;6.16274108e-10
14666;3.400;3800;3850;6.03440301e-10
14667;3.400;3850;3900;6.01776989e-10
14668;10.200;4000;4050;6.00433395e-10
14669;2.200;2450;2500;5.99742067e-10
14670;9.800;4950;5000;5.94669360e-10
14671;11.400;3700;3750;5.93015050e-10
14672;10.700;3850;3900;5.90157657e-10
14673;11.800;3450;3500;5.89440110e-10
14674;10.000;4500;4550;5.88215095e-10
14675;10.400;3900;3950;5.87193835e-10
14676;10.000;4450;4500;5.84996649e-10
14677;13.800;4500;4550;5.82192622e-10
14678;11.100;3650;3700;5.77848238e-10
14679;2.700;2250;2300;5.72765105e-10
14680;11.700;3100;3150;5.72327132e-10
14681;9.900;4500;4550;5.69422478e-10
14682;9.500;4550;4600;5.64511389e-10
14683;3.400;2450;2500;5.60973275e-10
14684;2.300;2950;3000;5.60890648e-10
14685;11.700;3450;3500;5.60741947e-10
14686;10.300;3800;3850;5.59094871e-10
14687;11.400;3500;3550;5.57836613e-10
14688;7.500;4550;4600;5.57686828e-10
14689;7.600;4600;4650;5.56439726e-10
14690;1.300;3750;3800;5.54027640e-10
14691;2.800;3650;3700;5.52518619e-10
14692;1.600;4650;4700;5.52152604e-10
14693;2.000;3400;3450;5.51295244e-10
14694;1.600;3050;3100;5.48508259e-10
14695;11.300;3700;3750;5.39231268e-10
14696;2.200;2950;3000;5.38617619e-10
14697;11.100;4200;4250;5.35884825e-10
14698;11.600;3800;3850;5.34424530e-10
14699;9.800;4750;4800;5.31635687e-10
14700;2.100;2900;2950;5.31392405e-10
14701;11.800;3600;3650;5.29146471e-10
14702;10.400;4100;4150;5.29008149e-10
14703;11.400;3400;3450;5.26121293e-10
14704;7.600;4550;4600;5.25881178e-10
14705;10.600;3850;3900;5.20452522e-10
14706;11.800;3850;3900;5.18088812e-10
14707;1.300;4400;4450;5.14956326e-10
14708;1.200;4850;4900;5.13832636e-10
14709;10.100;4450;4500;5.10614542e-10
14710;1.800;3100;3150;5.09926136e-10
14711;3.000;3650;3700;5.07091563e-10
14712;11.800;4000;4050;5.04529905e-10
14713;11.500;3500;3550;5.03363520e-10
14714;1.300;3700;3750;4.99893388e-10
14715;2.900;2850;2900;4.99759080e-10
14716;1.400;4150;4200;4.95854872e-10
14717;3.400;3950;4000;4.93387771e-10
14718;2.900;2450;2500;4.93167747e-10
14719;10.200;4600;4650;4.88917557e-10
14720;3.400;3500;3550;4.88084333e-10
14721;11.500;3700;3750;4.87618141e-10
14722;2.400;2200;2250;4.86025186e-10
14723;10.500;4150;4200;4.82658338e-10
14724;2.200;3250;3300;4.81411332e-10
14725;10.900;3650;3700;4.75192231e-10
14726;10.200;4650;4700;4.72981514e-10
14727;1.700;3100;3150;4.70975560e-10
14728;1.900;3100;3150;4.69087063e-10
14729;9.700;4550;4600;4.68402362e-10
14730;0.600;4550;4600;4.67074735e-10
14731;10.400;3950;4000;4.66255753e-10
14732;11.500;3400;3450;4.56333249e-10
14733;1.900;4500;4550;4.56255001e-10
14734;7.800;4600;4650;4.51500167e-10
14735;10.200;4100;4150;4.50375051e-10
14736;2.300;3500;3550;4.47952923e-10
14737;1.800;4500;4550;4.40214413e-10
14738;11.000;4200;4250;4.39829483e-10
14739;1.600;4450;4500;4.29323866e-10
14740;10.700;4000;4050;4.23850136e-10
14741;0.100;2050;2100;4.20644085e-10
14742;11.800;4150;4200;4.19509016e-10
14743;1.600;4800;4850;4.19424947e-10
14744;10.000;4600;4650;4.14722753e-10
14745;10.700;3950;4000;4.08212092e-10
14746;11.800;3800;3850;4.05364226e-10
14747;10.500;4100;4150;4.05209761e-10
14748;9.900;4750;4800;4.04960987e-10
14749;10.700;4350;4400;4.04110191e-10
14750;13.700;4850;4900;4.01152141e-10
14751;0.000;150;200;4.00301069e-10
14752;3.400;2950;3000;3.96454507e-10
14753;2.400;3450;3500;3.96039700e-10
14754;10.500;4400;4450;3.90407180e-10
14755;10.100;4050;4100;3.89258395e-10
14756;2.300;4050;4100;3.85495777e-10
14757;10.500;3850;3900;3.85380629e-10
14758;11.600;3650;3700;3.84238146e-10
14759;11.700;4100;4150;3.84042150e-10
14760;3.400;2550;2600;3.79335081e-10
14761;10.200;4050;4100;3.77713105e-10
14762;9.800;4850;4900;3.73014884e-10
14763;10.900;4000;4050;3.72131253e-10
14764;9.900;4950;5000;3.67300889e-10
14765;10.900;4200;4250;3.66810716e-10
14766;9.600;4850;4900;3.65903430e-10
14767;1.800;4650;4700;3.64533630e-10
14768;3.400;3350;3400;3.62989298e-10
14769;3.400;4350;4400;3.60542172e-10
14770;1.300;4800;4850;3.60252278e-10
14771;13.600;4900;4950;3.58138317e-10
14772;10.500;3900;3950;3.56118003e-10
14773;3.400;3550;3600;3.55651303e-10
14774;10.700;4250;4300;3.54971802e-10
14775;11.800;4850;4900;3.53973454e-10
14776;10.700;4300;4350;3.51116614e-10
14777;1.600;4150;4200;3.50965546e-10
14778;11.400;3650;3700;3.49111600e-10
14779;10.300;4400;4450;3.47704760e-10
14780;11.800;4250;4300;3.46428027e-10
14781;11.100;3600;3650;3.42425790e-10
14782;10.500;3800;3850;3.38954814e-10
14783;11.700;3600;3650;3.37729944e-10
14784;11.200;4350;4400;3.37535916e-10
14785;3.400;2200;2250;3.35491644e-10
14786;1.400;3850;3900;3.33250411e-10
14787;9.800;4550;4600;3.32780159e-10
14788;9.900;4700;4750;3.30255854e-10
14789;10.800;4300;4350;3.28431682e-10
14790;11.200;4200;4250;3.27884409e-10
14791;11.800;3650;3700;3.25788550e-10
14792;10.100;4500;4550;3.23200030e-10
14793;10.800;3950;4000;3.20542269e-10
14794;7.700;4550;4600;3.19327211e-10
14795;11.700;4050;4100;3.16795597e-10
14796;10.400;4050;4100;3.16502671e-10
14797;1.400;3300;3350;3.16370438e-10
14798;2.400;2950;3000;3.12426402e-10
14799;2.000;3100;3150;3.11493947e-10
14800;2.600;2200;2250;3.10039737e-10
14801;3.400;3250;3300;3.08431862e-10
14802;10.800;4100;4150;3.07368303e-10
14803;3.400;3400;3450;3.06886688e-10
14804;0.100;2100;2150;3.06492473e-10
14805;2.000;3000;3050;3.04859767e-10
14806;1.300;4700;4750;3.02736388e-10
14807;3.000;2450;2500;3.02139965e-10
14808;2.400;4050;4100;3.01725961e-10
14809;10.700;3900;3950;3.01724355e-10
14810;10.300;4100;4150;2.99750086e-10
14811;2.600;3550;3600;2.98912766e-10
14812;2.700;3550;3600;2.97141855e-10
14813;10.600;3900;3950;2.97011427e-10
14814;2.400;3500;3550;2.96983163e-10
14815;1.300;3800;3850;2.96548535e-10
14816;9.600;4550;4600;2.96314795e-10
14817;10.600;4000;4050;2.96168940e-10
14818;11.100;4350;4400;2.95953395e-10
14819;10.600;3950;4000;2.95826158e-10
14820;10.600;4150;4200;2.95046837e-10
14821;9.800;4700;4750;2.94887673e-10
14822;11.300;4350;4400;2.94778981e-10
14823;2.800;2200;2250;2.94656151e-10
14824;10.800;4400;4450;2.94616836e-10
14825;2.400;2900;2950;2.90828586e-10
14826;1.400;4100;4150;2.88671633e-10
14827;2.500;2200;2250;2.86982890e-10
14828;10.700;3800;3850;2.85514855e-10
14829;0.600;4950;5000;2.84364665e-10
14830;2.800;2250;2300;2.83794564e-10
14831;11.600;3950;4000;2.83584766e-10
14832;3.400;4150;4200;2.82998804e-10
14833;2.200;2600;2650;2.82407473e-10
14834;11.000;3600;3650;2.81695463e-10
14835;1.600;4300;4350;2.79255907e-10
14836;1.700;3050;3100;2.78818086e-10
14837;2.500;2250;2300;2.75724644e-10
14838;3.400;2250;2300;2.74347644e-10
14839;2.500;3250;3300;2.74226250e-10
14840;3.400;2900;2950;2.73235358e-10
14841;2.200;2900;2950;2.72334231e-10
14842;3.400;2650;2700;2.69360504e-10
14843;9.900;4850;4900;2.69253115e-10
14844;2.800;3550;3600;2.67515015e-10
14845;3.400;4650;4700;2.64265694e-10
14846;2.200;3000;3050;2.64028558e-10
14847;10.000;4700;4750;2.62724617e-10
14848;2.400;3400;3450;2.62136718e-10
14849;9.500;4900;4950;2.60222351e-10
14850;1.700;4500;4550;2.60002146e-10
14851;10.800;4000;4050;2.59438410e-10
14852;10.800;3800;3850;2.59414495e-10
14853;3.000;2850;2900;2.58904946e-10
14854;10.000;4800;4850;2.58291824e-10
14855;10.800;4050;4100;2.57989269e-10
14856;11.700;4250;4300;2.57021251e-10
14857;3.200;2850;2900;2.56859194e-10
14858;1.400;3350;3400;2.56556018e-10
14859;2.700;3450;3500;2.56224711e-10
14860;13.800;4850;4900;2.55564930e-10
14861;1.400;3900;3950;2.54376546e-10
14862;1.400;3700;3750;2.52700938e-10
14863;0.600;4300;4350;2.49703747e-10
14864;2.600;3450;3500;2.49205584e-10
14865;11.700;4350;4400;2.48818209e-10
14866;10.300;4150;4200;2.48409440e-10
14867;1.600;3950;4000;2.46247730e-10
14868;11.800;4200;4250;2.44727457e-10
14869;9.800;4900;4950;2.44421270e-10
14870;11.800;4800;4850;2.44031192e-10
14871;9.600;4900;4950;2.43993851e-10
14872;2.500;2900;2950;2.43028625e-10
14873;10.200;4500;4550;2.42990093e-10
14874;1.900;4950;5000;2.41262040e-10
14875;10.600;4100;4150;2.40052288e-10
14876;3.400;4300;4350;2.39995350e-10
14877;2.300;2900;2950;2.39144164e-10
14878;13.800;4900;4950;2.38719960e-10
14879;10.200;4450;4500;2.36968391e-10
14880;11.700;4700;4750;2.35954003e-10
14881;11.200;4300;4350;2.35902415e-10
14882;10.300;4500;4550;2.35124481e-10
14883;2.200;4050;4100;2.35054301e-10
14884;1.400;4750;4800;2.34226218e-10
14885;10.100;4800;4850;2.34103957e-10
14886;3.300;2850;2900;2.33829559e-10
14887;11.800;4650;4700;2.32936997e-10
14888;10.600;4050;4100;2.31026482e-10
14889;10.900;4150;4200;2.28905825e-10
14890;2.600;2900;2950;2.28324246e-10
14891;10.800;4150;4200;2.27523350e-10
14892;1.700;4350;4400;2.26924421e-10
14893;10.600;4400;4450;2.26698699e-10
14894;3.100;2850;2900;2.25711346e-10
14895;3.000;2200;2250;2.24203407e-10
14896;2.700;2200;2250;2.24040029e-10
14897;10.600;3800;3850;2.22324854e-10
14898;11.600;4000;4050;2.21544711e-10
14899;11.200;3600;3650;2.21247541e-10
14900;1.700;4650;4700;2.19517867e-10
14901;2.100;4000;4050;2.19407870e-10
14902;10.900;3850;3900;2.18843035e-10
14903;11.500;4200;4250;2.16910552e-10
14904;10.600;4250;4300;2.15815009e-10
14905;0.100;2150;2200;2.15673155e-10
14906;10.400;4400;4450;2.14480093e-10
14907;11.000;4300;4350;2.14387886e-10
14908;10.100;4700;4750;2.14083458e-10
14909;10.700;4100;4150;2.13658162e-10
14910;1.300;4600;4650;2.12109128e-10
14911;10.500;4650;4700;2.11742648e-10
14912;10.400;4500;4550;2.10334406e-10
14913;10.800;3850;3900;2.09975542e-10
14914;13.700;4900;4950;2.09289259e-10
14915;10.900;3950;4000;2.09118375e-10
14916;10.700;4050;4100;2.09074622e-10
14917;1.400;4400;4450;2.07298436e-10
14918;11.300;3650;3700;2.06692154e-10
14919;11.700;4650;4700;1.99429750e-10
14920;11.000;4350;4400;1.99261736e-10
14921;1.800;4350;4400;1.98829291e-10
14922;11.500;4350;4400;1.98396416e-10
14923;10.400;4650;4700;1.97392858e-10
14924;0.100;2900;2950;1.97344839e-10
14925;2.900;2200;2250;1.95684291e-10
14926;0.100;2850;2900;1.95049932e-10
14927;9.700;4850;4900;1.94947370e-10
14928;11.200;3950;4000;1.94859732e-10
14929;1.800;4950;5000;1.94049418e-10
14930;3.000;2250;2300;1.93575710e-10
14931;3.100;2200;2250;1.93433893e-10
14932;2.500;3500;3550;1.92765070e-10
14933;11.600;3600;3650;1.91056360e-10
14934;3.400;4850;4900;1.88613173e-10
14935;11.500;3600;3650;1.88049797e-10
14936;2.300;3000;3050;1.87489900e-10
14937;0.600;4850;4900;1.87340750e-10
14938;2.800;3250;3300;1.85115174e-10
14939;11.300;4300;4350;1.82775098e-10
14940;10.700;4150;4200;1.82477858e-10
14941;1.500;3900;3950;1.82231273e-10
14942;2.900;2250;2300;1.82214443e-10
14943;11.800;4700;4750;1.81655270e-10
14944;0.100;2800;2850;1.81554886e-10
14945;0.100;2950;3000;1.81325513e-10
14946;2.100;3000;3050;1.81230796e-10
14947;1.700;4900;4950;1.80980502e-10
14948;7.800;4550;4600;1.80010862e-10
14949;10.700;4400;4450;1.76506391e-10
14950;11.200;4000;4050;1.76145552e-10
14951;11.500;3650;3700;1.76111741e-10
14952;11.200;3650;3700;1.75910419e-10
14953;11.800;4750;4800;1.71764231e-10
14954;11.600;4150;4200;1.71262778e-10
14955;10.300;4650;4700;1.70000995e-10
14956;10.400;4450;4500;1.69284500e-10
14957;3.400;2600;2650;1.68151500e-10
14958;1.800;3050;3100;1.67163302e-10
14959;3.400;4500;4550;1.65334087e-10
14960;11.700;4800;4850;1.63908907e-10
14961;3.200;2450;2500;1.63164006e-10
14962;2.700;2900;2950;1.61445464e-10
14963;0.100;2750;2800;1.59096482e-10
14964;3.400;3650;3700;1.58425226e-10
14965;3.100;2450;2500;1.58165237e-10
14966;11.300;3950;4000;1.57833905e-10
14967;11.700;4150;4200;1.57816503e-10
14968;11.400;4350;4400;1.57517914e-10
14969;11.600;4350;4400;1.56757959e-10
14970;10.300;4800;4850;1.56572927e-10
14971;0.100;3000;3050;1.55334150e-10
14972;10.800;4250;4300;1.55268773e-10
14973;10.800;3900;3950;1.55021479e-10
14974;10.400;4600;4650;1.54654870e-10
14975;0.000;300;350;1.54603941e-10
14976;11.000;3950;4000;1.54221482e-10
14977;10.900;3800;3850;1.50063431e-10
14978;2.600;3400;3450;1.49388173e-10
14979;2.800;3450;3500;1.49286481e-10
14980;2.500;2950;3000;1.47814600e-10
14981;11.700;4750;4800;1.46231756e-10
14982;3.200;2200;2250;1.45950356e-10
14983;2.100;3100;3150;1.45679109e-10
14984;3.300;3650;3700;1.44214950e-10
14985;10.000;4550;4600;1.44064368e-10
14986;10.100;4750;4800;1.43834139e-10
14987;11.000;3850;3900;1.42932925e-10
14988;11.800;4400;4450;1.42833719e-10
14989;11.100;3850;3900;1.42318759e-10
14990;10.500;4500;4550;1.41539727e-10
14991;10.500;4050;4100;1.41302369e-10
14992;11.100;4300;4350;1.40974062e-10
14993;10.200;4800;4850;1.40724701e-10
14994;11.800;4600;4650;1.40167928e-10
14995;2.700;3400;3450;1.40115746e-10
14996;3.400;4400;4450;1.39341413e-10
14997;11.000;4150;4200;1.38923655e-10
14998;0.100;2200;2250;1.38815115e-10
14999;0.100;2700;2750;1.37626872e-10
15000;0.100;3050;3100;1.36111791e-10
15001;0.000;350;400;1.35930547e-10
15002;10.600;4650;4700;1.35835889e-10
15003;11.700;4300;4350;1.33173753e-10
15004;9.700;4900;4950;1.30483893e-10
15005;3.100;2250;2300;1.29228973e-10
15006;11.700;4000;4050;1.29170989e-10
15007;2.500;4050;4100;1.28541899e-10
15008;2.500;2600;2650;1.27667722e-10
15009;10.000;4950;5000;1.26974215e-10
15010;1.500;4150;4200;1.26324128e-10
15011;3.300;2450;2500;1.26206756e-10
15012;2.500;3450;3500;1.25816267e-10
15013;11.000;4100;4150;1.25449944e-10
15014;11.400;4200;4250;1.25241218e-10
15015;3.400;4800;4850;1.24850543e-10
15016;11.500;4300;4350;1.24543464e-10
15017;10.400;4700;4750;1.23849350e-10
15018;11.700;4850;4900;1.23213535e-10
15019;10.000;4750;4800;1.22745427e-10
15020;10.100;4850;4900;1.22575926e-10
15021;1.900;4650;4700;1.22344480e-10
15022;1.700;3700;3750;1.20971210e-10
15023;2.400;2600;2650;1.19912423e-10
15024;0.100;2650;2700;1.19453143e-10
15025;0.100;3100;3150;1.19149751e-10
15026;0.000;450;500;1.18332356e-10
15027;10.900;4100;4150;1.17843663e-10
15028;3.300;2200;2250;1.16468462e-10
15029;2.600;2600;2650;1.16238385e-10
15030;2.900;3250;3300;1.16192212e-10
15031;3.400;4000;4050;1.14747974e-10
15032;11.800;4350;4400;1.14051433e-10
15033;10.000;4850;4900;1.12704627e-10
15034;9.900;4550;4600;1.12101642e-10
15035;1.700;4800;4850;1.11876223e-10
15036;11.800;4550;4600;1.11774181e-10
15037;10.900;4050;4100;1.11196521e-10
15038;3.200;3650;3700;1.11170909e-10
15039;11.800;4300;4350;1.10515695e-10
15040;1.300;4850;4900;1.10432966e-10
15041;2.400;3000;3050;1.10218004e-10
15042;10.400;4800;4850;1.09949187e-10
15043;1.500;4100;4150;1.09224155e-10
15044;10.600;4500;4550;1.08991840e-10
15045;11.600;4400;4450;1.08942081e-10
15046;2.000;4500;4550;1.08043583e-10
15047;11.000;4000;4050;1.07369246e-10
15048;2.300;4000;4050;1.06834214e-10
15049;2.700;3250;3300;1.05783012e-10
15050;0.100;3150;3200;1.05584404e-10
15051;3.400;4250;4300;1.05087709e-10
15052;10.900;3900;3950;1.01318100e-10
15053;10.700;4650;4700;1.01220005e-10
15054;2.300;2600;2650;1.01145439e-10
15055;11.600;4250;4300;9.94205656e-11
15056;11.200;4400;4450;9.93639812e-11
15057;11.600;4750;4800;9.92815946e-11
15058;0.000;500;550;9.90848741e-11
15059;10.300;4700;4750;9.88887421e-11
15060;11.300;3600;3650;9.76976896e-11
15061;2.200;4000;4050;9.74249551e-11
15062;2.900;3550;3600;9.74068419e-11
15063;3.300;2250;2300;9.73785929e-11
15064;1.700;4300;4350;9.71229596e-11
15065;3.000;3550;3600;9.70580108e-11
15066;10.300;4750;4800;9.66096592e-11
15067;11.300;4000;4050;9.65332274e-11
15068;11.000;3800;3850;9.64510902e-11
15069;10.500;4700;4750;9.61617429e-11
15070;10.900;4400;4450;9.60138607e-11
15071;11.600;4050;4100;9.55207642e-11
15072;10.600;4600;4650;9.54282609e-11
15073;1.300;4550;4600;9.52472597e-11
15074;10.200;4700;4750;9.52275137e-11
15075;10.200;4750;4800;9.50840065e-11
15076;1.300;4250;4300;9.49688754e-11
15077;11.500;4400;4450;9.47795300e-11
15078;2.400;4000;4050;9.45552249e-11
15079;11.000;4050;4100;9.42162649e-11
15080;10.100;4550;4600;9.40191783e-11
15081;0.100;3200;3250;9.35023788e-11
15082;2.500;3400;3450;9.32757887e-11
15083;3.400;3450;3500;9.30982881e-11
15084;1.500;3300;3350;9.30373440e-11
15085;1.900;3050;3100;9.11643655e-11
15086;0.100;2600;2650;9.09421734e-11
15087;3.100;3650;3700;9.06828965e-11
15088;11.300;4200;4250;9.06403313e-11
15089;2.800;2900;2950;9.04736449e-11
15090;11.200;3850;3900;9.00677271e-11
15091;1.800;4300;4350;8.99061759e-11
15092;1.800;3700;3750;8.98434231e-11
15093;10.300;4450;4500;8.97976499e-11
15094;10.500;4800;4850;8.95301180e-11
15095;2.700;2950;3000;8.83610806e-11
15096;2.800;3400;3450;8.73962668e-11
15097;1.700;4100;4150;8.72706329e-11
15098;10.300;4600;4650;8.69518539e-11
15099;10.200;4850;4900;8.69194332e-11
15100;0.100;2250;2300;8.56966684e-11
15101;11.100;4400;4450;8.56650671e-11
15102;11.000;3900;3950;8.45863495e-11
15103;10.700;4800;4850;8.41765381e-11
15104;11.300;4400;4450;8.40099773e-11
15105;1.500;3850;3900;8.39492153e-11
15106;11.400;4300;4350;8.37615612e-11
15107;11.100;3950;4000;8.32945810e-11
15108;11.700;4600;4650;8.19094601e-11
15109;1.700;4450;4500;8.17573019e-11
15110;2.500;3000;3050;8.15936936e-11
15111;11.800;4900;4950;8.02181566e-11
15112;1.600;3850;3900;8.01292920e-11
15113;1.500;3350;3400;8.00189707e-11
15114;1.400;4700;4750;7.83397248e-11
15115;2.600;2950;3000;7.80446326e-11
15116;11.000;4250;4300;7.77439832e-11
15117;3.400;4900;4950;7.76263228e-11
15118;10.600;4700;4750;7.75125693e-11
15119;2.700;3500;3550;7.69365309e-11
15120;9.900;4900;4950;7.68849693e-11
15121;1.900;4450;4500;7.66675246e-11
15122;11.600;4300;4350;7.64395276e-11
15123;11.700;4500;4550;7.62677446e-11
15124;0.100;3250;3300;7.60565007e-11
15125;2.600;3250;3300;7.57628444e-11
15126;10.800;4650;4700;7.56456863e-11
15127;10.100;4950;5000;7.54637708e-11
15128;1.500;4750;4800;7.47885553e-11
15129;3.000;3250;3300;7.43662860e-11
15130;10.400;4750;4800;7.43257145e-11
15131;10.800;4500;4550;7.43160215e-11
15132;2.900;2900;2950;7.40896745e-11
15133;10.400;4850;4900;7.38557438e-11
15134;1.600;3700;3750;7.36043766e-11
15135;11.600;4100;4150;7.33126925e-11
15136;2.200;3100;3150;7.30606424e-11
15137;2.100;4650;4700;7.29037823e-11
15138;1.900;3950;4000;7.27770392e-11
15139;11.100;4250;4300;7.23797788e-11
15140;1.700;3950;4000;7.22250938e-11
15141;11.200;3900;3950;7.22012395e-11
15142;11.200;4100;4150;7.19617820e-11
15143;1.900;4350;4400;7.19045109e-11
15144;0.000;250;300;7.12269943e-11
15145;11.000;4400;4450;7.02550110e-11
15146;11.800;4500;4550;6.99816761e-11
15147;11.300;4150;4200;6.95809127e-11
15148;11.600;4700;4750;6.91525393e-11
15149;1.800;4450;4500;6.90082485e-11
15150;3.200;2250;2300;6.88913377e-11
15151;10.500;4450;4500;6.88215915e-11
15152;10.700;4500;4550;6.77093762e-11
15153;11.400;3850;3900;6.68945470e-11
15154;11.400;3600;3650;6.66159978e-11
15155;1.400;3750;3800;6.64671899e-11
15156;1.400;3800;3850;6.56089362e-11
15157;11.100;4100;4150;6.55702266e-11
15158;2.000;4650;4700;6.54843301e-11
15159;1.500;4800;4850;6.53045909e-11
15160;0.000;750;800;6.51930458e-11
15161;10.200;4950;5000;6.51900166e-11
15162;1.900;4900;4950;6.44592258e-11
15163;2.700;2600;2650;6.41434383e-11
15164;11.200;4050;4100;6.38386429e-11
15165;11.800;4950;5000;6.37936735e-11
15166;11.100;4000;4050;6.37612044e-11
15167;11.100;3900;3950;6.36002125e-11
15168;10.800;4700;4750;6.32597729e-11
15169;0.000;650;700;6.30668279e-11
15170;2.600;3000;3050;6.24555071e-11
15171;1.500;3700;3750;6.22001048e-11
15172;1.400;4800;4850;6.20770208e-11
15173;11.600;4800;4850;6.14468743e-11
15174;10.000;4900;4950;6.07554447e-11
15175;0.000;200;250;6.06456118e-11
15176;11.300;3850;3900;6.03700526e-11
15177;10.900;4250;4300;6.00826819e-11
15178;11.400;4400;4450;5.97626165e-11
15179;0.100;2550;2600;5.92850406e-11
15180;2.900;2600;2650;5.92365777e-11
15181;2.800;3500;3550;5.91346768e-11
15182;11.700;4550;4600;5.90343932e-11
15183;0.100;3300;3350;5.89850482e-11
15184;10.400;4950;5000;5.83560646e-11
15185;11.200;4650;4700;5.82784638e-11
15186;1.700;4150;4200;5.82606850e-11
15187;10.900;4650;4700;5.81898210e-11
15188;1.800;4900;4950;5.77408400e-11
15189;10.700;4850;4900;5.76021240e-11
15190;10.300;4900;4950;5.72023712e-11
15191;3.400;4450;4500;5.68297147e-11
15192;11.300;4100;4150;5.67402783e-11
15193;11.600;4850;4900;5.64849440e-11
15194;11.500;3850;3900;5.52933519e-11
15195;10.300;4850;4900;5.50970670e-11
15196;2.900;3450;3500;5.48579926e-11
15197;1.600;3900;3950;5.47223169e-11
15198;2.800;2600;2650;5.42284775e-11
15199;11.200;4150;4200;5.37313287e-11
15200;11.400;3950;4000;5.33838252e-11
15201;11.100;4050;4100;5.32976717e-11
15202;10.300;4950;5000;5.28695148e-11
15203;10.300;4550;4600;5.27321707e-11
15204;11.300;3900;3950;5.24124422e-11
15205;1.800;3950;4000;5.23345756e-11
15206;1.600;4750;4800;5.17480879e-11
15207;10.600;4750;4800;5.14681359e-11
15208;10.600;4800;4850;5.14521383e-11
15209;1.400;4600;4650;5.13807215e-11
15210;11.400;3800;3850;5.13342575e-11
15211;2.600;3500;3550;5.02547043e-11
15212;10.600;4450;4500;4.99580162e-11
15213;10.200;4900;4950;4.94643706e-11
15214;0.000;700;750;4.92395823e-11
15215;11.200;3800;3850;4.89634794e-11
15216;3.000;2600;2650;4.82360590e-11
15217;11.100;3800;3850;4.81168030e-11
15218;11.500;3950;4000;4.80630028e-11
15219;10.500;4850;4900;4.80431976e-11
15220;0.100;3350;3400;4.74123810e-11
15221;10.200;4550;4600;4.72284673e-11
15222;0.000;950;1000;4.69063873e-11
15223;10.600;4850;4900;4.66702426e-11
15224;11.600;4950;5000;4.66513491e-11
15225;10.700;4600;4650;4.64967877e-11
15226;1.500;4400;4450;4.60847116e-11
15227;2.000;3700;3750;4.60667894e-11
15228;1.900;4150;4200;4.60634572e-11
15229;1.300;4200;4250;4.58552068e-11
15230;2.200;4500;4550;4.51598389e-11
15231;10.700;4450;4500;4.49714980e-11
15232;3.000;2900;2950;4.48515006e-11
15233;11.700;4400;4450;4.45961416e-11
15234;1.400;4250;4300;4.44856206e-11
15235;2.100;3700;3750;4.44386345e-11
15236;11.500;4000;4050;4.43734678e-11
15237;3.100;3550;3600;4.41785270e-11
15238;11.200;4800;4850;4.40225606e-11
15239;2.000;3050;3100;4.33417299e-11
15240;10.100;4900;4950;4.33299870e-11
15241;1.700;3850;3900;4.32275200e-11
15242;10.700;4700;4750;4.32193531e-11
15243;3.400;4700;4750;4.24549107e-11
15244;11.200;4250;4300;4.24318164e-11
15245;2.500;4000;4050;4.18549924e-11
15246;11.300;3800;3850;4.17199553e-11
15247;0.100;2300;2350;4.14988120e-11
15248;1.800;3750;3800;4.14365453e-11
15249;0.000;1050;1100;4.13627033e-11
15250;10.800;4450;4500;4.12401285e-11
15251;11.700;4950;5000;4.11239053e-11
15252;3.400;4600;4650;4.09864333e-11
15253;11.100;4150;4200;4.03029559e-11
15254;0.000;1000;1050;4.02269225e-11
15255;11.400;4100;4150;4.01824221e-11
15256;1.500;3750;3800;4.01039262e-11
15257;11.400;4000;4050;4.00397045e-11
15258;3.100;2900;2950;3.99379085e-11
15259;11.500;3900;3950;3.95923594e-11
15260;0.000;600;650;3.95710110e-11
15261;0.000;400;450;3.95570252e-11
15262;2.600;4050;4100;3.87491907e-11
15263;1.800;4150;4200;3.86667778e-11
15264;10.500;4950;5000;3.86146996e-11
15265;2.300;3100;3150;3.83977566e-11
15266;1.700;4750;4800;3.83494263e-11
15267;0.100;2500;2550;3.79673420e-11
15268;3.100;2600;2650;3.79575648e-11
15269;11.400;4150;4200;3.79222986e-11
15270;3.200;2900;2950;3.78419093e-11
15271;0.000;550;600;3.77442466e-11
15272;1.500;4700;4750;3.76890888e-11
15273;1.500;3800;3850;3.75883947e-11
15274;10.800;4800;4850;3.72351729e-11
15275;10.900;4500;4550;3.67530278e-11
15276;1.500;4600;4650;3.66891877e-11
15277;11.500;3800;3850;3.66505366e-11
15278;1.600;3350;3400;3.63243557e-11
15279;11.500;4250;4300;3.62147332e-11
15280;3.400;4200;4250;3.59927654e-11
15281;0.100;3400;3450;3.59657871e-11
15282;1.600;4850;4900;3.46161900e-11
15283;11.100;4800;4850;3.41565954e-11
15284;2.800;2950;3000;3.35870340e-11
15285;10.500;4750;4800;3.34988746e-11
15286;2.900;3400;3450;3.33182318e-11
15287;3.200;2600;2650;3.29290717e-11
15288;3.100;3250;3300;3.23240146e-11
15289;10.900;4600;4650;3.21409852e-11
15290;2.900;3500;3550;3.20269395e-11
15291;0.000;900;950;3.18269344e-11
15292;11.500;4100;4150;3.17358397e-11
15293;2.100;4500;4550;3.12358127e-11
15294;1.900;4300;4350;3.11528370e-11
15295;2.100;4950;5000;3.11108621e-11
15296;11.800;4450;4500;3.10994492e-11
15297;2.500;3100;3150;3.10985104e-11
15298;3.400;4750;4800;3.06284062e-11
15299;2.900;2950;3000;3.01831839e-11
15300;2.800;4050;4100;3.01594958e-11
15301;11.100;4650;4700;3.00159366e-11
15302;3.100;3450;3500;3.00031099e-11
15303;1.600;3750;3800;2.99907588e-11
15304;11.700;4900;4950;2.99461214e-11
15305;2.900;4050;4100;2.99120167e-11
15306;11.300;4250;4300;2.97724954e-11
15307;1.900;3700;3750;2.94387477e-11
15308;1.600;3300;3350;2.93311918e-11
15309;11.300;4650;4700;2.89385096e-11
15310;2.000;4350;4400;2.86419137e-11
15311;1.700;3350;3400;2.83639250e-11
15312;1.800;3350;3400;2.83631989e-11
15313;0.000;1100;1150;2.82369085e-11
15314;2.400;3100;3150;2.82049170e-11
15315;11.400;4250;4300;2.80653235e-11
15316;2.100;3050;3100;2.79908263e-11
15317;3.000;3500;3550;2.76364795e-11
15318;2.000;4950;5000;2.73247578e-11
15319;10.700;4750;4800;2.73098498e-11
15320;11.000;4800;4850;2.72513539e-11
15321;3.300;3250;3300;2.72090178e-11
15322;3.200;3550;3600;2.71400077e-11
15323;0.000;1200;1250;2.70270956e-11
15324;1.800;3300;3350;2.68259489e-11
15325;11.300;4800;4850;2.66336464e-11
15326;11.100;4700;4750;2.64514026e-11
15327;1.900;3300;3350;2.64102117e-11
15328;0.100;3450;3500;2.64034155e-11
15329;1.600;3800;3850;2.63807562e-11
15330;10.800;4600;4650;2.59127149e-11
15331;11.000;4750;4800;2.57990874e-11
15332;0.000;1150;1200;2.57819160e-11
15333;11.200;4850;4900;2.57099871e-11
15334;11.400;3900;3950;2.56516467e-11
15335;2.900;3000;3050;2.56187525e-11
15336;1.700;3900;3950;2.55936909e-11
15337;11.300;4050;4100;2.53840704e-11
15338;2.200;3700;3750;2.53575711e-11
15339;3.200;2950;3000;2.53207431e-11
15340;10.400;4550;4600;2.53063005e-11
15341;11.700;4450;4500;2.52661946e-11
15342;3.200;3100;3150;2.51529501e-11
15343;2.300;4650;4700;2.50420717e-11
15344;3.200;3300;3350;2.50103778e-11
15345;3.300;2900;2950;2.48832736e-11
15346;11.100;4500;4550;2.48727818e-11
15347;11.500;4800;4850;2.48388700e-11
15348;11.600;4450;4500;2.47357183e-11
15349;2.200;4950;5000;2.46821027e-11
15350;1.400;4200;4250;2.45168645e-11
15351;3.000;3450;3500;2.44712562e-11
15352;2.200;3050;3100;2.44144094e-11
15353;11.000;4650;4700;2.41619041e-11
15354;11.600;4550;4600;2.41118294e-11
15355;10.400;4900;4950;2.38956396e-11
15356;10.600;4950;5000;2.36666066e-11
15357;1.700;3750;3800;2.36642180e-11
15358;11.600;4900;4950;2.36049258e-11
15359;10.600;4550;4600;2.36010644e-11
15360;3.200;3450;3500;2.35690183e-11
15361;2.000;4450;4500;2.34284725e-11
15362;11.000;4500;4550;2.34280286e-11
15363;2.100;3950;4000;2.34027187e-11
15364;11.200;4500;4550;2.33051451e-11
15365;1.900;3800;3850;2.33022932e-11
15366;11.400;4050;4100;2.32236343e-11
15367;11.200;4700;4750;2.31428797e-11
15368;11.000;4550;4600;2.31036929e-11
15369;0.000;1300;1350;2.30149377e-11
15370;11.200;4450;4500;2.29483614e-11
15371;11.200;4600;4650;2.28591333e-11
15372;1.400;4550;4600;2.27193128e-11
15373;11.300;4750;4800;2.25518085e-11
15374;3.200;3250;3300;2.24605179e-11
15375;1.800;4100;4150;2.24151512e-11
15376;1.700;4400;4450;2.23850053e-11
15377;3.400;4550;4600;2.23678615e-11
15378;0.100;2450;2500;2.21874763e-11
15379;2.800;3000;3050;2.18992428e-11
15380;2.200;3950;4000;2.18738657e-11
15381;2.200;3300;3350;2.18073745e-11
15382;2.500;3050;3100;2.17686799e-11
15383;11.500;4050;4100;2.17367558e-11
15384;11.500;4150;4200;2.16504538e-11
15385;1.900;3750;3800;2.15270767e-11
15386;2.700;3300;3350;2.14764054e-11
15387;2.400;3300;3350;2.13643384e-11
15388;11.000;4450;4500;2.13076184e-11
15389;11.100;4450;4500;2.13075064e-11
15390;2.000;4300;4350;2.12200386e-11
15391;1.500;4550;4600;2.10630320e-11
15392;2.900;4000;4050;2.10439161e-11
15393;11.000;4850;4900;2.09901973e-11
15394;3.000;3400;3450;2.08808149e-11
15395;1.600;4400;4450;2.08678308e-11
15396;11.100;4850;4900;2.08197124e-11
15397;10.500;4600;4650;2.07549627e-11
15398;2.700;3000;3050;2.06932631e-11
15399;2.300;3050;3100;2.06807357e-11
15400;2.700;3100;3150;2.05902879e-11
15401;0.100;2350;2400;2.05708183e-11
15402;1.900;3350;3400;2.02733619e-11
15403;1.800;3900;3950;2.02206776e-11
15404;2.800;4650;4700;2.01996018e-11
15405;2.400;3950;4000;2.01448451e-11
15406;2.500;4100;4150;2.01418585e-11
15407;3.200;3750;3800;2.00710768e-11
15408;2.000;3300;3350;2.00086857e-11
15409;3.100;3750;3800;1.99986863e-11
15410;11.300;4500;4550;1.99743267e-11
15411;3.100;3400;3450;1.98979110e-11
15412;2.100;3300;3350;1.98431931e-11
15413;0.100;3500;3550;1.96769295e-11
15414;2.700;3800;3850;1.95540921e-11
15415;3.100;3000;3050;1.94977447e-11
15416;2.200;4100;4150;1.94817012e-11
15417;2.300;4500;4550;1.93410903e-11
15418;1.700;4600;4650;1.93383588e-11
15419;3.100;2950;3000;1.93344818e-11
15420;10.500;4550;4600;1.92873693e-11
15421;10.500;4900;4950;1.92210898e-11
15422;0.000;800;850;1.88699051e-11
15423;0.000;1250;1300;1.88188094e-11
15424;1.400;4850;4900;1.88126990e-11
15425;2.300;3300;3350;1.87691625e-11
15426;2.700;4050;4100;1.86862078e-11
15427;11.200;4750;4800;1.85879711e-11
15428;2.700;4200;4250;1.85707226e-11
15429;2.800;3050;3100;1.85124518e-11
15430;2.600;4000;4050;1.84996415e-11
15431;3.000;2950;3000;1.83511931e-11
15432;10.800;4750;4800;1.83507702e-11
15433;2.200;4150;4200;1.82692835e-11
15434;11.500;4850;4900;1.82514003e-11
15435;2.800;3300;3350;1.80843099e-11
15436;11.600;4500;4550;1.80657757e-11
15437;10.900;4700;4750;1.80320530e-11
15438;2.900;3950;4000;1.79668275e-11
15439;2.600;3750;3800;1.79609856e-11
15440;2.600;3100;3150;1.79164699e-11
15441;3.000;3000;3050;1.77190044e-11
15442;2.500;4150;4200;1.76042966e-11
15443;11.100;4950;5000;1.75357800e-11
15444;10.700;4950;5000;1.75176644e-11
15445;10.900;4750;4800;1.74830914e-11
15446;2.900;3050;3100;1.73589802e-11
15447;2.500;3950;4000;1.72642950e-11
15448;11.300;4950;5000;1.71847489e-11
15449;2.400;3350;3400;1.71800446e-11
15450;3.200;4100;4150;1.71015183e-11
15451;10.800;4950;5000;1.70012637e-11
15452;2.200;4650;4700;1.69667796e-11
15453;2.700;3050;3100;1.69230178e-11
15454;2.600;3300;3350;1.69093734e-11
15455;10.900;4800;4850;1.68971022e-11
15456;11.400;4650;4700;1.68660014e-11
15457;0.100;2400;2450;1.68033773e-11
15458;2.100;4200;4250;1.67931135e-11
15459;2.300;4450;4500;1.67741474e-11
15460;3.100;3100;3150;1.66378546e-11
15461;1.900;4100;4150;1.64353099e-11
15462;10.900;4450;4500;1.63411882e-11
15463;3.100;3300;3350;1.62791715e-11
15464;0.000;1850;1900;1.61643418e-11
15465;1.900;3850;3900;1.60852120e-11
15466;2.400;4650;4700;1.60728611e-11
15467;3.000;3100;3150;1.60482313e-11
15468;3.300;2950;3000;1.60288716e-11
15469;3.200;4500;4550;1.59121513e-11
15470;2.000;3950;4000;1.58564543e-11
15471;2.400;4100;4150;1.58010549e-11
15472;3.200;3500;3550;1.57106197e-11
15473;3.100;3050;3100;1.56949918e-11
15474;3.200;4050;4100;1.56911074e-11
15475;2.200;3750;3800;1.56377373e-11
15476;2.000;3850;3900;1.55619973e-11
15477;3.000;3700;3750;1.54931944e-11
15478;1.700;4850;4900;1.53014661e-11
15479;3.100;4400;4450;1.51323411e-11
15480;3.000;4100;4150;1.51233289e-11
15481;1.600;4600;4650;1.51032418e-11
15482;3.300;3100;3150;1.50725518e-11
15483;11.300;4700;4750;1.50637349e-11
15484;3.200;3000;3050;1.49955445e-11
15485;2.100;3900;3950;1.49669174e-11
15486;2.200;3800;3850;1.48675945e-11
15487;2.800;3100;3150;1.46808699e-11
15488;11.000;4950;5000;1.46021302e-11
15489;2.200;4400;4450;1.45916048e-11
15490;0.000;1350;1400;1.45712703e-11
15491;2.400;4800;4850;1.44725859e-11
15492;11.600;4650;4700;1.44561107e-11
15493;2.800;4600;4650;1.44540592e-11
15494;10.700;4550;4600;1.44496783e-11
15495;1.700;3800;3850;1.44149377e-11
15496;11.400;4600;4650;1.43761309e-11
15497;2.900;3900;3950;1.43654949e-11
15498;2.800;3750;3800;1.43145140e-11
15499;11.300;4600;4650;1.42946696e-11
15500;1.800;4200;4250;1.42793159e-11
15501;10.600;4900;4950;1.41622268e-11
15502;3.000;4050;4100;1.41316028e-11
15503;2.100;4100;4150;1.40477422e-11
15504;2.300;3700;3750;1.40341100e-11
15505;10.900;4950;5000;1.39599685e-11
15506;2.100;3350;3400;1.39463066e-11
15507;10.900;4550;4600;1.38527171e-11
15508;2.100;4600;4650;1.38334720e-11
15509;2.600;3700;3750;1.38170722e-11
15510;2.700;4600;4650;1.37826218e-11
15511;2.100;4900;4950;1.37780286e-11
15512;2.300;3850;3900;1.37575548e-11
15513;0.000;1500;1550;1.37169724e-11
15514;2.000;3750;3800;1.37148706e-11
15515;2.800;4800;4850;1.37145443e-11
15516;0.000;850;900;1.36951028e-11
15517;0.000;1950;2000;1.36756402e-11
15518;3.300;3450;3500;1.36588240e-11
15519;11.100;4550;4600;1.36389024e-11
15520;11.100;4600;4650;1.36321088e-11
15521;3.200;3700;3750;1.35541878e-11
15522;2.800;4000;4050;1.35533286e-11
15523;3.300;2600;2650;1.35337556e-11
15524;11.500;4650;4700;1.34952682e-11
15525;2.900;3700;3750;1.34847790e-11
15526;2.100;4350;4400;1.33767697e-11
15527;2.700;3850;3900;1.33745068e-11
15528;3.300;3550;3600;1.32481868e-11
15529;2.700;3750;3800;1.32415112e-11
15530;11.400;4550;4600;1.31699219e-11
15531;11.000;4700;4750;1.31581971e-11
15532;11.200;4950;5000;1.31412943e-11
15533;2.400;4500;4550;1.30432000e-11
15534;2.000;4150;4200;1.29279351e-11
15535;2.400;3700;3750;1.29099834e-11
15536;3.100;3850;3900;1.29095075e-11
15537;11.300;4450;4500;1.28055744e-11
15538;10.900;4850;4900;1.27417319e-11
15539;2.700;3900;3950;1.27272803e-11
15540;3.300;4250;4300;1.27252646e-11
15541;2.400;3050;3100;1.27190296e-11
15542;0.000;1600;1650;1.26756290e-11
15543;1.900;3900;3950;1.26750370e-11
15544;10.800;4850;4900;1.26395146e-11
15545;0.100;3550;3600;1.26257990e-11
15546;2.500;4800;4850;1.24821461e-11
15547;11.600;4600;4650;1.24582337e-11
15548;3.100;4000;4050;1.24413307e-11
15549;2.500;3800;3850;1.24313358e-11
15550;2.000;4200;4250;1.23551472e-11
15551;3.000;3800;3850;1.23472224e-11
15552;11.400;4700;4750;1.22982272e-11
15553;1.800;4400;4450;1.22220956e-11
15554;2.000;4100;4150;1.22149071e-11
15555;11.400;4450;4500;1.21790755e-11
15556;2.200;4350;4400;1.19905789e-11
15557;3.000;4200;4250;1.19774592e-11
15558;2.500;3900;3950;1.19413846e-11
15559;2.700;4100;4150;1.19331407e-11
15560;3.000;4150;4200;1.19012987e-11
15561;3.200;4950;5000;1.18856432e-11
15562;3.000;4500;4550;1.18618426e-11
15563;2.100;4800;4850;1.18525144e-11
15564;11.400;4750;4800;1.18450731e-11
15565;2.500;4500;4550;1.18402704e-11
15566;2.900;3100;3150;1.18367629e-11
15567;1.900;4550;4600;1.17980250e-11
15568;2.200;4900;4950;1.17945447e-11
15569;3.300;3400;3450;1.17823647e-11
15570;3.300;4050;4100;1.17795720e-11
15571;2.600;3800;3850;1.17782875e-11
15572;0.000;1900;1950;1.17681117e-11
15573;1.600;4700;4750;1.17461640e-11
15574;2.100;4300;4350;1.17381882e-11
15575;2.200;3350;3400;1.17094706e-11
15576;1.900;4800;4850;1.17004279e-11
15577;2.200;3900;3950;1.16360582e-11
15578;1.600;4550;4600;1.15951835e-11
15579;2.400;4750;4800;1.15687709e-11
15580;2.400;4300;4350;1.15286537e-11
15581;3.200;4850;4900;1.15093335e-11
15582;2.500;4400;4450;1.14638433e-11
15583;2.600;4650;4700;1.14277762e-11
15584;2.200;4450;4500;1.13247852e-11
15585;3.000;3300;3350;1.12906853e-11
15586;2.600;3050;3100;1.12772110e-11
15587;3.100;3500;3550;1.12148197e-11
15588;2.000;4600;4650;1.12037359e-11
15589;2.300;4150;4200;1.11299399e-11
15590;2.200;4250;4300;1.11138198e-11
15591;3.200;3350;3400;1.10812337e-11
15592;3.200;4200;4250;1.10292457e-11
15593;1.700;4700;4750;1.10139268e-11
15594;0.000;1550;1600;1.10087177e-11
15595;3.100;4250;4300;1.10009326e-11
15596;2.300;4850;4900;1.09885731e-11
15597;2.400;4850;4900;1.09625139e-11
15598;2.900;4650;4700;1.09486323e-11
15599;2.600;4600;4650;1.09408216e-11
15600;2.900;4100;4150;1.08849912e-11
15601;3.200;4150;4200;1.08651987e-11
15602;2.900;4150;4200;1.08523047e-11
15603;3.300;3000;3050;1.08438116e-11
15604;1.900;4700;4750;1.08306926e-11
15605;2.400;4150;4200;1.07986903e-11
15606;2.800;3800;3850;1.07871995e-11
15607;2.600;4300;4350;1.07750989e-11
15608;3.200;3400;3450;1.07577948e-11
15609;2.900;4950;5000;1.07541358e-11
15610;2.100;4150;4200;1.07263272e-11
15611;2.400;4350;4400;1.06482425e-11
15612;2.000;3350;3400;1.06215640e-11
15613;2.900;3300;3350;1.06004735e-11
15614;2.400;3900;3950;1.05374015e-11
15615;2.600;4500;4550;1.04774387e-11
15616;11.100;4900;4950;1.04414801e-11
15617;3.200;3900;3950;1.03782325e-11
15618;3.000;3950;4000;1.03698862e-11
15619;1.500;4850;4900;1.03374625e-11
15620;1.700;3300;3350;1.03149337e-11
15621;3.300;4950;5000;1.03126990e-11
15622;0.000;2500;2550;1.02855284e-11
15623;2.100;4850;4900;1.02753267e-11
15624;2.900;4700;4750;1.02676591e-11
15625;3.100;4700;4750;1.02495107e-11
15626;3.300;3750;3800;1.02491197e-11
15627;3.200;4450;4500;1.02301663e-11
15628;3.100;3900;3950;1.01971485e-11
15629;2.400;3850;3900;1.01970105e-11
15630;2.800;4350;4400;1.01804791e-11
15631;2.100;4550;4600;1.01687664e-11
15632;2.800;4200;4250;1.00875959e-11
15633;3.300;4550;4600;1.00815272e-11
15634;11.300;4900;4950;1.00642120e-11
15635;2.800;3900;3950;1.00411797e-11
15636;0.000;1650;1700;1.00395617e-11
15637;3.000;3050;3100;1.00267954e-11
15638;3.300;4700;4750;1.00219038e-11
15639;2.200;4300;4350;9.97543697e-12
15640;3.200;4600;4650;9.96702912e-12
15641;2.500;4700;4750;9.91671396e-12
15642;3.200;4000;4050;9.90719375e-12
15643;2.400;4250;4300;9.89247016e-12
15644;2.900;3750;3800;9.87638202e-12
15645;2.300;4350;4400;9.84993462e-12
15646;2.000;4900;4950;9.83025906e-12
15647;2.600;3900;3950;9.80174042e-12
15648;2.100;4450;4500;9.75625665e-12
15649;10.900;4900;4950;9.73454405e-12
15650;2.800;4750;4800;9.70824984e-12
15651;2.500;4300;4350;9.70152761e-12
15652;3.200;3050;3100;9.69543879e-12
15653;3.100;4150;4200;9.66664842e-12
15654;11.300;4850;4900;9.63439577e-12
15655;2.000;3800;3850;9.63110570e-12
15656;3.200;4700;4750;9.61465527e-12
15657;2.100;3750;3800;9.57129883e-12
15658;11.200;4550;4600;9.55998893e-12
15659;3.000;4450;4500;9.54991783e-12
15660;2.500;3850;3900;9.54386852e-12
15661;2.600;4350;4400;9.50162955e-12
15662;2.300;4100;4150;9.49906111e-12
15663;2.700;4700;4750;9.49673029e-12
15664;2.600;4150;4200;9.45328615e-12
15665;2.700;4150;4200;9.43573772e-12
15666;11.500;4450;4500;9.39271765e-12
15667;1.900;4750;4800;9.31188762e-12
15668;3.100;4200;4250;9.30240499e-12
15669;3.300;4300;4350;9.23071153e-12
15670;3.100;4650;4700;9.22690004e-12
15671;2.900;4500;4550;9.15653075e-12
15672;2.500;3700;3750;9.11798200e-12
15673;2.200;4550;4600;9.09293509e-12
15674;2.500;4900;4950;9.06929408e-12
15675;11.500;4950;5000;9.06527234e-12
15676;2.600;3350;3400;9.04453702e-12
15677;10.700;4900;4950;9.03026718e-12
15678;2.900;4200;4250;9.00556077e-12
15679;3.000;4900;4950;8.97885557e-12
15680;1.900;4200;4250;8.91328724e-12
15681;2.400;4700;4750;8.88507518e-12
15682;3.100;3350;3400;8.87638127e-12
15683;2.500;4600;4650;8.85412292e-12
15684;3.300;4350;4400;8.80670931e-12
15685;2.900;3350;3400;8.80011453e-12
15686;2.800;3350;3400;8.78544810e-12
15687;3.100;4550;4600;8.77577169e-12
15688;2.100;4750;4800;8.75536221e-12
15689;3.300;3900;3950;8.73283701e-12
15690;2.500;4950;5000;8.72275270e-12
15691;2.800;4850;4900;8.68568258e-12
15692;2.600;3950;4000;8.67939979e-12
15693;2.800;4700;4750;8.62656431e-12
15694;2.300;4400;4450;8.53379907e-12
15695;3.000;4000;4050;8.53080458e-12
15696;2.000;4250;4300;8.52554320e-12
15697;2.700;4650;4700;8.50698305e-12
15698;2.600;4200;4250;8.49540310e-12
15699;0.000;2050;2100;8.47591243e-12
15700;2.400;3800;3850;8.45303222e-12
15701;11.500;4700;4750;8.42775848e-12
15702;11.300;4550;4600;8.40174122e-12
15703;2.000;4750;4800;8.39828269e-12
15704;2.300;3350;3400;8.39804417e-12
15705;3.000;4250;4300;8.37713854e-12
15706;0.000;2000;2050;8.33465606e-12
15707;2.300;4300;4350;8.32981385e-12
15708;2.900;3850;3900;8.32770244e-12
15709;2.600;4750;4800;8.30394076e-12
15710;2.200;4200;4250;8.29610214e-12
15711;2.900;4750;4800;8.26855475e-12
15712;2.700;4350;4400;8.23963011e-12
15713;2.400;3750;3800;8.23648680e-12
15714;3.100;3700;3750;8.20492330e-12
15715;2.700;4000;4050;8.19617603e-12
15716;2.300;4600;4650;8.14798317e-12
15717;11.500;4900;4950;8.14628140e-12
15718;3.100;4500;4550;8.13154248e-12
15719;2.800;3700;3750;8.12942061e-12
15720;1.800;4600;4650;8.12478880e-12
15721;2.000;4700;4750;8.11557423e-12
15722;3.300;3300;3350;8.10656936e-12
15723;1.700;4550;4600;8.10546098e-12
15724;2.300;3950;4000;8.10206876e-12
15725;2.700;4400;4450;8.08729582e-12
15726;2.400;4450;4500;8.07390076e-12
15727;2.700;4550;4600;8.07243820e-12
15728;2.100;3850;3900;8.03804881e-12
15729;2.800;3950;4000;7.95286096e-12
15730;11.000;4600;4650;7.95039561e-12
15731;11.400;4900;4950;7.92768841e-12
15732;2.600;4950;5000;7.89871702e-12
15733;3.100;3800;3850;7.88543648e-12
15734;2.800;4550;4600;7.88399577e-12
15735;2.700;3700;3750;7.83680138e-12
15736;3.100;4750;4800;7.83624873e-12
15737;10.800;4550;4600;7.83432210e-12
15738;3.200;4550;4600;7.82164703e-12
15739;2.000;3900;3950;7.80410583e-12
15740;2.300;4550;4600;7.79273223e-12
15741;2.400;4400;4450;7.75500943e-12
15742;1.800;4700;4750;7.75055220e-12
15743;3.000;3350;3400;7.66202087e-12
15744;3.300;3850;3900;7.66026259e-12
15745;2.400;4600;4650;7.60068136e-12
15746;1.800;4250;4300;7.59687073e-12
15747;2.200;4750;4800;7.58779136e-12
15748;2.200;4850;4900;7.54763840e-12
15749;2.400;4950;5000;7.53101662e-12
15750;2.500;3300;3350;7.50105518e-12
15751;2.500;4350;4400;7.49514078e-12
15752;2.600;4450;4500;7.48450025e-12
15753;3.300;4400;4450;7.48170708e-12
15754;2.400;4900;4950;7.40965656e-12
15755;3.000;4850;4900;7.37382629e-12
15756;11.400;4850;4900;7.34260100e-12
15757;0.100;3600;3650;7.31011017e-12
15758;2.700;4300;4350;7.30871833e-12
15759;11.000;4900;4950;7.30304413e-12
15760;2.700;3350;3400;7.30251129e-12
15761;2.300;4250;4300;7.29728945e-12
15762;2.900;4300;4350;7.29248780e-12
15763;3.000;4950;5000;7.29154825e-12
15764;2.000;4800;4850;7.28866710e-12
15765;3.200;4800;4850;7.27142756e-12
15766;1.900;4400;4450;7.27058264e-12
15767;0.000;2200;2250;7.25726423e-12
15768;2.600;3850;3900;7.24903530e-12
15769;3.300;3950;4000;7.24593717e-12
15770;3.100;4050;4100;7.24196904e-12
15771;11.100;4750;4800;7.23984226e-12
15772;3.300;4750;4800;7.22950763e-12
15773;3.000;3750;3800;7.22686390e-12
15774;2.700;4450;4500;7.19138707e-12
15775;11.400;4500;4550;7.17212494e-12
15776;2.900;4400;4450;7.17167531e-12
15777;1.900;4600;4650;7.16946496e-12
15778;3.000;4700;4750;7.15064572e-12
15779;2.400;4200;4250;7.13421402e-12
15780;3.300;4600;4650;7.09465534e-12
15781;2.200;3850;3900;7.08718417e-12
15782;0.000;2250;2300;7.07249106e-12
15783;1.600;4250;4300;7.05405485e-12
15784;3.300;4200;4250;7.03997816e-12
15785;3.200;3950;4000;7.03012696e-12
15786;3.100;4300;4350;7.00944509e-12
15787;2.800;4100;4150;6.99594844e-12
15788;2.900;3800;3850;6.98895196e-12
15789;2.900;4250;4300;6.98798736e-12
15790;3.000;4300;4350;6.96955987e-12
15791;0.000;2300;2350;6.92618910e-12
15792;2.900;4450;4500;6.89132248e-12
15793;2.600;4700;4750;6.89062136e-12
15794;1.800;3850;3900;6.88572444e-12
15795;2.700;4900;4950;6.85587999e-12
15796;11.400;4950;5000;6.84057305e-12
15797;1.800;4800;4850;6.79630172e-12
15798;3.100;4100;4150;6.78037254e-12
15799;3.300;4450;4500;6.75580496e-12
15800;3.300;3050;3100;6.71027836e-12
15801;2.200;4600;4650;6.70461568e-12
15802;2.700;4750;4800;6.66804770e-12
15803;2.700;4950;5000;6.65752701e-12
15804;2.900;4800;4850;6.65547983e-12
15805;11.400;4800;4850;6.62748070e-12
15806;0.000;1400;1450;6.62288905e-12
15807;1.500;4200;4250;6.61779943e-12
15808;2.800;4450;4500;6.60936631e-12
15809;2.500;4200;4250;6.56476960e-12
15810;2.600;4900;4950;6.53732762e-12
15811;3.100;4450;4500;6.52378001e-12
15812;2.900;4550;4600;6.49991267e-12
15813;3.300;3500;3550;6.48796757e-12
15814;3.000;4800;4850;6.47333849e-12
15815;0.000;2450;2500;6.46593985e-12
15816;0.000;2150;2200;6.42518145e-12
15817;0.000;2650;2700;6.39980837e-12
15818;2.500;3350;3400;6.39447879e-12
15819;3.200;4400;4450;6.39115469e-12
15820;3.000;3900;3950;6.36020596e-12
15821;1.700;4200;4250;6.35567003e-12
15822;3.300;4650;4700;6.30773758e-12
15823;0.000;1700;1750;6.28839942e-12
15824;2.700;4250;4300;6.23784159e-12
15825;3.000;4600;4650;6.22577034e-12
15826;2.900;4900;4950;6.21645741e-12
15827;3.100;4800;4850;6.19815954e-12
15828;2.700;4800;4850;6.12577379e-12
15829;3.300;4850;4900;6.11597055e-12
15830;2.000;4400;4450;6.06640156e-12
15831;0.000;1750;1800;6.01945551e-12
15832;3.000;4750;4800;5.99902554e-12
15833;2.700;3950;4000;5.98068031e-12
15834;0.000;1800;1850;5.91092363e-12
15835;0.000;2350;2400;5.90414903e-12
15836;11.500;4500;4550;5.90001436e-12
15837;2.600;4100;4150;5.89938128e-12
15838;3.300;4800;4850;5.88949230e-12
15839;2.500;4750;4800;5.87789758e-12
15840;2.800;4500;4550;5.87535376e-12
15841;1.800;4850;4900;5.78781129e-12
15842;2.400;4550;4600;5.78556375e-12
15843;3.200;4650;4700;5.77116289e-12
15844;0.000;1450;1500;5.74752911e-12
15845;2.300;3800;3850;5.73790940e-12
15846;0.000;2850;2900;5.69641358e-12
15847;2.500;3750;3800;5.68288220e-12
15848;2.000;4550;4600;5.67088160e-12
15849;2.300;3750;3800;5.61616939e-12
15850;3.000;3850;3900;5.58798288e-12
15851;1.900;4850;4900;5.58288193e-12
15852;2.300;4900;4950;5.58282253e-12
15853;3.000;4350;4400;5.57522070e-12
15854;0.000;2750;2800;5.55782098e-12
15855;10.800;4900;4950;5.50425044e-12
15856;1.600;4200;4250;5.49549526e-12
15857;2.800;4300;4350;5.48784579e-12
15858;2.600;4850;4900;5.46764386e-12
15859;3.300;4150;4200;5.42114862e-12
15860;3.000;4550;4600;5.38320035e-12
15861;2.500;4450;4500;5.37816372e-12
15862;3.100;4350;4400;5.33886961e-12
15863;2.500;4550;4600;5.32719144e-12
15864;3.300;3800;3850;5.26811921e-12
15865;2.100;3800;3850;5.22933185e-12
15866;3.200;4350;4400;5.21077127e-12
15867;1.700;4250;4300;5.18846325e-12
15868;2.100;4250;4300;5.18411720e-12
15869;2.100;4400;4450;5.06036652e-12
15870;1.800;4750;4800;5.03015603e-12
15871;1.800;3800;3850;5.01113961e-12
15872;2.600;4800;4850;4.99867373e-12
15873;2.300;3900;3950;4.97270659e-12
15874;3.200;3850;3900;4.96975489e-12
15875;2.500;4850;4900;4.96415445e-12
15876;2.900;4350;4400;4.96011442e-12
15877;3.100;4950;5000;4.92756345e-12
15878;2.200;4700;4750;4.88059659e-12
15879;2.700;4500;4550;4.84881390e-12
15880;0.000;2550;2600;4.80452393e-12
15881;2.800;4400;4450;4.80406527e-12
15882;3.200;4750;4800;4.72574291e-12
15883;2.600;4550;4600;4.71601189e-12
15884;3.000;4400;4450;4.70672595e-12
15885;3.100;4850;4900;4.69986909e-12
15886;11.500;4750;4800;4.69493030e-12
15887;2.800;3850;3900;4.68519230e-12
15888;1.500;4250;4300;4.66708049e-12
15889;0.000;2800;2850;4.60659315e-12
15890;3.300;4100;4150;4.59980737e-12
15891;3.100;4600;4650;4.55710072e-12
15892;3.100;3950;4000;4.53526395e-12
15893;3.300;4000;4050;4.53420358e-12
15894;1.900;4250;4300;4.51918053e-12
15895;2.300;4700;4750;4.50696923e-12
15896;3.300;4500;4550;4.50183214e-12
15897;2.900;4600;4650;4.49712828e-12
15898;3.200;3800;3850;4.49056858e-12
15899;0.000;2100;2150;4.47233082e-12
15900;11.200;4900;4950;4.45918735e-12
15901;2.800;4950;5000;4.43823424e-12
15902;0.100;3650;3700;4.36125945e-12
15903;3.300;3350;3400;4.30811522e-12
15904;3.300;4900;4950;4.29858338e-12
15905;2.000;4850;4900;4.29704257e-12
15906;2.300;4200;4250;4.23728389e-12
15907;2.700;4850;4900;4.17775733e-12
15908;2.300;4750;4800;4.15913774e-12
15909;2.600;4250;4300;4.14030822e-12
15910;2.500;4650;4700;4.10471388e-12
15911;0.000;3650;3700;4.04097000e-12
15912;2.300;4800;4850;4.03522934e-12
15913;0.000;4100;4150;3.99309339e-12
15914;3.100;4900;4950;3.82812977e-12
15915;0.000;2700;2750;3.78830971e-12
15916;2.800;4150;4200;3.75195743e-12
15917;2.600;4400;4450;3.75140785e-12
15918;0.000;3550;3600;3.74061603e-12
15919;3.300;3700;3750;3.72956174e-12
15920;11.500;4600;4650;3.68914912e-12
15921;2.300;4950;5000;3.63882481e-12
15922;2.800;4250;4300;3.58986567e-12
15923;3.200;4300;4350;3.54600625e-12
15924;0.000;3700;3750;3.52164030e-12
15925;3.000;4650;4700;3.51302685e-12
15926;0.100;4450;4500;3.47210609e-12
15927;0.100;4400;4450;3.42957793e-12
15928;0.000;3450;3500;3.39259886e-12
15929;3.200;4250;4300;3.37345725e-12
15930;1.800;4550;4600;3.34961546e-12
15931;11.500;4550;4600;3.34636650e-12
15932;0.100;4500;4550;3.33876774e-12
15933;3.200;4900;4950;3.30125974e-12
15934;2.500;4250;4300;3.28514972e-12
15935;0.000;3500;3550;3.26072356e-12
15936;0.100;4550;4600;3.23807492e-12
15937;0.100;4600;4650;3.23268372e-12
15938;0.100;4350;4400;3.19733327e-12
15939;0.100;4650;4700;3.19065504e-12
15940;0.000;3950;4000;3.18982717e-12
15941;0.000;4000;4050;3.08991657e-12
15942;0.100;4700;4750;3.05413062e-12
15943;0.000;2900;2950;2.91027273e-12
15944;0.000;2600;2650;2.89897766e-12
15945;0.100;4750;4800;2.87390207e-12
15946;0.000;3850;3900;2.84109364e-12
15947;2.800;4900;4950;2.83139754e-12
15948;0.100;4300;4350;2.81477884e-12
15949;0.000;4550;4600;2.77687369e-12
15950;2.200;4800;4850;2.75406544e-12
15951;0.000;4500;4550;2.74893204e-12
15952;0.000;4250;4300;2.72949259e-12
15953;0.000;3750;3800;2.71456420e-12
15954;0.000;3800;3850;2.63902339e-12
15955;0.100;4800;4850;2.62879898e-12
15956;0.000;4350;4400;2.60482373e-12
15957;0.000;3050;3100;2.60466706e-12
15958;0.000;4650;4700;2.59491393e-12
15959;0.000;3150;3200;2.53143528e-12
15960;2.100;4700;4750;2.49825589e-12
15961;0.100;4250;4300;2.46766480e-12
15962;0.100;4850;4900;2.44060892e-12
15963;0.000;3200;3250;2.41218425e-12
15964;0.000;3400;3450;2.34390710e-12
15965;0.100;4200;4250;2.30879270e-12
15966;0.100;4900;4950;2.30515475e-12
15967;0.000;4200;4250;2.26451483e-12
15968;0.000;3000;3050;2.19108043e-12
15969;0.100;4950;5000;2.15603984e-12
15970;0.100;4150;4200;2.15483862e-12
15971;0.000;4600;4650;2.13027812e-12
15972;0.000;3250;3300;2.10363565e-12
15973;0.000;4050;4100;2.09491892e-12
15974;0.000;2950;3000;2.08991094e-12
15975;0.000;2400;2450;2.05288270e-12
15976;0.100;3700;3750;1.96920044e-12
15977;0.000;4300;4350;1.94549138e-12
15978;0.100;4100;4150;1.90953615e-12
15979;0.000;4150;4200;1.90269225e-12
15980;0.000;3100;3150;1.86723808e-12
15981;2.900;4850;4900;1.83726579e-12
15982;0.000;4450;4500;1.62758109e-12
15983;0.000;3350;3400;1.60603319e-12
15984;0.100;4050;4100;1.59218288e-12
15985;0.000;3300;3350;1.38544303e-12
15986;0.000;4400;4450;1.31364909e-12
15987;0.000;3600;3650;1.26764527e-12
15988;0.000;4750;4800;1.13614169e-12
15989;0.000;3900;3950;1.10846706e-12
15990;0.100;4000;4050;1.09627037e-12
15991;0.000;4900;4950;1.07122655e-12
15992;0.000;4700;4750;1.06819231e-12
15993;0.000;4800;4850;8.10206775e-13
15994;0.000;4850;4900;7.60607478e-13
15995;0.000;4950;5000;6.50484383e-13
15996;0.100;3950;4000;5.96406009e-13
15997;0.100;3750;3800;5.92312097e-13
15998;0.100;3900;3950;3.29244518e-13
15999;0.100;3800;3850;1.35719462e-13
16000;0.100;3850;3900;1.19963693e-13
